sentence_id,category,reference,perturbation,severity,candidate,note
0,cs.CL,"We evaluate coding agent under a safety constraint, where each task pairs a manipulation goal with an obstacle the robot must not touch.",identical,0,"We evaluate coding agent under a safety constraint, where each task pairs a manipulation goal with an obstacle the robot must not touch.",unchanged
0,cs.CL,"We evaluate coding agent under a safety constraint, where each task pairs a manipulation goal with an obstacle the robot must not touch.",synonym,1,"We evaluate code agent under a safety constraint, where each task pairs a manipulation goal with an obstacle the robot must not touch.",coding -> code
0,cs.CL,"We evaluate coding agent under a safety constraint, where each task pairs a manipulation goal with an obstacle the robot must not touch.",scramble,2,"each agent task an with the evaluate robot under a safety pairs coding not a We where goal constraint, manipulation obstacle must",word order shuffled
0,cs.CL,"We evaluate coding agent under a safety constraint, where each task pairs a manipulation goal with an obstacle the robot must not touch.",negation,5,"It is not the case that we evaluate coding agent under a safety constraint, where each task pairs a manipulation goal with an obstacle the robot must not touch.",prepended denial
1,cs.CL,"The agent pursues the goal but collides with the obstacle in most cases, treating task completion as its sole objective while neglecting safety.",identical,0,"The agent pursues the goal but collides with the obstacle in most cases, treating task completion as its sole objective while neglecting safety.",unchanged
1,cs.CL,"The agent pursues the goal but collides with the obstacle in most cases, treating task completion as its sole objective while neglecting safety.",synonym,1,"The agent pursues the goal but collides with the obstacle in most cases, treating task completion as its sole objective while neglect safety.",neglecting -> neglect
1,cs.CL,"The agent pursues the goal but collides with the obstacle in most cases, treating task completion as its sole objective while neglecting safety.",scramble,2,"task the The pursues treating most as collides sole completion but obstacle the its goal cases, while objective with agent in neglecting",word order shuffled
1,cs.CL,"The agent pursues the goal but collides with the obstacle in most cases, treating task completion as its sole objective while neglecting safety.",antonym,4,"The agent pursues the goal but collides with the obstacle in fewest cases, treating task completion as its sole objective while neglecting safety.",most -> fewest
1,cs.CL,"The agent pursues the goal but collides with the obstacle in most cases, treating task completion as its sole objective while neglecting safety.",negation,5,"It is not the case that the agent pursues the goal but collides with the obstacle in most cases, treating task completion as its sole objective while neglecting safety.",prepended denial
2,cs.CL,"By decomposing manipulation into a route phase and a contact-rich moment, we locate the source of the failure.",identical,0,"By decomposing manipulation into a route phase and a contact-rich moment, we locate the source of the failure.",unchanged
2,cs.CL,"By decomposing manipulation into a route phase and a contact-rich moment, we locate the source of the failure.",synonym,1,"By decomposing manipulation into a route stage and a contact-rich moment, we locate the source of the failure.",phase -> stage
2,cs.CL,"By decomposing manipulation into a route phase and a contact-rich moment, we locate the source of the failure.",scramble,2,"contact-rich of phase By we the and manipulation into source locate a moment, decomposing the route a",word order shuffled
2,cs.CL,"By decomposing manipulation into a route phase and a contact-rich moment, we locate the source of the failure.",negation,5,"It is not the case that by decomposing manipulation into a route phase and a contact-rich moment, we locate the source of the failure.",prepended denial
3,cs.CL,"Along the route, the model cannot prioritize the safety constraint, having no notion of a clearing route and none of replanning once a chosen route becomes infeasible.",identical,0,"Along the route, the model cannot prioritize the safety constraint, having no notion of a clearing route and none of replanning once a chosen route becomes infeasible.",unchanged
3,cs.CL,"Along the route, the model cannot prioritize the safety constraint, having no notion of a clearing route and none of replanning once a chosen route becomes infeasible.",synonym,1,"Along the route, the model cannot prioritize the safety constraint, having no notion of a clearing route and none of replanning once a chosen path becomes infeasible.",route -> path
3,cs.CL,"Along the route, the model cannot prioritize the safety constraint, having no notion of a clearing route and none of replanning once a chosen route becomes infeasible.",scramble,2,"no and chosen constraint, prioritize notion cannot clearing a of of route model the safety becomes having once a route the replanning route, Along the none",word order shuffled
3,cs.CL,"Along the route, the model cannot prioritize the safety constraint, having no notion of a clearing route and none of replanning once a chosen route becomes infeasible.",antonym,4,"Along the route, the model cannot prioritize the safety constraint, lack no notion of a clearing route and none of replanning once a chosen route becomes infeasible.",having -> lack
3,cs.CL,"Along the route, the model cannot prioritize the safety constraint, having no notion of a clearing route and none of replanning once a chosen route becomes infeasible.",negation,5,"It is not the case that along the route, the model cannot prioritize the safety constraint, having no notion of a clearing route and none of replanning once a chosen route becomes infeasible.",prepended denial
4,cs.CL,"At the contact, it is unaware that contact execution is bounded by the same constraint.",identical,0,"At the contact, it is unaware that contact execution is bounded by the same constraint.",unchanged
4,cs.CL,"At the contact, it is unaware that contact execution is bounded by the same constraint.",synonym,1,"At the contact, it is unaware that contact execution be bounded by the same constraint.",is -> be
4,cs.CL,"At the contact, it is unaware that contact execution is bounded by the same constraint.",scramble,2,"is same execution unaware bounded is the At the it by contact that contact,",word order shuffled
4,cs.CL,"At the contact, it is unaware that contact execution is bounded by the same constraint.",antonym,4,"At the contact, it is unaware that contact execution differ bounded by the same constraint.",is -> differ
4,cs.CL,"At the contact, it is unaware that contact execution is bounded by the same constraint.",negation,5,"At the contact, it is not unaware that contact execution is bounded by the same constraint.",inserted 'not' after 'is'
5,cs.CL,"To close this gap, we present SafeHarness, which equips the model with two obstacle-aware harnesses that enable it to prioritize the safety constraint.",identical,0,"To close this gap, we present SafeHarness, which equips the model with two obstacle-aware harnesses that enable it to prioritize the safety constraint.",unchanged
5,cs.CL,"To close this gap, we present SafeHarness, which equips the model with two obstacle-aware harnesses that enable it to prioritize the safety constraint.",synonym,1,"To close this gap, we present SafeHarness, which equips the model with two obstacle-aware harness that enable it to prioritize the safety constraint.",harnesses -> harness
5,cs.CL,"To close this gap, we present SafeHarness, which equips the model with two obstacle-aware harnesses that enable it to prioritize the safety constraint.",scramble,2,"two the close which To prioritize safety harnesses this that we gap, present with it SafeHarness, equips model enable the to obstacle-aware",word order shuffled
5,cs.CL,"To close this gap, we present SafeHarness, which equips the model with two obstacle-aware harnesses that enable it to prioritize the safety constraint.",antonym,4,"To open this gap, we present SafeHarness, which equips the model with two obstacle-aware harnesses that enable it to prioritize the safety constraint.",close -> open
5,cs.CL,"To close this gap, we present SafeHarness, which equips the model with two obstacle-aware harnesses that enable it to prioritize the safety constraint.",negation,5,"It is not the case that to close this gap, we present SafeHarness, which equips the model with two obstacle-aware harnesses that enable it to prioritize the safety constraint.",prepended denial
6,cs.CL,Obstacle-aware route planning grounds the objects as bounding boxes and draws candidate routes over them as sequences of waypoints.,identical,0,Obstacle-aware route planning grounds the objects as bounding boxes and draws candidate routes over them as sequences of waypoints.,unchanged
6,cs.CL,Obstacle-aware route planning grounds the objects as bounding boxes and draws candidate routes over them as sequences of waypoints.,synonym,1,Obstacle-aware route planning grounds the objects as bounding boxes and draws candidate path over them as sequences of waypoints.,routes -> path
6,cs.CL,Obstacle-aware route planning grounds the objects as bounding boxes and draws candidate routes over them as sequences of waypoints.,scramble,2,over them of bounding grounds and sequences routes as objects candidate Obstacle-aware the as draws planning route boxes,word order shuffled
6,cs.CL,Obstacle-aware route planning grounds the objects as bounding boxes and draws candidate routes over them as sequences of waypoints.,negation,5,It is not the case that obstacle-aware route planning grounds the objects as bounding boxes and draws candidate routes over them as sequences of waypoints.,prepended denial
7,cs.CL,"The agent then plans a route in advance, verifies it, replans when necessary, and only then executes it.",identical,0,"The agent then plans a route in advance, verifies it, replans when necessary, and only then executes it.",unchanged
7,cs.CL,"The agent then plans a route in advance, verifies it, replans when necessary, and only then executes it.",synonym,1,"The agent then plans a route in advance, verifies it, replans when necessary, and only so executes it.",then -> so
7,cs.CL,"The agent then plans a route in advance, verifies it, replans when necessary, and only then executes it.",scramble,2,"only then replans a then it, and executes plans advance, The in agent when necessary, route verifies",word order shuffled
7,cs.CL,"The agent then plans a route in advance, verifies it, replans when necessary, and only then executes it.",negation,5,"It is not the case that the agent then plans a route in advance, verifies it, replans when necessary, and only then executes it.",prepended denial
8,cs.CL,Obstacle-aware contact execution instead selects the contact position so that the contact itself avoids the obstacle.,identical,0,Obstacle-aware contact execution instead selects the contact position so that the contact itself avoids the obstacle.,unchanged
8,cs.CL,Obstacle-aware contact execution instead selects the contact position so that the contact itself avoids the obstacle.,synonym,1,Obstacle-aware contact execution instead selects the contact position so that the contact itself avoid the obstacle.,avoids -> avoid
8,cs.CL,Obstacle-aware contact execution instead selects the contact position so that the contact itself avoids the obstacle.,scramble,2,contact position that selects execution contact the contact the instead the avoids itself so Obstacle-aware,word order shuffled
8,cs.CL,Obstacle-aware contact execution instead selects the contact position so that the contact itself avoids the obstacle.,antonym,4,Obstacle-aware contact execution instead selects the contact position so that the contact itself confront the obstacle.,avoids -> confront
8,cs.CL,Obstacle-aware contact execution instead selects the contact position so that the contact itself avoids the obstacle.,negation,5,It is not the case that obstacle-aware contact execution instead selects the contact position so that the contact itself avoids the obstacle.,prepended denial
9,cs.CL,"SafeHarness attains 71.9% task success and 87.5% collision avoidance, surpassing the previous SOTA by 6.5% and 27.0%, respectively.",identical,0,"SafeHarness attains 71.9% task success and 87.5% collision avoidance, surpassing the previous SOTA by 6.5% and 27.0%, respectively.",unchanged
9,cs.CL,"SafeHarness attains 71.9% task success and 87.5% collision avoidance, surpassing the previous SOTA by 6.5% and 27.0%, respectively.",synonym,1,"SafeHarness achieve 71.9% task success and 87.5% collision avoidance, surpassing the previous SOTA by 6.5% and 27.0%, respectively.",attains -> achieve
9,cs.CL,"SafeHarness attains 71.9% task success and 87.5% collision avoidance, surpassing the previous SOTA by 6.5% and 27.0%, respectively.",scramble,2,"collision 27.0%, 6.5% SafeHarness SOTA 87.5% previous success task attains and and by the avoidance, surpassing 71.9%",word order shuffled
9,cs.CL,"SafeHarness attains 71.9% task success and 87.5% collision avoidance, surpassing the previous SOTA by 6.5% and 27.0%, respectively.",number_swap,3,"SafeHarness attains 96.9% task success and 87.5% collision avoidance, surpassing the previous SOTA by 6.5% and 27.0%, respectively.",71.9% -> 96.9%
9,cs.CL,"SafeHarness attains 71.9% task success and 87.5% collision avoidance, surpassing the previous SOTA by 6.5% and 27.0%, respectively.",negation,5,"It is not the case that safeHarness attains 71.9% task success and 87.5% collision avoidance, surpassing the previous SOTA by 6.5% and 27.0%, respectively.",prepended denial
10,cs.CL,"We study whether those embeddings reflect physical measurements of mass, distance, time and volume, which admit a unique, objective notion of semantic equivalence and distance.",identical,0,"We study whether those embeddings reflect physical measurements of mass, distance, time and volume, which admit a unique, objective notion of semantic equivalence and distance.",unchanged
10,cs.CL,"We study whether those embeddings reflect physical measurements of mass, distance, time and volume, which admit a unique, objective notion of semantic equivalence and distance.",synonym,1,"We study whether those embeddings reflect physical measurements of mass, distance, time and volume, which admit a unique, objective impression of semantic equivalence and distance.",notion -> impression
10,cs.CL,"We study whether those embeddings reflect physical measurements of mass, distance, time and volume, which admit a unique, objective notion of semantic equivalence and distance.",scramble,2,"mass, physical volume, and We objective whether and distance, those semantic time study unique, embeddings notion equivalence a of measurements of which admit reflect",word order shuffled
10,cs.CL,"We study whether those embeddings reflect physical measurements of mass, distance, time and volume, which admit a unique, objective notion of semantic equivalence and distance.",antonym,4,"We study whether those embeddings reflect physical measurements of mass, distance, time and volume, which deny a unique, objective notion of semantic equivalence and distance.",admit -> deny
10,cs.CL,"We study whether those embeddings reflect physical measurements of mass, distance, time and volume, which admit a unique, objective notion of semantic equivalence and distance.",negation,5,"It is not the case that we study whether those embeddings reflect physical measurements of mass, distance, time and volume, which admit a unique, objective notion of semantic equivalence and distance.",prepended denial
11,cs.CL,"We find that physical measurement is only weakly modeled in the embedding space, and that instead quite peculiar measurement patterns can be observed.",identical,0,"We find that physical measurement is only weakly modeled in the embedding space, and that instead quite peculiar measurement patterns can be observed.",unchanged
11,cs.CL,"We find that physical measurement is only weakly modeled in the embedding space, and that instead quite peculiar measurement patterns can be observed.",synonym,1,"We happen that physical measurement is only weakly modeled in the embedding space, and that instead quite peculiar measurement patterns can be observed.",find -> happen
11,cs.CL,"We find that physical measurement is only weakly modeled in the embedding space, and that instead quite peculiar measurement patterns can be observed.",scramble,2,"measurement and that embedding can We peculiar in instead be only quite patterns weakly physical the space, modeled find is that measurement",word order shuffled
11,cs.CL,"We find that physical measurement is only weakly modeled in the embedding space, and that instead quite peculiar measurement patterns can be observed.",antonym,4,"We find that physical measurement differ only weakly modeled in the embedding space, and that instead quite peculiar measurement patterns can be observed.",is -> differ
11,cs.CL,"We find that physical measurement is only weakly modeled in the embedding space, and that instead quite peculiar measurement patterns can be observed.",negation,5,"We find that physical measurement is not only weakly modeled in the embedding space, and that instead quite peculiar measurement patterns can be observed.",inserted 'not' after 'is'
12,cs.CL,"Further analysis indicates that embedding representations of physical measurements are strongly influenced by superficial string similarity, and recalibration of similarity does not substantially improve the alignment.",identical,0,"Further analysis indicates that embedding representations of physical measurements are strongly influenced by superficial string similarity, and recalibration of similarity does not substantially improve the alignment.",unchanged
12,cs.CL,"Further analysis indicates that embedding representations of physical measurements are strongly influenced by superficial string similarity, and recalibration of similarity does not substantially improve the alignment.",synonym,1,"Further analysis indicates that embedding representations of physical measurement are strongly influenced by superficial string similarity, and recalibration of similarity does not substantially improve the alignment.",measurements -> measurement
12,cs.CL,"Further analysis indicates that embedding representations of physical measurements are strongly influenced by superficial string similarity, and recalibration of similarity does not substantially improve the alignment.",scramble,2,"of are that measurements embedding improve by does similarity string representations of analysis physical similarity, substantially Further strongly and indicates the not superficial recalibration influenced",word order shuffled
12,cs.CL,"Further analysis indicates that embedding representations of physical measurements are strongly influenced by superficial string similarity, and recalibration of similarity does not substantially improve the alignment.",antonym,4,"Further analysis indicates that embedding representations of physical measurements are strongly influenced by superficial string similarity, and recalibration of similarity unmake not substantially improve the alignment.",does -> unmake
12,cs.CL,"Further analysis indicates that embedding representations of physical measurements are strongly influenced by superficial string similarity, and recalibration of similarity does not substantially improve the alignment.",negation,5,"Further analysis indicates that embedding representations of physical measurements are not strongly influenced by superficial string similarity, and recalibration of similarity does not substantially improve the alignment.",inserted 'not' after 'are'
13,cs.CL,"Hostile rhetoric toward social groups can normalize exclusion and justify mistreatment, as well as contribute to rising polarization and political violence.",identical,0,"Hostile rhetoric toward social groups can normalize exclusion and justify mistreatment, as well as contribute to rising polarization and political violence.",unchanged
13,cs.CL,"Hostile rhetoric toward social groups can normalize exclusion and justify mistreatment, as well as contribute to rising polarization and political violence.",synonym,1,"Hostile rhetoric toward social groups can normalize exclusion and justify mistreatment, as well as contribute to rise polarization and political violence.",rising -> rise
13,cs.CL,"Hostile rhetoric toward social groups can normalize exclusion and justify mistreatment, as well as contribute to rising polarization and political violence.",scramble,2,"Hostile rhetoric social as toward groups as normalize polarization contribute and rising can to mistreatment, political and well exclusion justify",word order shuffled
13,cs.CL,"Hostile rhetoric toward social groups can normalize exclusion and justify mistreatment, as well as contribute to rising polarization and political violence.",antonym,4,"Hostile rhetoric toward social groups can normalize exclusion and justify mistreatment, as ill as contribute to rising polarization and political violence.",well -> ill
13,cs.CL,"Hostile rhetoric toward social groups can normalize exclusion and justify mistreatment, as well as contribute to rising polarization and political violence.",negation,5,"Hostile rhetoric toward social groups can not normalize exclusion and justify mistreatment, as well as contribute to rising polarization and political violence.",inserted 'not' after 'can'
14,cs.CL,"Efforts to moderate hostile rhetoric in online speech draw on foundational theories in social and moral psychology, and political science.",identical,0,"Efforts to moderate hostile rhetoric in online speech draw on foundational theories in social and moral psychology, and political science.",unchanged
14,cs.CL,"Efforts to moderate hostile rhetoric in online speech draw on foundational theories in social and moral psychology, and political science.",synonym,1,"Efforts to moderate hostile rhetoric in online speech draw on foundational theories in societal and moral psychology, and political science.",social -> societal
14,cs.CL,"Efforts to moderate hostile rhetoric in online speech draw on foundational theories in social and moral psychology, and political science.",scramble,2,"psychology, hostile in on draw in social theories online and to speech rhetoric Efforts moderate foundational and political moral",word order shuffled
14,cs.CL,"Efforts to moderate hostile rhetoric in online speech draw on foundational theories in social and moral psychology, and political science.",antonym,4,"Efforts to moderate hostile rhetoric in online speech draw on foundational theories in social and immoral psychology, and political science.",moral -> immoral
14,cs.CL,"Efforts to moderate hostile rhetoric in online speech draw on foundational theories in social and moral psychology, and political science.",negation,5,"It is not the case that efforts to moderate hostile rhetoric in online speech draw on foundational theories in social and moral psychology, and political science.",prepended denial
15,cs.CL,"However, these theories were developed largely in parallel, often propose different and sometimes conflicting accounts of how hostility develops, and have rarely been tested against each other in real discourse.",identical,0,"However, these theories were developed largely in parallel, often propose different and sometimes conflicting accounts of how hostility develops, and have rarely been tested against each other in real discourse.",unchanged
15,cs.CL,"However, these theories were developed largely in parallel, often propose different and sometimes conflicting accounts of how hostility develops, and have rarely been tested against each other in real discourse.",synonym,1,"However, these theories were developed largely in parallel, often propose different and sometimes conflicting accounts of how hostility develops, and have rarely be tested against each other in real discourse.",been -> be
15,cs.CL,"However, these theories were developed largely in parallel, often propose different and sometimes conflicting accounts of how hostility develops, and have rarely been tested against each other in real discourse.",scramble,2,"different been rarely other real However, of how against sometimes in conflicting tested and in were accounts and develops, propose largely these theories each often developed have parallel, hostility",word order shuffled
15,cs.CL,"However, these theories were developed largely in parallel, often propose different and sometimes conflicting accounts of how hostility develops, and have rarely been tested against each other in real discourse.",antonym,4,"However, these theories were developed largely in parallel, often propose different and sometimes conflicting accounts of how hostility develops, and lack rarely been tested against each other in real discourse.",have -> lack
15,cs.CL,"However, these theories were developed largely in parallel, often propose different and sometimes conflicting accounts of how hostility develops, and have rarely been tested against each other in real discourse.",negation,5,"However, these theories were not developed largely in parallel, often propose different and sometimes conflicting accounts of how hostility develops, and have rarely been tested against each other in real discourse.",inserted 'not' after 'were'
16,cs.CL,"The result is a fragmented understanding of the rhetorical mechanisms of hostility, without a clear sense of how they appear, and relate to each other, in real-world discourse.",identical,0,"The result is a fragmented understanding of the rhetorical mechanisms of hostility, without a clear sense of how they appear, and relate to each other, in real-world discourse.",unchanged
16,cs.CL,"The result is a fragmented understanding of the rhetorical mechanisms of hostility, without a clear sense of how they appear, and relate to each other, in real-world discourse.",synonym,1,"The result is a fragmented understanding of the rhetorical mechanisms of hostility, without a clear sense of how they appear, and associate to each other, in real-world discourse.",relate -> associate
16,cs.CL,"The result is a fragmented understanding of the rhetorical mechanisms of hostility, without a clear sense of how they appear, and relate to each other, in real-world discourse.",scramble,2,"a understanding to each the hostility, without real-world relate appear, is of they of The a sense in mechanisms fragmented how rhetorical of result other, clear and",word order shuffled
16,cs.CL,"The result is a fragmented understanding of the rhetorical mechanisms of hostility, without a clear sense of how they appear, and relate to each other, in real-world discourse.",antonym,4,"The result is a fragmented understanding of the rhetorical mechanisms of hostility, without a clear sense of how they appear, and dissociate to each other, in real-world discourse.",relate -> dissociate
16,cs.CL,"The result is a fragmented understanding of the rhetorical mechanisms of hostility, without a clear sense of how they appear, and relate to each other, in real-world discourse.",negation,5,"The result is not a fragmented understanding of the rhetorical mechanisms of hostility, without a clear sense of how they appear, and relate to each other, in real-world discourse.",inserted 'not' after 'is'
17,cs.CL,"Coding harnesses shape how autonomous coding agents translate model capabilities into long-horizon software-engineering performance, yet existing work typically evaluates harnesses as monolithic systems, leaving the effectiveness of individual components unclear.",identical,0,"Coding harnesses shape how autonomous coding agents translate model capabilities into long-horizon software-engineering performance, yet existing work typically evaluates harnesses as monolithic systems, leaving the effectiveness of individual components unclear.",unchanged
17,cs.CL,"Coding harnesses shape how autonomous coding agents translate model capabilities into long-horizon software-engineering performance, yet existing work typically evaluates harnesses as monolithic systems, leaving the effectiveness of individual components unclear.",synonym,1,"Coding harness shape how autonomous coding agents translate model capabilities into long-horizon software-engineering performance, yet existing work typically evaluates harnesses as monolithic systems, leaving the effectiveness of individual components unclear.",harnesses -> harness
17,cs.CL,"Coding harnesses shape how autonomous coding agents translate model capabilities into long-horizon software-engineering performance, yet existing work typically evaluates harnesses as monolithic systems, leaving the effectiveness of individual components unclear.",scramble,2,"individual long-horizon harnesses capabilities coding performance, evaluates the typically agents shape Coding translate model leaving yet how into work components harnesses existing autonomous as monolithic of software-engineering effectiveness systems,",word order shuffled
17,cs.CL,"Coding harnesses shape how autonomous coding agents translate model capabilities into long-horizon software-engineering performance, yet existing work typically evaluates harnesses as monolithic systems, leaving the effectiveness of individual components unclear.",antonym,4,"Coding harnesses shape how autonomous coding agents translate model capabilities into long-horizon software-engineering performance, yet existing work typically evaluates harnesses as monolithic systems, arrive the effectiveness of individual components unclear.",leaving -> arrive
17,cs.CL,"Coding harnesses shape how autonomous coding agents translate model capabilities into long-horizon software-engineering performance, yet existing work typically evaluates harnesses as monolithic systems, leaving the effectiveness of individual components unclear.",negation,5,"It is not the case that coding harnesses shape how autonomous coding agents translate model capabilities into long-horizon software-engineering performance, yet existing work typically evaluates harnesses as monolithic systems, leaving the effectiveness of individual components unclear.",prepended denial
18,cs.CL,"To enable component-level comparisons, we study this question with a lightweight coding harness whose execution loop is fixed while three components are varied: planning, action space, and context management.",identical,0,"To enable component-level comparisons, we study this question with a lightweight coding harness whose execution loop is fixed while three components are varied: planning, action space, and context management.",unchanged
18,cs.CL,"To enable component-level comparisons, we study this question with a lightweight coding harness whose execution loop is fixed while three components are varied: planning, action space, and context management.",synonym,1,"To enable component-level comparisons, we study this question with a lightweight coding harness whose execution loop is fixed while three components are varied: planning, activity space, and context management.",action -> activity
18,cs.CL,"To enable component-level comparisons, we study this question with a lightweight coding harness whose execution loop is fixed while three components are varied: planning, action space, and context management.",scramble,2,"To loop lightweight varied: action harness planning, three enable components this comparisons, we is question with whose context while coding and component-level study fixed are a execution space,",word order shuffled
18,cs.CL,"To enable component-level comparisons, we study this question with a lightweight coding harness whose execution loop is fixed while three components are varied: planning, action space, and context management.",antonym,4,"To enable component-level comparisons, we study this question with a lightweight coding harness whose execution loop differ fixed while three components are varied: planning, action space, and context management.",is -> differ
18,cs.CL,"To enable component-level comparisons, we study this question with a lightweight coding harness whose execution loop is fixed while three components are varied: planning, action space, and context management.",negation,5,"To enable component-level comparisons, we study this question with a lightweight coding harness whose execution loop is not fixed while three components are varied: planning, action space, and context management.",inserted 'not' after 'is'
19,cs.CL,"Across four models evaluated on SWE-Bench Verified and Terminal-Bench 2.1, we evaluate 176 matched settings spanning five context-management strategies, four context-window budgets, and targeted ablations of planning and action space.",identical,0,"Across four models evaluated on SWE-Bench Verified and Terminal-Bench 2.1, we evaluate 176 matched settings spanning five context-management strategies, four context-window budgets, and targeted ablations of planning and action space.",unchanged
19,cs.CL,"Across four models evaluated on SWE-Bench Verified and Terminal-Bench 2.1, we evaluate 176 matched settings spanning five context-management strategies, four context-window budgets, and targeted ablations of planning and action space.",synonym,1,"Across four models measure on SWE-Bench Verified and Terminal-Bench 2.1, we evaluate 176 matched settings spanning five context-management strategies, four context-window budgets, and targeted ablations of planning and action space.",evaluated -> measure
19,cs.CL,"Across four models evaluated on SWE-Bench Verified and Terminal-Bench 2.1, we evaluate 176 matched settings spanning five context-management strategies, four context-window budgets, and targeted ablations of planning and action space.",scramble,2,"ablations on matched Verified models planning we four five four SWE-Bench context-window 2.1, action spanning and of targeted 176 strategies, and and budgets, evaluate settings evaluated context-management Terminal-Bench Across",word order shuffled
19,cs.CL,"Across four models evaluated on SWE-Bench Verified and Terminal-Bench 2.1, we evaluate 176 matched settings spanning five context-management strategies, four context-window budgets, and targeted ablations of planning and action space.",number_swap,3,"Across four models evaluated on SWE-Bench Verified and Terminal-Bench 2.1, we evaluate 179 matched settings spanning five context-management strategies, four context-window budgets, and targeted ablations of planning and action space.",176 -> 179
19,cs.CL,"Across four models evaluated on SWE-Bench Verified and Terminal-Bench 2.1, we evaluate 176 matched settings spanning five context-management strategies, four context-window budgets, and targeted ablations of planning and action space.",antonym,4,"Across four models evaluated on SWE-Bench Verified and Terminal-Bench 2.1, we evaluate 176 mismatched settings spanning five context-management strategies, four context-window budgets, and targeted ablations of planning and action space.",matched -> mismatched
19,cs.CL,"Across four models evaluated on SWE-Bench Verified and Terminal-Bench 2.1, we evaluate 176 matched settings spanning five context-management strategies, four context-window budgets, and targeted ablations of planning and action space.",negation,5,"It is not the case that across four models evaluated on SWE-Bench Verified and Terminal-Bench 2.1, we evaluate 176 matched settings spanning five context-management strategies, four context-window budgets, and targeted ablations of planning and action space.",prepended denial
20,cs.CL,These findings inform model- and budget-aware harness design and provide a modular framework for evaluating future harness components.,identical,0,These findings inform model- and budget-aware harness design and provide a modular framework for evaluating future harness components.,unchanged
20,cs.CL,These findings inform model- and budget-aware harness design and provide a modular framework for evaluating future harness components.,synonym,1,These findings inform model- and budget-aware harness design and provide a modular framework for measure future harness components.,evaluating -> measure
20,cs.CL,These findings inform model- and budget-aware harness design and provide a modular framework for evaluating future harness components.,scramble,2,design framework and a modular findings future and These evaluating harness budget-aware for model- provide harness inform,word order shuffled
20,cs.CL,These findings inform model- and budget-aware harness design and provide a modular framework for evaluating future harness components.,antonym,4,These findings inform model- and budget-aware harness design and provide a modular framework for evaluating past harness components.,future -> past
20,cs.CL,These findings inform model- and budget-aware harness design and provide a modular framework for evaluating future harness components.,negation,5,It is not the case that these findings inform model- and budget-aware harness design and provide a modular framework for evaluating future harness components.,prepended denial
21,cs.CL,"World modeling enables intelligence to anticipate consequences, guide interventions, and learn from interaction.",identical,0,"World modeling enables intelligence to anticipate consequences, guide interventions, and learn from interaction.",unchanged
21,cs.CL,"World modeling enables intelligence to anticipate consequences, guide interventions, and learn from interaction.",synonym,1,"universe modeling enables intelligence to anticipate consequences, guide interventions, and learn from interaction.",World -> universe
21,cs.CL,"World modeling enables intelligence to anticipate consequences, guide interventions, and learn from interaction.",scramble,2,"to enables modeling interventions, anticipate intelligence consequences, from and World learn guide",word order shuffled
21,cs.CL,"World modeling enables intelligence to anticipate consequences, guide interventions, and learn from interaction.",negation,5,"It is not the case that world modeling enables intelligence to anticipate consequences, guide interventions, and learn from interaction.",prepended denial
22,cs.CL,"We introduce JEPA-Anything, a domain-agnostic framework based on orthogonal predictive factorization (OPF).",identical,0,"We introduce JEPA-Anything, a domain-agnostic framework based on orthogonal predictive factorization (OPF).",unchanged
22,cs.CL,"We introduce JEPA-Anything, a domain-agnostic framework based on orthogonal predictive factorization (OPF).",synonym,1,"We introduce JEPA-Anything, a domain-agnostic model based on orthogonal predictive factorization (OPF).",framework -> model
22,cs.CL,"We introduce JEPA-Anything, a domain-agnostic framework based on orthogonal predictive factorization (OPF).",scramble,2,"domain-agnostic orthogonal introduce JEPA-Anything, We predictive factorization on framework based a",word order shuffled
22,cs.CL,"We introduce JEPA-Anything, a domain-agnostic framework based on orthogonal predictive factorization (OPF).",negation,5,"It is not the case that we introduce JEPA-Anything, a domain-agnostic framework based on orthogonal predictive factorization (OPF).",prepended denial
23,cs.CL,"Extending joint-embedding predictive architectures, OPF decomposes latent targets into complementary factors, learns them through dedicated pathways, and recombines them within a shared predictive design.",identical,0,"Extending joint-embedding predictive architectures, OPF decomposes latent targets into complementary factors, learns them through dedicated pathways, and recombines them within a shared predictive design.",unchanged
23,cs.CL,"Extending joint-embedding predictive architectures, OPF decomposes latent targets into complementary factors, learns them through dedicated pathways, and recombines them within a shared predictive design.",synonym,1,"Extending joint-embedding prognostic architectures, OPF decomposes latent targets into complementary factors, learns them through dedicated pathways, and recombines them within a shared predictive design.",predictive -> prognostic
23,cs.CL,"Extending joint-embedding predictive architectures, OPF decomposes latent targets into complementary factors, learns them through dedicated pathways, and recombines them within a shared predictive design.",scramble,2,"through within decomposes pathways, predictive joint-embedding factors, OPF Extending dedicated them complementary and latent them predictive into shared a recombines learns architectures, targets",word order shuffled
23,cs.CL,"Extending joint-embedding predictive architectures, OPF decomposes latent targets into complementary factors, learns them through dedicated pathways, and recombines them within a shared predictive design.",negation,5,"It is not the case that extending joint-embedding predictive architectures, OPF decomposes latent targets into complementary factors, learns them through dedicated pathways, and recombines them within a shared predictive design.",prepended denial
24,cs.CL,"We evaluate JEPA-Anything across seven domains: vision, biology, clinical trajectories, control, molecular dynamics, physical fields, and weather.",identical,0,"We evaluate JEPA-Anything across seven domains: vision, biology, clinical trajectories, control, molecular dynamics, physical fields, and weather.",unchanged
24,cs.CL,"We evaluate JEPA-Anything across seven domains: vision, biology, clinical trajectories, control, molecular dynamics, physical fields, and weather.",synonym,1,"We evaluate JEPA-Anything across seven domains: vision, biology, clinical trajectories, control, molecular dynamics, forcible fields, and weather.",physical -> forcible
24,cs.CL,"We evaluate JEPA-Anything across seven domains: vision, biology, clinical trajectories, control, molecular dynamics, physical fields, and weather.",scramble,2,"vision, JEPA-Anything domains: dynamics, molecular and evaluate We fields, clinical biology, trajectories, physical control, seven across",word order shuffled
24,cs.CL,"We evaluate JEPA-Anything across seven domains: vision, biology, clinical trajectories, control, molecular dynamics, physical fields, and weather.",antonym,4,"We evaluate JEPA-Anything across seven domains: vision, biology, clinical trajectories, control, molecular dynamics, mental fields, and weather.",physical -> mental
24,cs.CL,"We evaluate JEPA-Anything across seven domains: vision, biology, clinical trajectories, control, molecular dynamics, physical fields, and weather.",negation,5,"It is not the case that we evaluate JEPA-Anything across seven domains: vision, biology, clinical trajectories, control, molecular dynamics, physical fields, and weather.",prepended denial
25,cs.CL,"Experiments span representation learning, intervention prediction, out-of-distribution generalization, and long-horizon dynamics, including 10 matched dynamics tasks, forecasting of over 1,000 clinical events, and 100-step molecular rollouts across four systems.",identical,0,"Experiments span representation learning, intervention prediction, out-of-distribution generalization, and long-horizon dynamics, including 10 matched dynamics tasks, forecasting of over 1,000 clinical events, and 100-step molecular rollouts across four systems.",unchanged
25,cs.CL,"Experiments span representation learning, intervention prediction, out-of-distribution generalization, and long-horizon dynamics, including 10 matched dynamics tasks, forecasting of over 1,000 clinical events, and 100-step molecular rollouts across four systems.",synonym,1,"Experiments span representation learning, intercession prediction, out-of-distribution generalization, and long-horizon dynamics, including 10 matched dynamics tasks, forecasting of over 1,000 clinical events, and 100-step molecular rollouts across four systems.",intervention -> intercession
25,cs.CL,"Experiments span representation learning, intervention prediction, out-of-distribution generalization, and long-horizon dynamics, including 10 matched dynamics tasks, forecasting of over 1,000 clinical events, and 100-step molecular rollouts across four systems.",scramble,2,"out-of-distribution and dynamics, events, Experiments long-horizon dynamics span of tasks, four prediction, rollouts intervention clinical 1,000 molecular forecasting 10 over 100-step generalization, learning, matched representation including and across",word order shuffled
25,cs.CL,"Experiments span representation learning, intervention prediction, out-of-distribution generalization, and long-horizon dynamics, including 10 matched dynamics tasks, forecasting of over 1,000 clinical events, and 100-step molecular rollouts across four systems.",number_swap,3,"Experiments span representation learning, intervention prediction, out-of-distribution generalization, and long-horizon dynamics, including 17 matched dynamics tasks, forecasting of over 1,000 clinical events, and 100-step molecular rollouts across four systems.",10 -> 17
25,cs.CL,"Experiments span representation learning, intervention prediction, out-of-distribution generalization, and long-horizon dynamics, including 10 matched dynamics tasks, forecasting of over 1,000 clinical events, and 100-step molecular rollouts across four systems.",antonym,4,"Experiments span representation learning, intervention prediction, out-of-distribution generalization, and long-horizon dynamics, exclude 10 matched dynamics tasks, forecasting of over 1,000 clinical events, and 100-step molecular rollouts across four systems.",including -> exclude
25,cs.CL,"Experiments span representation learning, intervention prediction, out-of-distribution generalization, and long-horizon dynamics, including 10 matched dynamics tasks, forecasting of over 1,000 clinical events, and 100-step molecular rollouts across four systems.",negation,5,"It is not the case that experiments span representation learning, intervention prediction, out-of-distribution generalization, and long-horizon dynamics, including 10 matched dynamics tasks, forecasting of over 1,000 clinical events, and 100-step molecular rollouts across four systems.",prepended denial
26,cs.CL,"Against matched JEPA baselines, JEPA-Anything improves reported metrics on all 10 dynamics tasks and reduces single-intervention prediction error on Interventional Pong by 34.8%.",identical,0,"Against matched JEPA baselines, JEPA-Anything improves reported metrics on all 10 dynamics tasks and reduces single-intervention prediction error on Interventional Pong by 34.8%.",unchanged
26,cs.CL,"Against matched JEPA baselines, JEPA-Anything improves reported metrics on all 10 dynamics tasks and reduces single-intervention prediction error on Interventional Pong by 34.8%.",synonym,1,"Against matched JEPA baselines, JEPA-Anything improves reported metrics on all 10 dynamics tasks and reduces single-intervention prediction mistake on Interventional Pong by 34.8%.",error -> mistake
26,cs.CL,"Against matched JEPA baselines, JEPA-Anything improves reported metrics on all 10 dynamics tasks and reduces single-intervention prediction error on Interventional Pong by 34.8%.",scramble,2,"reported metrics all error baselines, and by Against JEPA on Pong dynamics improves tasks on reduces matched JEPA-Anything prediction single-intervention Interventional 10",word order shuffled
26,cs.CL,"Against matched JEPA baselines, JEPA-Anything improves reported metrics on all 10 dynamics tasks and reduces single-intervention prediction error on Interventional Pong by 34.8%.",number_swap,3,"Against matched JEPA baselines, JEPA-Anything improves reported metrics on all 21 dynamics tasks and reduces single-intervention prediction error on Interventional Pong by 34.8%.",10 -> 21
26,cs.CL,"Against matched JEPA baselines, JEPA-Anything improves reported metrics on all 10 dynamics tasks and reduces single-intervention prediction error on Interventional Pong by 34.8%.",antonym,4,"Against disagree JEPA baselines, JEPA-Anything improves reported metrics on all 10 dynamics tasks and reduces single-intervention prediction error on Interventional Pong by 34.8%.",matched -> disagree
26,cs.CL,"Against matched JEPA baselines, JEPA-Anything improves reported metrics on all 10 dynamics tasks and reduces single-intervention prediction error on Interventional Pong by 34.8%.",negation,5,"It is not the case that against matched JEPA baselines, JEPA-Anything improves reported metrics on all 10 dynamics tasks and reduces single-intervention prediction error on Interventional Pong by 34.8%.",prepended denial
27,cs.CL,It achieves the lowest one-step and 100-step molecular errors among compared methods in all four systems.,identical,0,It achieves the lowest one-step and 100-step molecular errors among compared methods in all four systems.,unchanged
27,cs.CL,It achieves the lowest one-step and 100-step molecular errors among compared methods in all four systems.,synonym,1,It achieves the last one-step and 100-step molecular errors among compared methods in all four systems.,lowest -> last
27,cs.CL,It achieves the lowest one-step and 100-step molecular errors among compared methods in all four systems.,scramble,2,molecular among in compared achieves four 100-step methods lowest the one-step all It and errors,word order shuffled
27,cs.CL,It achieves the lowest one-step and 100-step molecular errors among compared methods in all four systems.,antonym,4,It achieves the lowest one-step and 100-step molar errors among compared methods in all four systems.,molecular -> molar
27,cs.CL,It achieves the lowest one-step and 100-step molecular errors among compared methods in all four systems.,negation,5,It is not the case that it achieves the lowest one-step and 100-step molecular errors among compared methods in all four systems.,prepended denial
28,cs.CL,"These results support a common factorized predictive principle across heterogeneous worlds, connecting world modeling with intervention and experimentally grounded scientific discovery.",identical,0,"These results support a common factorized predictive principle across heterogeneous worlds, connecting world modeling with intervention and experimentally grounded scientific discovery.",unchanged
28,cs.CL,"These results support a common factorized predictive principle across heterogeneous worlds, connecting world modeling with intervention and experimentally grounded scientific discovery.",synonym,1,"These results support a common factorized predictive principle across heterogeneous worlds, connecting universe modeling with intervention and experimentally grounded scientific discovery.",world -> universe
28,cs.CL,"These results support a common factorized predictive principle across heterogeneous worlds, connecting world modeling with intervention and experimentally grounded scientific discovery.",scramble,2,"factorized common results scientific These principle worlds, intervention a support modeling and across predictive world heterogeneous experimentally with grounded connecting",word order shuffled
28,cs.CL,"These results support a common factorized predictive principle across heterogeneous worlds, connecting world modeling with intervention and experimentally grounded scientific discovery.",antonym,4,"These results support a individual factorized predictive principle across heterogeneous worlds, connecting world modeling with intervention and experimentally grounded scientific discovery.",common -> individual
28,cs.CL,"These results support a common factorized predictive principle across heterogeneous worlds, connecting world modeling with intervention and experimentally grounded scientific discovery.",negation,5,"It is not the case that these results support a common factorized predictive principle across heterogeneous worlds, connecting world modeling with intervention and experimentally grounded scientific discovery.",prepended denial
29,cs.CL,"This recipe, however, is undermined by two findings in agentic tasks: privileged information alone does not always make a teacher reliable, and the benefit of teacher supervision is stage-dependent.",identical,0,"This recipe, however, is undermined by two findings in agentic tasks: privileged information alone does not always make a teacher reliable, and the benefit of teacher supervision is stage-dependent.",unchanged
29,cs.CL,"This recipe, however, is undermined by two findings in agentic tasks: privileged information alone does not always make a teacher reliable, and the benefit of teacher supervision is stage-dependent.",synonym,1,"This recipe, however, is undermined by two findings in agentic tasks: privileged information alone does not always do a teacher reliable, and the benefit of teacher supervision is stage-dependent.",make -> do
29,cs.CL,"This recipe, however, is undermined by two findings in agentic tasks: privileged information alone does not always make a teacher reliable, and the benefit of teacher supervision is stage-dependent.",scramble,2,"by and undermined two information privileged reliable, make always a teacher tasks: This in benefit not the however, does alone supervision recipe, is teacher findings agentic of is",word order shuffled
29,cs.CL,"This recipe, however, is undermined by two findings in agentic tasks: privileged information alone does not always make a teacher reliable, and the benefit of teacher supervision is stage-dependent.",antonym,4,"This recipe, however, differ undermined by two findings in agentic tasks: privileged information alone does not always make a teacher reliable, and the benefit of teacher supervision is stage-dependent.",is -> differ
29,cs.CL,"This recipe, however, is undermined by two findings in agentic tasks: privileged information alone does not always make a teacher reliable, and the benefit of teacher supervision is stage-dependent.",negation,5,"This recipe, however, is not undermined by two findings in agentic tasks: privileged information alone does not always make a teacher reliable, and the benefit of teacher supervision is stage-dependent.",inserted 'not' after 'is'
30,cs.CL,"We therefore propose RetireOPD (Self-Retiring On-Policy Distillation), which first optimizes a decoupled, skill-conditioned teacher with environment rewards and then trains a skill-free student jointly with RL and OPD.",identical,0,"We therefore propose RetireOPD (Self-Retiring On-Policy Distillation), which first optimizes a decoupled, skill-conditioned teacher with environment rewards and then trains a skill-free student jointly with RL and OPD.",unchanged
30,cs.CL,"We therefore propose RetireOPD (Self-Retiring On-Policy Distillation), which first optimizes a decoupled, skill-conditioned teacher with environment rewards and then trains a skill-free student jointly with RL and OPD.",synonym,1,"We therefore propose RetireOPD (Self-Retiring On-Policy Distillation), which first optimize a decoupled, skill-conditioned teacher with environment rewards and then trains a skill-free student jointly with RL and OPD.",optimizes -> optimize
30,cs.CL,"We therefore propose RetireOPD (Self-Retiring On-Policy Distillation), which first optimizes a decoupled, skill-conditioned teacher with environment rewards and then trains a skill-free student jointly with RL and OPD.",scramble,2,"We student with with RetireOPD teacher propose then which jointly trains On-Policy RL and (Self-Retiring a skill-free decoupled, optimizes Distillation), a therefore first environment and skill-conditioned rewards",word order shuffled
30,cs.CL,"We therefore propose RetireOPD (Self-Retiring On-Policy Distillation), which first optimizes a decoupled, skill-conditioned teacher with environment rewards and then trains a skill-free student jointly with RL and OPD.",negation,5,"It is not the case that we therefore propose RetireOPD (Self-Retiring On-Policy Distillation), which first optimizes a decoupled, skill-conditioned teacher with environment rewards and then trains a skill-free student jointly with RL and OPD.",prepended denial
31,cs.CL,Safety evaluations for large language models rely on surface-form classifiers that report declining harm scores across model generations.,identical,0,Safety evaluations for large language models rely on surface-form classifiers that report declining harm scores across model generations.,unchanged
31,cs.CL,Safety evaluations for large language models rely on surface-form classifiers that report declining harm scores across model generations.,synonym,1,Safety evaluations for large language models rely on surface-form classifiers that describe declining harm scores across model generations.,report -> describe
31,cs.CL,Safety evaluations for large language models rely on surface-form classifiers that report declining harm scores across model generations.,scramble,2,language surface-form harm evaluations across large that scores model for declining Safety classifiers rely models report on,word order shuffled
31,cs.CL,Safety evaluations for large language models rely on surface-form classifiers that report declining harm scores across model generations.,antonym,4,Safety evaluations for large language models mistrust on surface-form classifiers that report declining harm scores across model generations.,rely -> mistrust
31,cs.CL,Safety evaluations for large language models rely on surface-form classifiers that report declining harm scores across model generations.,negation,5,It is not the case that safety evaluations for large language models rely on surface-form classifiers that report declining harm scores across model generations.,prepended denial
32,cs.CL,We provide evidence that this methodology is systematically incomplete: explicit discriminatory content is transformed rather than removed.,identical,0,We provide evidence that this methodology is systematically incomplete: explicit discriminatory content is transformed rather than removed.,unchanged
32,cs.CL,We provide evidence that this methodology is systematically incomplete: explicit discriminatory content is transformed rather than removed.,synonym,1,We provide evidence that this methodology is systematically incomplete: explicit discriminatory content be transformed rather than removed.,is -> be
32,cs.CL,We provide evidence that this methodology is systematically incomplete: explicit discriminatory content is transformed rather than removed.,scramble,2,explicit is systematically content transformed provide We that methodology discriminatory than is this rather incomplete: evidence,word order shuffled
32,cs.CL,We provide evidence that this methodology is systematically incomplete: explicit discriminatory content is transformed rather than removed.,antonym,4,We provide evidence that this methodology differ systematically incomplete: explicit discriminatory content is transformed rather than removed.,is -> differ
32,cs.CL,We provide evidence that this methodology is systematically incomplete: explicit discriminatory content is transformed rather than removed.,negation,5,We provide evidence that this methodology is not systematically incomplete: explicit discriminatory content is transformed rather than removed.,inserted 'not' after 'is'
33,cs.CL,"The pattern is most visible at GPT-5: Topic~5 (1,997~documents) frames breast cancer as a men's rights debate, while zero equivalent clusters appear in women-directed output.",identical,0,"The pattern is most visible at GPT-5: Topic~5 (1,997~documents) frames breast cancer as a men's rights debate, while zero equivalent clusters appear in women-directed output.",unchanged
33,cs.CL,"The pattern is most visible at GPT-5: Topic~5 (1,997~documents) frames breast cancer as a men's rights debate, while zero equivalent clusters appear in women-directed output.",synonym,1,"The pattern is about visible at GPT-5: Topic~5 (1,997~documents) frames breast cancer as a men's rights debate, while zero equivalent clusters appear in women-directed output.",most -> about
33,cs.CL,"The pattern is most visible at GPT-5: Topic~5 (1,997~documents) frames breast cancer as a men's rights debate, while zero equivalent clusters appear in women-directed output.",scramble,2,"zero The most Topic~5 a at men's as clusters women-directed pattern in appear rights breast visible equivalent while GPT-5: (1,997~documents) is frames debate, cancer",word order shuffled
33,cs.CL,"The pattern is most visible at GPT-5: Topic~5 (1,997~documents) frames breast cancer as a men's rights debate, while zero equivalent clusters appear in women-directed output.",antonym,4,"The pattern is most visible at GPT-5: Topic~5 (1,997~documents) frames breast cancer as a men's rights debate, while zero equivalent clusters disappear in women-directed output.",appear -> disappear
33,cs.CL,"The pattern is most visible at GPT-5: Topic~5 (1,997~documents) frames breast cancer as a men's rights debate, while zero equivalent clusters appear in women-directed output.",negation,5,"The pattern is not most visible at GPT-5: Topic~5 (1,997~documents) frames breast cancer as a men's rights debate, while zero equivalent clusters appear in women-directed output.",inserted 'not' after 'is'
34,cs.CL,Sentiment scores invert at GPT-4: early models demean women; later models over-correct.,identical,0,Sentiment scores invert at GPT-4: early models demean women; later models over-correct.,unchanged
34,cs.CL,Sentiment scores invert at GPT-4: early models demean women; later models over-correct.,synonym,1,Sentiment scores invert at GPT-4: early models demean women; later model over-correct.,models -> model
34,cs.CL,Sentiment scores invert at GPT-4: early models demean women; later models over-correct.,scramble,2,women; at demean Sentiment GPT-4: invert scores models later models early,word order shuffled
34,cs.CL,Sentiment scores invert at GPT-4: early models demean women; later models over-correct.,antonym,4,Sentiment scores invert at GPT-4: middle models demean women; later models over-correct.,early -> middle
34,cs.CL,Sentiment scores invert at GPT-4: early models demean women; later models over-correct.,negation,5,It is not the case that sentiment scores invert at GPT-4: early models demean women; later models over-correct.,prepended denial
35,cs.CL,We formalise harm laundering as a three-criteria test and provide a three-stage detection protocol applicable to any generative model.,identical,0,We formalise harm laundering as a three-criteria test and provide a three-stage detection protocol applicable to any generative model.,unchanged
35,cs.CL,We formalise harm laundering as a three-criteria test and provide a three-stage detection protocol applicable to any generative model.,synonym,1,We formalize harm laundering as a three-criteria test and provide a three-stage detection protocol applicable to any generative model.,formalise -> formalize
35,cs.CL,We formalise harm laundering as a three-criteria test and provide a three-stage detection protocol applicable to any generative model.,scramble,2,a harm and formalise laundering a any protocol detection to provide generative as applicable We three-stage three-criteria test,word order shuffled
35,cs.CL,We formalise harm laundering as a three-criteria test and provide a three-stage detection protocol applicable to any generative model.,antonym,4,We formalise harm laundering as a three-criteria test and provide a three-stage detection protocol applicable to any consumptive model.,generative -> consumptive
35,cs.CL,We formalise harm laundering as a three-criteria test and provide a three-stage detection protocol applicable to any generative model.,negation,5,It is not the case that we formalise harm laundering as a three-criteria test and provide a three-stage detection protocol applicable to any generative model.,prepended denial
36,cs.CL,"Within the OpenAI GPT lineage, toxicity score reduction is not a sufficient proxy for harm reduction.",identical,0,"Within the OpenAI GPT lineage, toxicity score reduction is not a sufficient proxy for harm reduction.",unchanged
36,cs.CL,"Within the OpenAI GPT lineage, toxicity score reduction is not a sufficient proxy for harm reduction.",synonym,1,"Within the OpenAI GPT lineage, toxicity score reduction is not a sufficient proxy for injury reduction.",harm -> injury
36,cs.CL,"Within the OpenAI GPT lineage, toxicity score reduction is not a sufficient proxy for harm reduction.",scramble,2,"Within proxy GPT the score lineage, not a harm for is reduction toxicity sufficient OpenAI",word order shuffled
36,cs.CL,"Within the OpenAI GPT lineage, toxicity score reduction is not a sufficient proxy for harm reduction.",antonym,4,"Within the OpenAI GPT lineage, toxicity score reduction is not a insufficient proxy for harm reduction.",sufficient -> insufficient
36,cs.CL,"Within the OpenAI GPT lineage, toxicity score reduction is not a sufficient proxy for harm reduction.",negation,5,"Within the OpenAI GPT lineage, toxicity score reduction is not not a sufficient proxy for harm reduction.",inserted 'not' after 'is'
37,cs.CL,Adapting a pretrained autoregressive (AR) model is a cost-efficient route to a diffusion language model (DLM).,identical,0,Adapting a pretrained autoregressive (AR) model is a cost-efficient route to a diffusion language model (DLM).,unchanged
37,cs.CL,Adapting a pretrained autoregressive (AR) model is a cost-efficient route to a diffusion language model (DLM).,synonym,1,Adapting a pretrained autoregressive (AR) model is a cost-efficient route to a diffusion language framework (DLM).,model -> framework
37,cs.CL,Adapting a pretrained autoregressive (AR) model is a cost-efficient route to a diffusion language model (DLM).,scramble,2,(AR) autoregressive language Adapting a model a diffusion is model to cost-efficient pretrained a route,word order shuffled
37,cs.CL,Adapting a pretrained autoregressive (AR) model is a cost-efficient route to a diffusion language model (DLM).,antonym,4,Adapting a pretrained autoregressive (AR) model differ a cost-efficient route to a diffusion language model (DLM).,is -> differ
37,cs.CL,Adapting a pretrained autoregressive (AR) model is a cost-efficient route to a diffusion language model (DLM).,negation,5,Adapting a pretrained autoregressive (AR) model is not a cost-efficient route to a diffusion language model (DLM).,inserted 'not' after 'is'
38,cs.CL,"While nearly all such adaptations start from a full-attention transformer, AR modeling has shifted toward hybrid architectures that interleave attention and RNN layers.",identical,0,"While nearly all such adaptations start from a full-attention transformer, AR modeling has shifted toward hybrid architectures that interleave attention and RNN layers.",unchanged
38,cs.CL,"While nearly all such adaptations start from a full-attention transformer, AR modeling has shifted toward hybrid architectures that interleave attention and RNN layers.",synonym,1,"While about all such adaptations start from a full-attention transformer, AR modeling has shifted toward hybrid architectures that interleave attention and RNN layers.",nearly -> about
38,cs.CL,"While nearly all such adaptations start from a full-attention transformer, AR modeling has shifted toward hybrid architectures that interleave attention and RNN layers.",scramble,2,"toward such a While all shifted architectures start has and that interleave RNN nearly adaptations full-attention modeling attention AR hybrid from transformer,",word order shuffled
38,cs.CL,"While nearly all such adaptations start from a full-attention transformer, AR modeling has shifted toward hybrid architectures that interleave attention and RNN layers.",antonym,4,"While nearly all such adaptations start from a full-attention transformer, AR modeling lack shifted toward hybrid architectures that interleave attention and RNN layers.",has -> lack
38,cs.CL,"While nearly all such adaptations start from a full-attention transformer, AR modeling has shifted toward hybrid architectures that interleave attention and RNN layers.",negation,5,"While nearly all such adaptations start from a full-attention transformer, AR modeling has not shifted toward hybrid architectures that interleave attention and RNN layers.",inserted 'not' after 'has'
39,cs.CL,"This creates an obstacle for adaptation: unlike attention, RNNs are structurally causal and nontrivial to bidirectionalize.",identical,0,"This creates an obstacle for adaptation: unlike attention, RNNs are structurally causal and nontrivial to bidirectionalize.",unchanged
39,cs.CL,"This creates an obstacle for adaptation: unlike attention, RNNs are structurally causal and nontrivial to bidirectionalize.",synonym,1,"This creates an obstruction for adaptation: unlike attention, RNNs are structurally causal and nontrivial to bidirectionalize.",obstacle -> obstruction
39,cs.CL,"This creates an obstacle for adaptation: unlike attention, RNNs are structurally causal and nontrivial to bidirectionalize.",scramble,2,"an unlike attention, RNNs are to causal obstacle creates This structurally nontrivial adaptation: for and",word order shuffled
39,cs.CL,"This creates an obstacle for adaptation: unlike attention, RNNs are structurally causal and nontrivial to bidirectionalize.",antonym,4,"This creates an obstacle for adaptation: unlike attention, RNNs differ structurally causal and nontrivial to bidirectionalize.",are -> differ
39,cs.CL,"This creates an obstacle for adaptation: unlike attention, RNNs are structurally causal and nontrivial to bidirectionalize.",negation,5,"This creates an obstacle for adaptation: unlike attention, RNNs are not structurally causal and nontrivial to bidirectionalize.",inserted 'not' after 'are'
40,cs.CL,"Despite this mismatch, we investigate whether such backbones can become effective DLMs by adapting Qwen3.5 at 0.8B, 2B, 4B, and 9B scales, yielding the dQwen3.5 family.",identical,0,"Despite this mismatch, we investigate whether such backbones can become effective DLMs by adapting Qwen3.5 at 0.8B, 2B, 4B, and 9B scales, yielding the dQwen3.5 family.",unchanged
40,cs.CL,"Despite this mismatch, we investigate whether such backbones can become effective DLMs by adapting Qwen3.5 at 0.8B, 2B, 4B, and 9B scales, yielding the dQwen3.5 family.",synonym,1,"Despite this mismatch, we investigate whether such backbones can go effective DLMs by adapting Qwen3.5 at 0.8B, 2B, 4B, and 9B scales, yielding the dQwen3.5 family.",become -> go
40,cs.CL,"Despite this mismatch, we investigate whether such backbones can become effective DLMs by adapting Qwen3.5 at 0.8B, 2B, 4B, and 9B scales, yielding the dQwen3.5 family.",scramble,2,"become 4B, this 9B can the scales, DLMs backbones dQwen3.5 such 2B, Despite and Qwen3.5 yielding at investigate whether we by mismatch, effective 0.8B, adapting",word order shuffled
40,cs.CL,"Despite this mismatch, we investigate whether such backbones can become effective DLMs by adapting Qwen3.5 at 0.8B, 2B, 4B, and 9B scales, yielding the dQwen3.5 family.",antonym,4,"Despite this mismatch, we investigate whether such backbones can become ineffective DLMs by adapting Qwen3.5 at 0.8B, 2B, 4B, and 9B scales, yielding the dQwen3.5 family.",effective -> ineffective
40,cs.CL,"Despite this mismatch, we investigate whether such backbones can become effective DLMs by adapting Qwen3.5 at 0.8B, 2B, 4B, and 9B scales, yielding the dQwen3.5 family.",negation,5,"Despite this mismatch, we investigate whether such backbones can not become effective DLMs by adapting Qwen3.5 at 0.8B, 2B, 4B, and 9B scales, yielding the dQwen3.5 family.",inserted 'not' after 'can'
41,cs.CL,"We find that hybrid backbones can be efficient starting points for adaptation: against a full-attention control, the hybrid reaches a given training loss in about half the tokens.",identical,0,"We find that hybrid backbones can be efficient starting points for adaptation: against a full-attention control, the hybrid reaches a given training loss in about half the tokens.",unchanged
41,cs.CL,"We find that hybrid backbones can be efficient starting points for adaptation: against a full-attention control, the hybrid reaches a given training loss in about half the tokens.",synonym,1,"We find that hybrid anchor can be efficient starting points for adaptation: against a full-attention control, the hybrid reaches a given training loss in about half the tokens.",backbones -> anchor
41,cs.CL,"We find that hybrid backbones can be efficient starting points for adaptation: against a full-attention control, the hybrid reaches a given training loss in about half the tokens.",scramble,2,"adaptation: about hybrid can given against in be hybrid half for efficient starting We points a a the backbones training find full-attention the that control, reaches loss",word order shuffled
41,cs.CL,"We find that hybrid backbones can be efficient starting points for adaptation: against a full-attention control, the hybrid reaches a given training loss in about half the tokens.",antonym,4,"We find that hybrid backbones can be efficient end points for adaptation: against a full-attention control, the hybrid reaches a given training loss in about half the tokens.",starting -> end
41,cs.CL,"We find that hybrid backbones can be efficient starting points for adaptation: against a full-attention control, the hybrid reaches a given training loss in about half the tokens.",negation,5,"We find that hybrid backbones can not be efficient starting points for adaptation: against a full-attention control, the hybrid reaches a given training loss in about half the tokens.",inserted 'not' after 'can'
42,cs.CL,"Across scales, dQwen3.5 resembles full-attention DLMs in any-order decoding behavior and performs strongly under parallel decoding.",identical,0,"Across scales, dQwen3.5 resembles full-attention DLMs in any-order decoding behavior and performs strongly under parallel decoding.",unchanged
42,cs.CL,"Across scales, dQwen3.5 resembles full-attention DLMs in any-order decoding behavior and performs strongly under parallel decoding.",synonym,1,"Across scales, dQwen3.5 resembles full-attention DLMs in any-order decoding behaviour and performs strongly under parallel decoding.",behavior -> behaviour
42,cs.CL,"Across scales, dQwen3.5 resembles full-attention DLMs in any-order decoding behavior and performs strongly under parallel decoding.",scramble,2,"DLMs strongly parallel under any-order decoding and behavior in Across scales, performs resembles full-attention dQwen3.5",word order shuffled
42,cs.CL,"Across scales, dQwen3.5 resembles full-attention DLMs in any-order decoding behavior and performs strongly under parallel decoding.",antonym,4,"Across scales, dQwen3.5 resembles full-attention DLMs in any-order decoding behavior and performs weakly under parallel decoding.",strongly -> weakly
42,cs.CL,"Across scales, dQwen3.5 resembles full-attention DLMs in any-order decoding behavior and performs strongly under parallel decoding.",negation,5,"It is not the case that across scales, dQwen3.5 resembles full-attention DLMs in any-order decoding behavior and performs strongly under parallel decoding.",prepended denial
43,cs.CL,"Yet full-attention decoding reads the growing history at every step, regardless of its benefit to the next prediction.",identical,0,"Yet full-attention decoding reads the growing history at every step, regardless of its benefit to the next prediction.",unchanged
43,cs.CL,"Yet full-attention decoding reads the growing history at every step, regardless of its benefit to the next prediction.",synonym,1,"Yet full-attention decoding reads the turn history at every step, regardless of its benefit to the next prediction.",growing -> turn
43,cs.CL,"Yet full-attention decoding reads the growing history at every step, regardless of its benefit to the next prediction.",scramble,2,"Yet the step, at reads decoding next its of to every history benefit regardless growing full-attention the",word order shuffled
43,cs.CL,"Yet full-attention decoding reads the growing history at every step, regardless of its benefit to the next prediction.",negation,5,"It is not the case that yet full-attention decoding reads the growing history at every step, regardless of its benefit to the next prediction.",prepended denial
44,cs.CL,"We show that a pretrained model's decoding states already contain information predictive of this benefit, before the global read.",identical,0,"We show that a pretrained model's decoding states already contain information predictive of this benefit, before the global read.",unchanged
44,cs.CL,"We show that a pretrained model's decoding states already contain information predictive of this benefit, before the global read.",synonym,1,"We show that a pretrained model's decoding states already contain information predictive of this benefit, before the planetary read.",global -> planetary
44,cs.CL,"We show that a pretrained model's decoding states already contain information predictive of this benefit, before the global read.",scramble,2,"that information the predictive states already of show contain benefit, We pretrained model's this a before decoding global",word order shuffled
44,cs.CL,"We show that a pretrained model's decoding states already contain information predictive of this benefit, before the global read.",antonym,4,"We disprove that a pretrained model's decoding states already contain information predictive of this benefit, before the global read.",show -> disprove
44,cs.CL,"We show that a pretrained model's decoding states already contain information predictive of this benefit, before the global read.",negation,5,"It is not the case that we show that a pretrained model's decoding states already contain information predictive of this benefit, before the global read.",prepended denial
45,cs.CL,"ODA trains only the recall head, leaving pretrained weights unchanged and the complete historical KV cache available for future recall.",identical,0,"ODA trains only the recall head, leaving pretrained weights unchanged and the complete historical KV cache available for future recall.",unchanged
45,cs.CL,"ODA trains only the recall head, leaving pretrained weights unchanged and the complete historical KV cache available for future recall.",synonym,1,"ODA trains only the recall head, leaving pretrained weights unchanged and the consummate historical KV cache available for future recall.",complete -> consummate
45,cs.CL,"ODA trains only the recall head, leaving pretrained weights unchanged and the complete historical KV cache available for future recall.",scramble,2,"ODA the leaving recall trains future head, only unchanged KV available the pretrained historical complete weights and for cache",word order shuffled
45,cs.CL,"ODA trains only the recall head, leaving pretrained weights unchanged and the complete historical KV cache available for future recall.",antonym,4,"ODA trains only the recall head, leaving pretrained weights changed and the complete historical KV cache available for future recall.",unchanged -> changed
45,cs.CL,"ODA trains only the recall head, leaving pretrained weights unchanged and the complete historical KV cache available for future recall.",negation,5,"It is not the case that oDA trains only the recall head, leaving pretrained weights unchanged and the complete historical KV cache available for future recall.",prepended denial
46,cs.CL,"We further implement GPU-side conditional execution in vLLM, translating reduced global reads into practical decoding speedups over full attention at long context lengths.",identical,0,"We further implement GPU-side conditional execution in vLLM, translating reduced global reads into practical decoding speedups over full attention at long context lengths.",unchanged
46,cs.CL,"We further implement GPU-side conditional execution in vLLM, translating reduced global reads into practical decoding speedups over full attention at long context lengths.",synonym,1,"We further implement GPU-side conditional execution in vLLM, translating reduced global reads into practical decoding speedups over entire attention at long context lengths.",full -> entire
46,cs.CL,"We further implement GPU-side conditional execution in vLLM, translating reduced global reads into practical decoding speedups over full attention at long context lengths.",scramble,2,"speedups We context implement reduced global into attention reads decoding further full at execution practical translating long in vLLM, conditional over GPU-side",word order shuffled
46,cs.CL,"We further implement GPU-side conditional execution in vLLM, translating reduced global reads into practical decoding speedups over full attention at long context lengths.",antonym,4,"We further implement GPU-side conditional execution in vLLM, translating oxidize global reads into practical decoding speedups over full attention at long context lengths.",reduced -> oxidize
46,cs.CL,"We further implement GPU-side conditional execution in vLLM, translating reduced global reads into practical decoding speedups over full attention at long context lengths.",negation,5,"It is not the case that we further implement GPU-side conditional execution in vLLM, translating reduced global reads into practical decoding speedups over full attention at long context lengths.",prepended denial
47,cs.CL,"Experiments across Qwen and Gemma models, including hybrid-attention backbones, show that selective recall recovers most of the performance lost under local attention while substantially reducing global reads.",identical,0,"Experiments across Qwen and Gemma models, including hybrid-attention backbones, show that selective recall recovers most of the performance lost under local attention while substantially reducing global reads.",unchanged
47,cs.CL,"Experiments across Qwen and Gemma models, including hybrid-attention backbones, show that selective recall recovers most of the performance lost under local attention while substantially reducing global reads.",synonym,1,"Experiments across Qwen and Gemma models, including hybrid-attention backbones, show that selective callback recovers most of the performance lost under local attention while substantially reducing global reads.",recall -> callback
47,cs.CL,"Experiments across Qwen and Gemma models, including hybrid-attention backbones, show that selective recall recovers most of the performance lost under local attention while substantially reducing global reads.",scramble,2,"global backbones, while most local hybrid-attention Experiments lost including substantially show models, reducing of under recovers and across selective the Qwen Gemma recall that performance attention",word order shuffled
47,cs.CL,"Experiments across Qwen and Gemma models, including hybrid-attention backbones, show that selective recall recovers most of the performance lost under local attention while substantially reducing global reads.",antonym,4,"Experiments across Qwen and Gemma models, including hybrid-attention backbones, show that selective recall recovers least of the performance lost under local attention while substantially reducing global reads.",most -> least
47,cs.CL,"Experiments across Qwen and Gemma models, including hybrid-attention backbones, show that selective recall recovers most of the performance lost under local attention while substantially reducing global reads.",negation,5,"It is not the case that experiments across Qwen and Gemma models, including hybrid-attention backbones, show that selective recall recovers most of the performance lost under local attention while substantially reducing global reads.",prepended denial
48,cs.CL,These findings support long-context inference in which pretrained models guide their own access to the information they retain.,identical,0,These findings support long-context inference in which pretrained models guide their own access to the information they retain.,unchanged
48,cs.CL,These findings support long-context inference in which pretrained models guide their own access to the information they retain.,synonym,1,These findings support long-context illation in which pretrained models guide their own access to the information they retain.,inference -> illation
48,cs.CL,These findings support long-context inference in which pretrained models guide their own access to the information they retain.,scramble,2,the pretrained own to they guide in support long-context models findings information which inference These access their,word order shuffled
48,cs.CL,These findings support long-context inference in which pretrained models guide their own access to the information they retain.,antonym,4,These findings negate long-context inference in which pretrained models guide their own access to the information they retain.,support -> negate
48,cs.CL,These findings support long-context inference in which pretrained models guide their own access to the information they retain.,negation,5,It is not the case that these findings support long-context inference in which pretrained models guide their own access to the information they retain.,prepended denial
49,cs.CL,Agent trajectories record what an agent does and what happens next.,identical,0,Agent trajectories record what an agent does and what happens next.,unchanged
49,cs.CL,Agent trajectories record what an agent does and what happens next.,synonym,1,Agent trajectories record what an agent make and what happens next.,does -> make
49,cs.CL,Agent trajectories record what an agent does and what happens next.,scramble,2,Agent happens what trajectories an what and record does agent,word order shuffled
49,cs.CL,Agent trajectories record what an agent does and what happens next.,antonym,4,Agent trajectories record what an agent does and what dematerialize next.,happens -> dematerialize
49,cs.CL,Agent trajectories record what an agent does and what happens next.,negation,5,Agent trajectories record what an agent does not and what happens next.,inserted 'not' after 'does'
50,cs.CL,"Yet standard supervised fine-tuning (SFT) applies loss only to agent-authored action tokens, using environment observations as context but not as prediction targets.",identical,0,"Yet standard supervised fine-tuning (SFT) applies loss only to agent-authored action tokens, using environment observations as context but not as prediction targets.",unchanged
50,cs.CL,"Yet standard supervised fine-tuning (SFT) applies loss only to agent-authored action tokens, using environment observations as context but not as prediction targets.",synonym,1,"Yet standard supervised fine-tuning (SFT) applies loss only to agent-authored activity tokens, using environment observations as context but not as prediction targets.",action -> activity
50,cs.CL,"Yet standard supervised fine-tuning (SFT) applies loss only to agent-authored action tokens, using environment observations as context but not as prediction targets.",scramble,2,"standard but fine-tuning context action prediction only applies Yet tokens, as not to loss agent-authored as observations supervised using environment (SFT)",word order shuffled
50,cs.CL,"Yet standard supervised fine-tuning (SFT) applies loss only to agent-authored action tokens, using environment observations as context but not as prediction targets.",antonym,4,"Yet nonstandard supervised fine-tuning (SFT) applies loss only to agent-authored action tokens, using environment observations as context but not as prediction targets.",standard -> nonstandard
50,cs.CL,"Yet standard supervised fine-tuning (SFT) applies loss only to agent-authored action tokens, using environment observations as context but not as prediction targets.",negation,5,"It is not the case that yet standard supervised fine-tuning (SFT) applies loss only to agent-authored action tokens, using environment observations as context but not as prediction targets.",prepended denial
51,cs.CL,We ask whether this convention provides the best initialization for subsequent reinforcement learning.,identical,0,We ask whether this convention provides the best initialization for subsequent reinforcement learning.,unchanged
51,cs.CL,We ask whether this convention provides the best initialization for subsequent reinforcement learning.,synonym,1,We ask whether this convention provides the best initialisation for subsequent reinforcement learning.,initialization -> initialisation
51,cs.CL,We ask whether this convention provides the best initialization for subsequent reinforcement learning.,scramble,2,whether for ask convention the We subsequent provides reinforcement initialization this best,word order shuffled
51,cs.CL,We ask whether this convention provides the best initialization for subsequent reinforcement learning.,antonym,4,We ask whether this convention provides the worst initialization for subsequent reinforcement learning.,best -> worst
51,cs.CL,We ask whether this convention provides the best initialization for subsequent reinforcement learning.,negation,5,It is not the case that we ask whether this convention provides the best initialization for subsequent reinforcement learning.,prepended denial
52,cs.CL,"We introduce ActObs, which also supervises the observation tokens already present in each trajectory.",identical,0,"We introduce ActObs, which also supervises the observation tokens already present in each trajectory.",unchanged
52,cs.CL,"We introduce ActObs, which also supervises the observation tokens already present in each trajectory.",synonym,1,"We introduce ActObs, which besides supervises the observation tokens already present in each trajectory.",also -> besides
52,cs.CL,"We introduce ActObs, which also supervises the observation tokens already present in each trajectory.",scramble,2,"in each supervises also tokens ActObs, introduce which We present the already observation",word order shuffled
52,cs.CL,"We introduce ActObs, which also supervises the observation tokens already present in each trajectory.",antonym,4,"We introduce ActObs, which also supervises the observation tokens already future in each trajectory.",present -> future
52,cs.CL,"We introduce ActObs, which also supervises the observation tokens already present in each trajectory.",negation,5,"It is not the case that we introduce ActObs, which also supervises the observation tokens already present in each trajectory.",prepended denial
53,cs.CL,"Although deployed agents never generate observations, learning to predict them encourages the policy to model action consequences without adding data, parameters, sequence tokens, or forward passes.",identical,0,"Although deployed agents never generate observations, learning to predict them encourages the policy to model action consequences without adding data, parameters, sequence tokens, or forward passes.",unchanged
53,cs.CL,"Although deployed agents never generate observations, learning to predict them encourages the policy to model action consequences without adding data, parameters, sequence tokens, or forward passes.",synonym,1,"Although deployed agents never generate observations, learning to foretell them encourages the policy to model action consequences without adding data, parameters, sequence tokens, or forward passes.",predict -> foretell
53,cs.CL,"Although deployed agents never generate observations, learning to predict them encourages the policy to model action consequences without adding data, parameters, sequence tokens, or forward passes.",scramble,2,"predict model the data, never learning deployed policy encourages to Although consequences to adding agents generate them forward sequence tokens, observations, or without parameters, action",word order shuffled
53,cs.CL,"Although deployed agents never generate observations, learning to predict them encourages the policy to model action consequences without adding data, parameters, sequence tokens, or forward passes.",antonym,4,"Although deployed agents never generate observations, learning to predict them discourage the policy to model action consequences without adding data, parameters, sequence tokens, or forward passes.",encourages -> discourage
53,cs.CL,"Although deployed agents never generate observations, learning to predict them encourages the policy to model action consequences without adding data, parameters, sequence tokens, or forward passes.",negation,5,"It is not the case that although deployed agents never generate observations, learning to predict them encourages the policy to model action consequences without adding data, parameters, sequence tokens, or forward passes.",prepended denial
54,cs.CL,The methods perform similarly after SFT but diverge after GRPO.,identical,0,The methods perform similarly after SFT but diverge after GRPO.,unchanged
54,cs.CL,The methods perform similarly after SFT but diverge after GRPO.,synonym,1,The methods execute similarly after SFT but diverge after GRPO.,perform -> execute
54,cs.CL,The methods perform similarly after SFT but diverge after GRPO.,scramble,2,methods perform after diverge similarly The but SFT after,word order shuffled
54,cs.CL,The methods perform similarly after SFT but diverge after GRPO.,negation,5,It is not the case that the methods perform similarly after SFT but diverge after GRPO.,prepended denial
55,cs.CL,"On Qwen3-4B, GRPO from ActObs achieves higher pass@k at every evaluated sampling budget than its action-only counterpart on Terminal-Bench 2.0.",identical,0,"On Qwen3-4B, GRPO from ActObs achieves higher pass@k at every evaluated sampling budget than its action-only counterpart on Terminal-Bench 2.0.",unchanged
55,cs.CL,"On Qwen3-4B, GRPO from ActObs achieves higher pass@k at every evaluated sampling budget than its action-only counterpart on Terminal-Bench 2.0.",synonym,1,"On Qwen3-4B, GRPO from ActObs achieves high pass@k at every evaluated sampling budget than its action-only counterpart on Terminal-Bench 2.0.",higher -> high
55,cs.CL,"On Qwen3-4B, GRPO from ActObs achieves higher pass@k at every evaluated sampling budget than its action-only counterpart on Terminal-Bench 2.0.",scramble,2,"Qwen3-4B, at On every sampling its achieves counterpart GRPO on higher action-only budget from than evaluated Terminal-Bench pass@k ActObs",word order shuffled
55,cs.CL,"On Qwen3-4B, GRPO from ActObs achieves higher pass@k at every evaluated sampling budget than its action-only counterpart on Terminal-Bench 2.0.",antonym,4,"On Qwen3-4B, GRPO from ActObs achieves low pass@k at every evaluated sampling budget than its action-only counterpart on Terminal-Bench 2.0.",higher -> low
55,cs.CL,"On Qwen3-4B, GRPO from ActObs achieves higher pass@k at every evaluated sampling budget than its action-only counterpart on Terminal-Bench 2.0.",negation,5,"It is not the case that on Qwen3-4B, GRPO from ActObs achieves higher pass@k at every evaluated sampling budget than its action-only counterpart on Terminal-Bench 2.0.",prepended denial
56,cs.CL,"The advantage extends to cross-domain code editing on aider-polyglot (+4.2 pp at pass@1 at 4B), whose tasks are unseen during SFT and RL.",identical,0,"The advantage extends to cross-domain code editing on aider-polyglot (+4.2 pp at pass@1 at 4B), whose tasks are unseen during SFT and RL.",unchanged
56,cs.CL,"The advantage extends to cross-domain code editing on aider-polyglot (+4.2 pp at pass@1 at 4B), whose tasks are unseen during SFT and RL.",synonym,1,"The advantage widen to cross-domain code editing on aider-polyglot (+4.2 pp at pass@1 at 4B), whose tasks are unseen during SFT and RL.",extends -> widen
56,cs.CL,"The advantage extends to cross-domain code editing on aider-polyglot (+4.2 pp at pass@1 at 4B), whose tasks are unseen during SFT and RL.",scramble,2,"4B), are on to at during pass@1 and The tasks whose pp unseen advantage SFT at extends aider-polyglot code (+4.2 cross-domain editing",word order shuffled
56,cs.CL,"The advantage extends to cross-domain code editing on aider-polyglot (+4.2 pp at pass@1 at 4B), whose tasks are unseen during SFT and RL.",antonym,4,"The advantage extends to cross-domain code editing on aider-polyglot (+4.2 pp at pass@1 at 4B), whose tasks differ unseen during SFT and RL.",are -> differ
56,cs.CL,"The advantage extends to cross-domain code editing on aider-polyglot (+4.2 pp at pass@1 at 4B), whose tasks are unseen during SFT and RL.",negation,5,"The advantage extends to cross-domain code editing on aider-polyglot (+4.2 pp at pass@1 at 4B), whose tasks are not unseen during SFT and RL.",inserted 'not' after 'are'
57,cs.CL,"ActObs retains more entropy during RL while requiring less policy movement, leaving the final policy closer to its SFT initialization.",identical,0,"ActObs retains more entropy during RL while requiring less policy movement, leaving the final policy closer to its SFT initialization.",unchanged
57,cs.CL,"ActObs retains more entropy during RL while requiring less policy movement, leaving the final policy closer to its SFT initialization.",synonym,1,"ActObs retains more entropy during RL while requiring less insurance movement, leaving the final policy closer to its SFT initialization.",policy -> insurance
57,cs.CL,"ActObs retains more entropy during RL while requiring less policy movement, leaving the final policy closer to its SFT initialization.",scramble,2,"SFT ActObs entropy requiring less leaving the movement, RL closer policy its more to retains while policy final during",word order shuffled
57,cs.CL,"ActObs retains more entropy during RL while requiring less policy movement, leaving the final policy closer to its SFT initialization.",antonym,4,"ActObs retains less entropy during RL while requiring less policy movement, leaving the final policy closer to its SFT initialization.",more -> less
57,cs.CL,"ActObs retains more entropy during RL while requiring less policy movement, leaving the final policy closer to its SFT initialization.",negation,5,"It is not the case that actObs retains more entropy during RL while requiring less policy movement, leaving the final policy closer to its SFT initialization.",prepended denial
58,cs.CL,"Joint supervision prevents this one-sided specialization, preserving consequence prediction and preparing the policy for downstream exploration.",identical,0,"Joint supervision prevents this one-sided specialization, preserving consequence prediction and preparing the policy for downstream exploration.",unchanged
58,cs.CL,"Joint supervision prevents this one-sided specialization, preserving consequence prediction and preparing the policy for downstream exploration.",synonym,1,"Joint supervision prevents this one-sided specialization, preserving consequence prediction and preparing the insurance for downstream exploration.",policy -> insurance
58,cs.CL,"Joint supervision prevents this one-sided specialization, preserving consequence prediction and preparing the policy for downstream exploration.",scramble,2,"this preserving specialization, one-sided for prediction prevents preparing the and Joint supervision downstream consequence policy",word order shuffled
58,cs.CL,"Joint supervision prevents this one-sided specialization, preserving consequence prediction and preparing the policy for downstream exploration.",antonym,4,"separate supervision prevents this one-sided specialization, preserving consequence prediction and preparing the policy for downstream exploration.",Joint -> separate
58,cs.CL,"Joint supervision prevents this one-sided specialization, preserving consequence prediction and preparing the policy for downstream exploration.",negation,5,"It is not the case that joint supervision prevents this one-sided specialization, preserving consequence prediction and preparing the policy for downstream exploration.",prepended denial
59,cs.CL,Shown mode is the higher-load condition the doctrine is designed to measure.,identical,0,Shown mode is the higher-load condition the doctrine is designed to measure.,unchanged
59,cs.CL,Shown mode is the higher-load condition the doctrine is designed to measure.,synonym,1,Shown mode is the higher-load condition the philosophy is designed to measure.,doctrine -> philosophy
59,cs.CL,Shown mode is the higher-load condition the doctrine is designed to measure.,scramble,2,is condition the is Shown designed higher-load doctrine to the mode,word order shuffled
59,cs.CL,Shown mode is the higher-load condition the doctrine is designed to measure.,antonym,4,Shown mode is the higher-load condition the doctrine differ designed to measure.,is -> differ
59,cs.CL,Shown mode is the higher-load condition the doctrine is designed to measure.,negation,5,Shown mode is not the higher-load condition the doctrine is designed to measure.,inserted 'not' after 'is'
60,cs.CL,The claim is that LLMs fail along this axis in a specific direction.,identical,0,The claim is that LLMs fail along this axis in a specific direction.,unchanged
60,cs.CL,The claim is that LLMs fail along this axis in a specific direction.,synonym,1,The claim is that LLMs fail along this bloc in a specific direction.,axis -> bloc
60,cs.CL,The claim is that LLMs fail along this axis in a specific direction.,scramble,2,along in a is claim LLMs that The fail axis specific this,word order shuffled
60,cs.CL,The claim is that LLMs fail along this axis in a specific direction.,antonym,4,The claim differ that LLMs fail along this axis in a specific direction.,is -> differ
60,cs.CL,The claim is that LLMs fail along this axis in a specific direction.,negation,5,The claim is not that LLMs fail along this axis in a specific direction.,inserted 'not' after 'is'
61,cs.CL,"Large language models are increasingly used in healthcare communication, yet most evaluations emphasize response quality while assuming that the user's concern has been interpreted correctly.",identical,0,"Large language models are increasingly used in healthcare communication, yet most evaluations emphasize response quality while assuming that the user's concern has been interpreted correctly.",unchanged
61,cs.CL,"Large language models are increasingly used in healthcare communication, yet most evaluations emphasize response quality while assuming that the user's concern has been interpreted correctly.",synonym,1,"Large language models be increasingly used in healthcare communication, yet most evaluations emphasize response quality while assuming that the user's concern has been interpreted correctly.",are -> be
61,cs.CL,"Large language models are increasingly used in healthcare communication, yet most evaluations emphasize response quality while assuming that the user's concern has been interpreted correctly.",scramble,2,"assuming while in language communication, the that healthcare response evaluations interpreted user's increasingly are used Large has been most concern yet quality models emphasize",word order shuffled
61,cs.CL,"Large language models are increasingly used in healthcare communication, yet most evaluations emphasize response quality while assuming that the user's concern has been interpreted correctly.",antonym,4,"Large language models are increasingly used in healthcare communication, yet most evaluations emphasize response quality while assuming that the user's concern has differ interpreted correctly.",been -> differ
61,cs.CL,"Large language models are increasingly used in healthcare communication, yet most evaluations emphasize response quality while assuming that the user's concern has been interpreted correctly.",negation,5,"Large language models are not increasingly used in healthcare communication, yet most evaluations emphasize response quality while assuming that the user's concern has been interpreted correctly.",inserted 'not' after 'are'
62,cs.CL,"We introduce HerHealthEval, a controlled evaluation framework for multilingual understanding of women's-health communication.",identical,0,"We introduce HerHealthEval, a controlled evaluation framework for multilingual understanding of women's-health communication.",unchanged
62,cs.CL,"We introduce HerHealthEval, a controlled evaluation framework for multilingual understanding of women's-health communication.",synonym,1,"We introduce HerHealthEval, a controlled evaluation framework for multilingual apprehension of women's-health communication.",understanding -> apprehension
62,cs.CL,"We introduce HerHealthEval, a controlled evaluation framework for multilingual understanding of women's-health communication.",scramble,2,"multilingual a controlled HerHealthEval, for understanding evaluation women's-health We introduce framework of",word order shuffled
62,cs.CL,"We introduce HerHealthEval, a controlled evaluation framework for multilingual understanding of women's-health communication.",antonym,4,"We introduce HerHealthEval, a controlled evaluation framework for monolingual understanding of women's-health communication.",multilingual -> monolingual
62,cs.CL,"We introduce HerHealthEval, a controlled evaluation framework for multilingual understanding of women's-health communication.",negation,5,"It is not the case that we introduce HerHealthEval, a controlled evaluation framework for multilingual understanding of women's-health communication.",prepended denial
63,cs.CL,"For each clinical case, HerHealthEval provides matched versions in English, French, and Modern Standard Arabic using six communicative forms: canonical, clinical, layperson, indirect or hedged, emotionally concerned, and deliberately under-specified.",identical,0,"For each clinical case, HerHealthEval provides matched versions in English, French, and Modern Standard Arabic using six communicative forms: canonical, clinical, layperson, indirect or hedged, emotionally concerned, and deliberately under-specified.",unchanged
63,cs.CL,"For each clinical case, HerHealthEval provides matched versions in English, French, and Modern Standard Arabic using six communicative forms: canonical, clinical, layperson, indirect or hedged, emotionally concerned, and deliberately under-specified.",synonym,1,"For each clinical case, HerHealthEval provides matched version in English, French, and Modern Standard Arabic using six communicative forms: canonical, clinical, layperson, indirect or hedged, emotionally concerned, and deliberately under-specified.",versions -> version
63,cs.CL,"For each clinical case, HerHealthEval provides matched versions in English, French, and Modern Standard Arabic using six communicative forms: canonical, clinical, layperson, indirect or hedged, emotionally concerned, and deliberately under-specified.",scramble,2,"hedged, indirect HerHealthEval deliberately forms: matched French, using or clinical, Standard clinical canonical, emotionally concerned, case, versions communicative Arabic and For provides in English, layperson, each six Modern and",word order shuffled
63,cs.CL,"For each clinical case, HerHealthEval provides matched versions in English, French, and Modern Standard Arabic using six communicative forms: canonical, clinical, layperson, indirect or hedged, emotionally concerned, and deliberately under-specified.",antonym,4,"For each clinical case, HerHealthEval provides matched versions in English, French, and Modern Standard Arabic using six uncommunicative forms: canonical, clinical, layperson, indirect or hedged, emotionally concerned, and deliberately under-specified.",communicative -> uncommunicative
63,cs.CL,"For each clinical case, HerHealthEval provides matched versions in English, French, and Modern Standard Arabic using six communicative forms: canonical, clinical, layperson, indirect or hedged, emotionally concerned, and deliberately under-specified.",negation,5,"It is not the case that for each clinical case, HerHealthEval provides matched versions in English, French, and Modern Standard Arabic using six communicative forms: canonical, clinical, layperson, indirect or hedged, emotionally concerned, and deliberately under-specified.",prepended denial
64,cs.CL,"We evaluate a multilingual instruction model and QLoRA-adapted variants on concern classification, risk calibration, clarification behavior, parse compliance, and cross-form consistency.",identical,0,"We evaluate a multilingual instruction model and QLoRA-adapted variants on concern classification, risk calibration, clarification behavior, parse compliance, and cross-form consistency.",unchanged
64,cs.CL,"We evaluate a multilingual instruction model and QLoRA-adapted variants on concern classification, risk calibration, clarification behavior, parse compliance, and cross-form consistency.",synonym,1,"We evaluate a multilingual instruction model and QLoRA-adapted variants on concern classification, hazard calibration, clarification behavior, parse compliance, and cross-form consistency.",risk -> hazard
64,cs.CL,"We evaluate a multilingual instruction model and QLoRA-adapted variants on concern classification, risk calibration, clarification behavior, parse compliance, and cross-form consistency.",scramble,2,"classification, multilingual evaluate clarification on cross-form a and behavior, model compliance, We variants risk concern QLoRA-adapted parse and calibration, instruction",word order shuffled
64,cs.CL,"We evaluate a multilingual instruction model and QLoRA-adapted variants on concern classification, risk calibration, clarification behavior, parse compliance, and cross-form consistency.",antonym,4,"We evaluate a monolingual instruction model and QLoRA-adapted variants on concern classification, risk calibration, clarification behavior, parse compliance, and cross-form consistency.",multilingual -> monolingual
64,cs.CL,"We evaluate a multilingual instruction model and QLoRA-adapted variants on concern classification, risk calibration, clarification behavior, parse compliance, and cross-form consistency.",negation,5,"It is not the case that we evaluate a multilingual instruction model and QLoRA-adapted variants on concern classification, risk calibration, clarification behavior, parse compliance, and cross-form consistency.",prepended denial
65,cs.CL,Results reveal that aggregate accuracy and consistency can conceal safety-relevant failures.,identical,0,Results reveal that aggregate accuracy and consistency can conceal safety-relevant failures.,unchanged
65,cs.CL,Results reveal that aggregate accuracy and consistency can conceal safety-relevant failures.,synonym,1,consequence reveal that aggregate accuracy and consistency can conceal safety-relevant failures.,Results -> consequence
65,cs.CL,Results reveal that aggregate accuracy and consistency can conceal safety-relevant failures.,scramble,2,conceal that aggregate can reveal consistency accuracy safety-relevant Results and,word order shuffled
65,cs.CL,Results reveal that aggregate accuracy and consistency can conceal safety-relevant failures.,antonym,4,Results reveal that aggregate accuracy and consistency can show safety-relevant failures.,conceal -> show
65,cs.CL,Results reveal that aggregate accuracy and consistency can conceal safety-relevant failures.,negation,5,Results reveal that aggregate accuracy and consistency can not conceal safety-relevant failures.,inserted 'not' after 'can'
66,cs.CL,A multilingual adaptation model reaches 0.994 under-triage in French and Arabic under language-asymmetric risk supervision.,identical,0,A multilingual adaptation model reaches 0.994 under-triage in French and Arabic under language-asymmetric risk supervision.,unchanged
66,cs.CL,A multilingual adaptation model reaches 0.994 under-triage in French and Arabic under language-asymmetric risk supervision.,synonym,1,A multilingual adaptation model reaches 0.994 under-triage in Gallic and Arabic under language-asymmetric risk supervision.,French -> Gallic
66,cs.CL,A multilingual adaptation model reaches 0.994 under-triage in French and Arabic under language-asymmetric risk supervision.,scramble,2,A model in reaches French and adaptation language-asymmetric risk under-triage Arabic under 0.994 multilingual,word order shuffled
66,cs.CL,A multilingual adaptation model reaches 0.994 under-triage in French and Arabic under language-asymmetric risk supervision.,number_swap,3,A multilingual adaptation model reaches 25.994 under-triage in French and Arabic under language-asymmetric risk supervision.,0.994 -> 25.994
66,cs.CL,A multilingual adaptation model reaches 0.994 under-triage in French and Arabic under language-asymmetric risk supervision.,antonym,4,A monolingual adaptation model reaches 0.994 under-triage in French and Arabic under language-asymmetric risk supervision.,multilingual -> monolingual
66,cs.CL,A multilingual adaptation model reaches 0.994 under-triage in French and Arabic under language-asymmetric risk supervision.,negation,5,It is not the case that a multilingual adaptation model reaches 0.994 under-triage in French and Arabic under language-asymmetric risk supervision.,prepended denial
67,cs.CL,"A controlled re-adaptation using source-derived, language-invariant risk labels reduces under-triage to 0.572 and 0.558, respectively.",identical,0,"A controlled re-adaptation using source-derived, language-invariant risk labels reduces under-triage to 0.572 and 0.558, respectively.",unchanged
67,cs.CL,"A controlled re-adaptation using source-derived, language-invariant risk labels reduces under-triage to 0.572 and 0.558, respectively.",synonym,1,"A controlled re-adaptation use source-derived, language-invariant risk labels reduces under-triage to 0.572 and 0.558, respectively.",using -> use
67,cs.CL,"A controlled re-adaptation using source-derived, language-invariant risk labels reduces under-triage to 0.572 and 0.558, respectively.",scramble,2,"under-triage source-derived, risk and A 0.558, to reduces 0.572 using controlled language-invariant re-adaptation labels",word order shuffled
67,cs.CL,"A controlled re-adaptation using source-derived, language-invariant risk labels reduces under-triage to 0.572 and 0.558, respectively.",number_swap,3,"A controlled re-adaptation using source-derived, language-invariant risk labels reduces under-triage to 11.572 and 0.558, respectively.",0.572 -> 11.572
67,cs.CL,"A controlled re-adaptation using source-derived, language-invariant risk labels reduces under-triage to 0.572 and 0.558, respectively.",antonym,4,"A controlled re-adaptation using source-derived, language-invariant risk labels oxidize under-triage to 0.572 and 0.558, respectively.",reduces -> oxidize
67,cs.CL,"A controlled re-adaptation using source-derived, language-invariant risk labels reduces under-triage to 0.572 and 0.558, respectively.",negation,5,"It is not the case that a controlled re-adaptation using source-derived, language-invariant risk labels reduces under-triage to 0.572 and 0.558, respectively.",prepended denial
68,cs.CL,"These findings show that robust multilingual healthcare evaluation requires explicit testing of register variation, uncertainty handling, and the provenance and invariance of adaptation labels.",identical,0,"These findings show that robust multilingual healthcare evaluation requires explicit testing of register variation, uncertainty handling, and the provenance and invariance of adaptation labels.",unchanged
68,cs.CL,"These findings show that robust multilingual healthcare evaluation requires explicit testing of register variation, uncertainty handling, and the provenance and invariance of adaptation labels.",synonym,1,"These findings show that robust multilingual healthcare evaluation requires explicit testing of register variation, uncertainness handling, and the provenance and invariance of adaptation labels.",uncertainty -> uncertainness
68,cs.CL,"These findings show that robust multilingual healthcare evaluation requires explicit testing of register variation, uncertainty handling, and the provenance and invariance of adaptation labels.",scramble,2,"of and and register robust uncertainty evaluation requires that provenance findings of invariance healthcare explicit multilingual variation, These handling, testing adaptation the show",word order shuffled
68,cs.CL,"These findings show that robust multilingual healthcare evaluation requires explicit testing of register variation, uncertainty handling, and the provenance and invariance of adaptation labels.",antonym,4,"These findings show that robust multilingual healthcare evaluation obviate explicit testing of register variation, uncertainty handling, and the provenance and invariance of adaptation labels.",requires -> obviate
68,cs.CL,"These findings show that robust multilingual healthcare evaluation requires explicit testing of register variation, uncertainty handling, and the provenance and invariance of adaptation labels.",negation,5,"It is not the case that these findings show that robust multilingual healthcare evaluation requires explicit testing of register variation, uncertainty handling, and the provenance and invariance of adaptation labels.",prepended denial
69,cs.CL,"Allen's interval algebra is a qualitative calculus for temporal relations, but its thirteen base relations are crisp predicates over exact interval boundaries.",identical,0,"Allen's interval algebra is a qualitative calculus for temporal relations, but its thirteen base relations are crisp predicates over exact interval boundaries.",unchanged
69,cs.CL,"Allen's interval algebra is a qualitative calculus for temporal relations, but its thirteen base relations are crisp predicates over exact interval boundaries.",synonym,1,"Allen's interval algebra is a qualitative calculus for temporal relations, but its thirteen base relations are crisp predicate over exact interval boundaries.",predicates -> predicate
69,cs.CL,"Allen's interval algebra is a qualitative calculus for temporal relations, but its thirteen base relations are crisp predicates over exact interval boundaries.",scramble,2,"crisp base thirteen are is a calculus qualitative over interval but its algebra Allen's relations, predicates for interval exact relations temporal",word order shuffled
69,cs.CL,"Allen's interval algebra is a qualitative calculus for temporal relations, but its thirteen base relations are crisp predicates over exact interval boundaries.",antonym,4,"Allen's interval algebra is a quantitative calculus for temporal relations, but its thirteen base relations are crisp predicates over exact interval boundaries.",qualitative -> quantitative
69,cs.CL,"Allen's interval algebra is a qualitative calculus for temporal relations, but its thirteen base relations are crisp predicates over exact interval boundaries.",negation,5,"Allen's interval algebra is not a qualitative calculus for temporal relations, but its thirteen base relations are crisp predicates over exact interval boundaries.",inserted 'not' after 'is'
70,cs.CL,We develop the probabilistic Allen algebra (PAA): a generative and complete extension in which relation probabilities are derived from distributions over interval boundaries rather than assigned as scores.,identical,0,We develop the probabilistic Allen algebra (PAA): a generative and complete extension in which relation probabilities are derived from distributions over interval boundaries rather than assigned as scores.,unchanged
70,cs.CL,We develop the probabilistic Allen algebra (PAA): a generative and complete extension in which relation probabilities are derived from distributions over interval boundaries rather than assigned as scores.,synonym,1,We develop the probabilistic Allen algebra (PAA): a generative and complete extension in which relation probability are derived from distributions over interval boundaries rather than assigned as scores.,probabilities -> probability
70,cs.CL,We develop the probabilistic Allen algebra (PAA): a generative and complete extension in which relation probabilities are derived from distributions over interval boundaries rather than assigned as scores.,scramble,2,generative relation algebra probabilities distributions the develop We are in derived a complete (PAA): assigned which extension and over boundaries interval probabilistic rather than from as Allen,word order shuffled
70,cs.CL,We develop the probabilistic Allen algebra (PAA): a generative and complete extension in which relation probabilities are derived from distributions over interval boundaries rather than assigned as scores.,antonym,4,We develop the probabilistic Allen algebra (PAA): a generative and complete extension in which relation probabilities differ derived from distributions over interval boundaries rather than assigned as scores.,are -> differ
70,cs.CL,We develop the probabilistic Allen algebra (PAA): a generative and complete extension in which relation probabilities are derived from distributions over interval boundaries rather than assigned as scores.,negation,5,We develop the probabilistic Allen algebra (PAA): a generative and complete extension in which relation probabilities are not derived from distributions over interval boundaries rather than assigned as scores.,inserted 'not' after 'are'
71,cs.CL,Time points are Gaussian; intervals have Gaussian midpoints and truncated-Gaussian durations.,identical,0,Time points are Gaussian; intervals have Gaussian midpoints and truncated-Gaussian durations.,unchanged
71,cs.CL,Time points are Gaussian; intervals have Gaussian midpoints and truncated-Gaussian durations.,synonym,1,Time points are Gaussian; interval have Gaussian midpoints and truncated-Gaussian durations.,intervals -> interval
71,cs.CL,Time points are Gaussian; intervals have Gaussian midpoints and truncated-Gaussian durations.,scramble,2,midpoints are Gaussian; Time have and truncated-Gaussian Gaussian intervals points,word order shuffled
71,cs.CL,Time points are Gaussian; intervals have Gaussian midpoints and truncated-Gaussian durations.,antonym,4,Time points are Gaussian; intervals lack Gaussian midpoints and truncated-Gaussian durations.,have -> lack
71,cs.CL,Time points are Gaussian; intervals have Gaussian midpoints and truncated-Gaussian durations.,negation,5,Time points are not Gaussian; intervals have Gaussian midpoints and truncated-Gaussian durations.,inserted 'not' after 'are'
72,cs.CL,Each relation further decomposes into correlation-aware temporal primitives in the spirit of CIDOC CRM.,identical,0,Each relation further decomposes into correlation-aware temporal primitives in the spirit of CIDOC CRM.,unchanged
72,cs.CL,Each relation further decomposes into correlation-aware temporal primitives in the spirit of CIDOC CRM.,synonym,1,Each relation further decomposes into correlation-aware temporal primitives in the tone of CIDOC CRM.,spirit -> tone
72,cs.CL,Each relation further decomposes into correlation-aware temporal primitives in the spirit of CIDOC CRM.,scramble,2,decomposes relation primitives of Each temporal CIDOC into further spirit correlation-aware in the,word order shuffled
72,cs.CL,Each relation further decomposes into correlation-aware temporal primitives in the spirit of CIDOC CRM.,antonym,4,Each relation further decomposes into correlation-aware unworldly primitives in the spirit of CIDOC CRM.,temporal -> unworldly
72,cs.CL,Each relation further decomposes into correlation-aware temporal primitives in the spirit of CIDOC CRM.,negation,5,It is not the case that each relation further decomposes into correlation-aware temporal primitives in the spirit of CIDOC CRM.,prepended denial
73,cs.CL,"The algebra is scale-invariant and separates graded expressions such as ""shortly before"" from contact relations.",identical,0,"The algebra is scale-invariant and separates graded expressions such as ""shortly before"" from contact relations.",unchanged
73,cs.CL,"The algebra is scale-invariant and separates graded expressions such as ""shortly before"" from contact relations.",synonym,1,"The algebra is scale-invariant and separates rate expressions such as ""shortly before"" from contact relations.",graded -> rate
73,cs.CL,"The algebra is scale-invariant and separates graded expressions such as ""shortly before"" from contact relations.",scramble,2,"""shortly algebra before"" is separates The as graded such from contact scale-invariant and expressions",word order shuffled
73,cs.CL,"The algebra is scale-invariant and separates graded expressions such as ""shortly before"" from contact relations.",antonym,4,"The algebra differ scale-invariant and separates graded expressions such as ""shortly before"" from contact relations.",is -> differ
73,cs.CL,"The algebra is scale-invariant and separates graded expressions such as ""shortly before"" from contact relations.",negation,5,"The algebra is not scale-invariant and separates graded expressions such as ""shortly before"" from contact relations.",inserted 'not' after 'is'
74,cs.CL,"All results are Monte-Carlo validated and shipped as an open, tested Python package.",identical,0,"All results are Monte-Carlo validated and shipped as an open, tested Python package.",unchanged
74,cs.CL,"All results are Monte-Carlo validated and shipped as an open, tested Python package.",synonym,1,"All results be Monte-Carlo validated and shipped as an open, tested Python package.",are -> be
74,cs.CL,"All results are Monte-Carlo validated and shipped as an open, tested Python package.",scramble,2,"an validated open, as results and are Monte-Carlo All tested Python shipped",word order shuffled
74,cs.CL,"All results are Monte-Carlo validated and shipped as an open, tested Python package.",antonym,4,"All results are Monte-Carlo validated and disembark as an open, tested Python package.",shipped -> disembark
74,cs.CL,"All results are Monte-Carlo validated and shipped as an open, tested Python package.",negation,5,"All results are not Monte-Carlo validated and shipped as an open, tested Python package.",inserted 'not' after 'are'
75,cs.CL,Search advertising connects user intent with commercial content and plays a critical role in platform monetization.,identical,0,Search advertising connects user intent with commercial content and plays a critical role in platform monetization.,unchanged
75,cs.CL,Search advertising connects user intent with commercial content and plays a critical role in platform monetization.,synonym,1,Search advertising connects user intent with commercial content and plays a critical role in program monetization.,platform -> program
75,cs.CL,Search advertising connects user intent with commercial content and plays a critical role in platform monetization.,scramble,2,with commercial connects user in intent and platform advertising role critical plays a Search content,word order shuffled
75,cs.CL,Search advertising connects user intent with commercial content and plays a critical role in platform monetization.,antonym,4,Search advertising connects user intent with commercial content and plays a uncritical role in platform monetization.,critical -> uncritical
75,cs.CL,Search advertising connects user intent with commercial content and plays a critical role in platform monetization.,negation,5,It is not the case that search advertising connects user intent with commercial content and plays a critical role in platform monetization.,prepended denial
76,cs.CL,"Recent systems typically align pretrained generative models with a single business reward, such as eCPM, or use naive reward fusion for preliminary multi-objective alignment.",identical,0,"Recent systems typically align pretrained generative models with a single business reward, such as eCPM, or use naive reward fusion for preliminary multi-objective alignment.",unchanged
76,cs.CL,"Recent systems typically align pretrained generative models with a single business reward, such as eCPM, or use naive reward fusion for preliminary multi-objective alignment.",synonym,1,"Recent systems typically align pretrained generative models with a single business reward, such as eCPM, or use naive wages fusion for preliminary multi-objective alignment.",reward -> wages
76,cs.CL,"Recent systems typically align pretrained generative models with a single business reward, such as eCPM, or use naive reward fusion for preliminary multi-objective alignment.",scramble,2,"pretrained with single for reward typically generative eCPM, fusion or use align a as multi-objective business preliminary reward, models naive systems Recent such",word order shuffled
76,cs.CL,"Recent systems typically align pretrained generative models with a single business reward, such as eCPM, or use naive reward fusion for preliminary multi-objective alignment.",antonym,4,"Recent systems typically skew pretrained generative models with a single business reward, such as eCPM, or use naive reward fusion for preliminary multi-objective alignment.",align -> skew
76,cs.CL,"Recent systems typically align pretrained generative models with a single business reward, such as eCPM, or use naive reward fusion for preliminary multi-objective alignment.",negation,5,"It is not the case that recent systems typically align pretrained generative models with a single business reward, such as eCPM, or use naive reward fusion for preliminary multi-objective alignment.",prepended denial
77,cs.CL,"UniPolicy combines objective-specific prefix tokens, sparse MoE-LoRA routing, and objective-specific residual FFNs to hierarchically decouple parameters within a shared backbone, providing differentiated parameter and policy-expression spaces for different business objectives.",identical,0,"UniPolicy combines objective-specific prefix tokens, sparse MoE-LoRA routing, and objective-specific residual FFNs to hierarchically decouple parameters within a shared backbone, providing differentiated parameter and policy-expression spaces for different business objectives.",unchanged
77,cs.CL,"UniPolicy combines objective-specific prefix tokens, sparse MoE-LoRA routing, and objective-specific residual FFNs to hierarchically decouple parameters within a shared backbone, providing differentiated parameter and policy-expression spaces for different business objectives.",synonym,1,"UniPolicy combines objective-specific prefix tokens, sparse MoE-LoRA routing, and objective-specific residual FFNs to hierarchically decouple parameters within a shared backbone, providing differentiated parameter and policy-expression space for different business objectives.",spaces -> space
77,cs.CL,"UniPolicy combines objective-specific prefix tokens, sparse MoE-LoRA routing, and objective-specific residual FFNs to hierarchically decouple parameters within a shared backbone, providing differentiated parameter and policy-expression spaces for different business objectives.",scramble,2,"routing, residual and within sparse backbone, to different spaces combines policy-expression objective-specific FFNs decouple shared for business hierarchically objective-specific UniPolicy providing differentiated MoE-LoRA tokens, parameter parameters and a prefix",word order shuffled
77,cs.CL,"UniPolicy combines objective-specific prefix tokens, sparse MoE-LoRA routing, and objective-specific residual FFNs to hierarchically decouple parameters within a shared backbone, providing differentiated parameter and policy-expression spaces for different business objectives.",antonym,4,"UniPolicy combines objective-specific prefix tokens, sparse MoE-LoRA routing, and objective-specific residual FFNs to hierarchically decouple parameters within a shared backbone, providing differentiated parameter and policy-expression spaces for same business objectives.",different -> same
77,cs.CL,"UniPolicy combines objective-specific prefix tokens, sparse MoE-LoRA routing, and objective-specific residual FFNs to hierarchically decouple parameters within a shared backbone, providing differentiated parameter and policy-expression spaces for different business objectives.",negation,5,"It is not the case that uniPolicy combines objective-specific prefix tokens, sparse MoE-LoRA routing, and objective-specific residual FFNs to hierarchically decouple parameters within a shared backbone, providing differentiated parameter and policy-expression spaces for different business objectives.",prepended denial
78,cs.CL,"It further constructs pairwise preferences from multi-stage behavioral feedback, supplementing the relative preference information in exposed-but-unclicked samples and strengthening the relative advantage of clicked candidates in the generation distribution.",identical,0,"It further constructs pairwise preferences from multi-stage behavioral feedback, supplementing the relative preference information in exposed-but-unclicked samples and strengthening the relative advantage of clicked candidates in the generation distribution.",unchanged
78,cs.CL,"It further constructs pairwise preferences from multi-stage behavioral feedback, supplementing the relative preference information in exposed-but-unclicked samples and strengthening the relative advantage of clicked candidates in the generation distribution.",synonym,1,"It further constructs pairwise preference from multi-stage behavioral feedback, supplementing the relative preference information in exposed-but-unclicked samples and strengthening the relative advantage of clicked candidates in the generation distribution.",preferences -> preference
78,cs.CL,"It further constructs pairwise preferences from multi-stage behavioral feedback, supplementing the relative preference information in exposed-but-unclicked samples and strengthening the relative advantage of clicked candidates in the generation distribution.",scramble,2,"exposed-but-unclicked relative preferences samples It and advantage supplementing further candidates of multi-stage behavioral information in strengthening the in generation preference pairwise from the relative constructs clicked feedback, the",word order shuffled
78,cs.CL,"It further constructs pairwise preferences from multi-stage behavioral feedback, supplementing the relative preference information in exposed-but-unclicked samples and strengthening the relative advantage of clicked candidates in the generation distribution.",antonym,4,"It further constructs pairwise preferences from multi-stage behavioral feedback, supplementing the relative preference information in exposed-but-unclicked samples and strengthening the absolute advantage of clicked candidates in the generation distribution.",relative -> absolute
78,cs.CL,"It further constructs pairwise preferences from multi-stage behavioral feedback, supplementing the relative preference information in exposed-but-unclicked samples and strengthening the relative advantage of clicked candidates in the generation distribution.",negation,5,"It is not the case that it further constructs pairwise preferences from multi-stage behavioral feedback, supplementing the relative preference information in exposed-but-unclicked samples and strengthening the relative advantage of clicked candidates in the generation distribution.",prepended denial
79,cs.CL,"At inference, UniPolicy supports parallel, business-customizable multi-policy beam search, flexibly allocating candidate quotas across objectives under a fixed retrieval budget.",identical,0,"At inference, UniPolicy supports parallel, business-customizable multi-policy beam search, flexibly allocating candidate quotas across objectives under a fixed retrieval budget.",unchanged
79,cs.CL,"At inference, UniPolicy supports parallel, business-customizable multi-policy beam search, flexibly allocating candidate quotas across objectives under a fixed retrieval budget.",synonym,1,"At inference, UniPolicy supports parallel, business-customizable multi-policy beam search, flexibly allocating candidate quotas across objectives under a set retrieval budget.",fixed -> set
79,cs.CL,"At inference, UniPolicy supports parallel, business-customizable multi-policy beam search, flexibly allocating candidate quotas across objectives under a fixed retrieval budget.",scramble,2,"across retrieval objectives a quotas inference, fixed flexibly multi-policy candidate supports search, At parallel, business-customizable beam allocating under UniPolicy",word order shuffled
79,cs.CL,"At inference, UniPolicy supports parallel, business-customizable multi-policy beam search, flexibly allocating candidate quotas across objectives under a fixed retrieval budget.",antonym,4,"At inference, UniPolicy supports parallel, business-customizable multi-policy beam search, flexibly allocating candidate quotas across objectives under a unfixed retrieval budget.",fixed -> unfixed
79,cs.CL,"At inference, UniPolicy supports parallel, business-customizable multi-policy beam search, flexibly allocating candidate quotas across objectives under a fixed retrieval budget.",negation,5,"It is not the case that at inference, UniPolicy supports parallel, business-customizable multi-policy beam search, flexibly allocating candidate quotas across objectives under a fixed retrieval budget.",prepended denial
80,cs.CL,"Large-scale offline experiments show that UniPolicy delivers balanced improvements across multiple metrics while preserving retrieval quality, outperforming single-objective reinforcement learning and naive reward-fusion baselines.",identical,0,"Large-scale offline experiments show that UniPolicy delivers balanced improvements across multiple metrics while preserving retrieval quality, outperforming single-objective reinforcement learning and naive reward-fusion baselines.",unchanged
80,cs.CL,"Large-scale offline experiments show that UniPolicy delivers balanced improvements across multiple metrics while preserving retrieval quality, outperforming single-objective reinforcement learning and naive reward-fusion baselines.",synonym,1,"Large-scale offline experiments show that UniPolicy delivers balanced improvements across multiple metrics while preserving retrieval quality, outperforming single-objective reinforcement learning and naif reward-fusion baselines.",naive -> naif
80,cs.CL,"Large-scale offline experiments show that UniPolicy delivers balanced improvements across multiple metrics while preserving retrieval quality, outperforming single-objective reinforcement learning and naive reward-fusion baselines.",scramble,2,"reinforcement UniPolicy improvements naive while retrieval learning quality, that offline delivers preserving balanced experiments reward-fusion show and outperforming single-objective across metrics multiple Large-scale",word order shuffled
80,cs.CL,"Large-scale offline experiments show that UniPolicy delivers balanced improvements across multiple metrics while preserving retrieval quality, outperforming single-objective reinforcement learning and naive reward-fusion baselines.",antonym,4,"Large-scale offline experiments show that UniPolicy delivers unbalance improvements across multiple metrics while preserving retrieval quality, outperforming single-objective reinforcement learning and naive reward-fusion baselines.",balanced -> unbalance
80,cs.CL,"Large-scale offline experiments show that UniPolicy delivers balanced improvements across multiple metrics while preserving retrieval quality, outperforming single-objective reinforcement learning and naive reward-fusion baselines.",negation,5,"It is not the case that large-scale offline experiments show that UniPolicy delivers balanced improvements across multiple metrics while preserving retrieval quality, outperforming single-objective reinforcement learning and naive reward-fusion baselines.",prepended denial
81,cs.CL,"In a 7-day online A/B test on a real search advertising system, UniPolicy improves CTR by 0.71%, RPS by 1.58%, and advertising revenue by 1.32%, while maintaining stable serving latency.",identical,0,"In a 7-day online A/B test on a real search advertising system, UniPolicy improves CTR by 0.71%, RPS by 1.58%, and advertising revenue by 1.32%, while maintaining stable serving latency.",unchanged
81,cs.CL,"In a 7-day online A/B test on a real search advertising system, UniPolicy improves CTR by 0.71%, RPS by 1.58%, and advertising revenue by 1.32%, while maintaining stable serving latency.",synonym,1,"In a 7-day online A/B test on a existent search advertising system, UniPolicy improves CTR by 0.71%, RPS by 1.58%, and advertising revenue by 1.32%, while maintaining stable serving latency.",real -> existent
81,cs.CL,"In a 7-day online A/B test on a real search advertising system, UniPolicy improves CTR by 0.71%, RPS by 1.58%, and advertising revenue by 1.32%, while maintaining stable serving latency.",scramble,2,"7-day improves CTR while In online by by serving a real maintaining UniPolicy a advertising advertising 0.71%, test A/B system, search 1.58%, stable 1.32%, on and RPS by revenue",word order shuffled
81,cs.CL,"In a 7-day online A/B test on a real search advertising system, UniPolicy improves CTR by 0.71%, RPS by 1.58%, and advertising revenue by 1.32%, while maintaining stable serving latency.",antonym,4,"In a 7-day online A/B test on a real search advertising system, UniPolicy worsen CTR by 0.71%, RPS by 1.58%, and advertising revenue by 1.32%, while maintaining stable serving latency.",improves -> worsen
81,cs.CL,"In a 7-day online A/B test on a real search advertising system, UniPolicy improves CTR by 0.71%, RPS by 1.58%, and advertising revenue by 1.32%, while maintaining stable serving latency.",negation,5,"It is not the case that in a 7-day online A/B test on a real search advertising system, UniPolicy improves CTR by 0.71%, RPS by 1.58%, and advertising revenue by 1.32%, while maintaining stable serving latency.",prepended denial
82,cs.CL,"Record-and-replay makes a run reproducible, but existing agent tooling records runs only to trace or score them, not to test a code change against them.",identical,0,"Record-and-replay makes a run reproducible, but existing agent tooling records runs only to trace or score them, not to test a code change against them.",unchanged
82,cs.CL,"Record-and-replay makes a run reproducible, but existing agent tooling records runs only to trace or score them, not to test a code change against them.",synonym,1,"Record-and-replay makes a run reproducible, but existing agent tooling records runs only to trace or hit them, not to test a code change against them.",score -> hit
82,cs.CL,"Record-and-replay makes a run reproducible, but existing agent tooling records runs only to trace or score them, not to test a code change against them.",scramble,2,"existing score a agent test to runs Record-and-replay not records only change or tooling reproducible, trace makes to run them, against but a code",word order shuffled
82,cs.CL,"Record-and-replay makes a run reproducible, but existing agent tooling records runs only to trace or score them, not to test a code change against them.",antonym,4,"Record-and-replay makes a run reproducible, but existing agent tooling records malfunction only to trace or score them, not to test a code change against them.",runs -> malfunction
82,cs.CL,"Record-and-replay makes a run reproducible, but existing agent tooling records runs only to trace or score them, not to test a code change against them.",negation,5,"It is not the case that record-and-replay makes a run reproducible, but existing agent tooling records runs only to trace or score them, not to test a code change against them.",prepended denial
83,cs.CL,"We present Chronicle, which records an agent run at its non-deterministic boundaries as immutable envelopes and replays it from the record.",identical,0,"We present Chronicle, which records an agent run at its non-deterministic boundaries as immutable envelopes and replays it from the record.",unchanged
83,cs.CL,"We present Chronicle, which records an agent run at its non-deterministic boundaries as immutable envelopes and replays it from the record.",synonym,1,"We show Chronicle, which records an agent run at its non-deterministic boundaries as immutable envelopes and replays it from the record.",present -> show
83,cs.CL,"We present Chronicle, which records an agent run at its non-deterministic boundaries as immutable envelopes and replays it from the record.",scramble,2,"and its agent the Chronicle, from replays run an immutable We envelopes boundaries at records it which as non-deterministic present",word order shuffled
83,cs.CL,"We present Chronicle, which records an agent run at its non-deterministic boundaries as immutable envelopes and replays it from the record.",antonym,4,"We present Chronicle, which erase an agent run at its non-deterministic boundaries as immutable envelopes and replays it from the record.",records -> erase
83,cs.CL,"We present Chronicle, which records an agent run at its non-deterministic boundaries as immutable envelopes and replays it from the record.",negation,5,"It is not the case that we present Chronicle, which records an agent run at its non-deterministic boundaries as immutable envelopes and replays it from the record.",prepended denial
84,cs.CL,On-policy self-distillation (OPSD) lets a language model learn from a frozen copy of itself that sees an answer or a worked solution.,identical,0,On-policy self-distillation (OPSD) lets a language model learn from a frozen copy of itself that sees an answer or a worked solution.,unchanged
84,cs.CL,On-policy self-distillation (OPSD) lets a language model learn from a frozen copy of itself that sees an answer or a worked solution.,synonym,1,On-policy self-distillation (OPSD) lets a speech model learn from a frozen copy of itself that sees an answer or a worked solution.,language -> speech
84,cs.CL,On-policy self-distillation (OPSD) lets a language model learn from a frozen copy of itself that sees an answer or a worked solution.,scramble,2,or a learn itself model that sees frozen from language self-distillation an a copy a (OPSD) worked answer lets of On-policy,word order shuffled
84,cs.CL,On-policy self-distillation (OPSD) lets a language model learn from a frozen copy of itself that sees an answer or a worked solution.,antonym,4,On-policy self-distillation (OPSD) prevent a language model learn from a frozen copy of itself that sees an answer or a worked solution.,lets -> prevent
84,cs.CL,On-policy self-distillation (OPSD) lets a language model learn from a frozen copy of itself that sees an answer or a worked solution.,negation,5,It is not the case that on-policy self-distillation (OPSD) lets a language model learn from a frozen copy of itself that sees an answer or a worked solution.,prepended denial
85,cs.CL,"With a thinking-enabled teacher supervising direct-response rollouts, reference-free distillation accounts for much of Qwen3-1.7B's improvement under thinking-enabled evaluation, both in domain and on external benchmarks.",identical,0,"With a thinking-enabled teacher supervising direct-response rollouts, reference-free distillation accounts for much of Qwen3-1.7B's improvement under thinking-enabled evaluation, both in domain and on external benchmarks.",unchanged
85,cs.CL,"With a thinking-enabled teacher supervising direct-response rollouts, reference-free distillation accounts for much of Qwen3-1.7B's improvement under thinking-enabled evaluation, both in domain and on external benchmarks.",synonym,1,"With a thinking-enabled teacher oversee direct-response rollouts, reference-free distillation accounts for much of Qwen3-1.7B's improvement under thinking-enabled evaluation, both in domain and on external benchmarks.",supervising -> oversee
85,cs.CL,"With a thinking-enabled teacher supervising direct-response rollouts, reference-free distillation accounts for much of Qwen3-1.7B's improvement under thinking-enabled evaluation, both in domain and on external benchmarks.",scramble,2,"of a Qwen3-1.7B's rollouts, supervising thinking-enabled With on and for direct-response reference-free both much under teacher distillation in accounts thinking-enabled external domain improvement evaluation,",word order shuffled
85,cs.CL,"With a thinking-enabled teacher supervising direct-response rollouts, reference-free distillation accounts for much of Qwen3-1.7B's improvement under thinking-enabled evaluation, both in domain and on external benchmarks.",antonym,4,"With a thinking-enabled teacher supervising direct-response rollouts, reference-free distillation accounts for much of Qwen3-1.7B's improvement under thinking-enabled evaluation, both in domain and on internal benchmarks.",external -> internal
85,cs.CL,"With a thinking-enabled teacher supervising direct-response rollouts, reference-free distillation accounts for much of Qwen3-1.7B's improvement under thinking-enabled evaluation, both in domain and on external benchmarks.",negation,5,"It is not the case that with a thinking-enabled teacher supervising direct-response rollouts, reference-free distillation accounts for much of Qwen3-1.7B's improvement under thinking-enabled evaluation, both in domain and on external benchmarks.",prepended denial
86,cs.CL,"Evidence for an additional reference benefit is modest in Qwen, strongest for a polished solution, whereas complete traces add two percentage points in SmolLM3-3B at step 50.",identical,0,"Evidence for an additional reference benefit is modest in Qwen, strongest for a polished solution, whereas complete traces add two percentage points in SmolLM3-3B at step 50.",unchanged
86,cs.CL,"Evidence for an additional reference benefit is modest in Qwen, strongest for a polished solution, whereas complete traces add two percentage points in SmolLM3-3B at step 50.",synonym,1,"Evidence for an additional reference benefit is small in Qwen, strongest for a polished solution, whereas complete traces add two percentage points in SmolLM3-3B at step 50.",modest -> small
86,cs.CL,"Evidence for an additional reference benefit is modest in Qwen, strongest for a polished solution, whereas complete traces add two percentage points in SmolLM3-3B at step 50.",scramble,2,"additional polished solution, percentage two strongest add Evidence benefit is step points SmolLM3-3B complete an Qwen, modest a for reference whereas in at in traces for",word order shuffled
86,cs.CL,"Evidence for an additional reference benefit is modest in Qwen, strongest for a polished solution, whereas complete traces add two percentage points in SmolLM3-3B at step 50.",antonym,4,"Evidence for an additional reference benefit is modest in Qwen, strongest for a unpolished solution, whereas complete traces add two percentage points in SmolLM3-3B at step 50.",polished -> unpolished
86,cs.CL,"Evidence for an additional reference benefit is modest in Qwen, strongest for a polished solution, whereas complete traces add two percentage points in SmolLM3-3B at step 50.",negation,5,"Evidence for an additional reference benefit is not modest in Qwen, strongest for a polished solution, whereas complete traces add two percentage points in SmolLM3-3B at step 50.",inserted 'not' after 'is'
87,cs.CL,"At the same checkpoint, replacing short direct-response rollouts with long thinking-enabled rollouts turns gains into losses in both families while the problems, references, and evaluation stay fixed.",identical,0,"At the same checkpoint, replacing short direct-response rollouts with long thinking-enabled rollouts turns gains into losses in both families while the problems, references, and evaluation stay fixed.",unchanged
87,cs.CL,"At the same checkpoint, replacing short direct-response rollouts with long thinking-enabled rollouts turns gains into losses in both families while the problems, references, and evaluation stay fixed.",synonym,1,"At the same checkpoint, replacing short direct-response rollouts with long thinking-enabled rollouts turns gains into losings in both families while the problems, references, and evaluation stay fixed.",losses -> losings
87,cs.CL,"At the same checkpoint, replacing short direct-response rollouts with long thinking-enabled rollouts turns gains into losses in both families while the problems, references, and evaluation stay fixed.",scramble,2,"references, thinking-enabled rollouts both evaluation turns stay losses checkpoint, the long the gains problems, families direct-response with and same rollouts short into replacing in At while",word order shuffled
87,cs.CL,"At the same checkpoint, replacing short direct-response rollouts with long thinking-enabled rollouts turns gains into losses in both families while the problems, references, and evaluation stay fixed.",antonym,4,"At the same checkpoint, replacing short direct-response rollouts with long thinking-enabled rollouts unbend gains into losses in both families while the problems, references, and evaluation stay fixed.",turns -> unbend
87,cs.CL,"At the same checkpoint, replacing short direct-response rollouts with long thinking-enabled rollouts turns gains into losses in both families while the problems, references, and evaluation stay fixed.",negation,5,"It is not the case that at the same checkpoint, replacing short direct-response rollouts with long thinking-enabled rollouts turns gains into losses in both families while the problems, references, and evaluation stay fixed.",prepended denial
88,cs.CL,Teacher profiles and matched loss interventions in Qwen further show that changing token-level supervision can leave student behavior largely unchanged.,identical,0,Teacher profiles and matched loss interventions in Qwen further show that changing token-level supervision can leave student behavior largely unchanged.,unchanged
88,cs.CL,Teacher profiles and matched loss interventions in Qwen further show that changing token-level supervision can leave student behavior largely unchanged.,synonym,1,instructor profiles and matched loss interventions in Qwen further show that changing token-level supervision can leave student behavior largely unchanged.,Teacher -> instructor
88,cs.CL,Teacher profiles and matched loss interventions in Qwen further show that changing token-level supervision can leave student behavior largely unchanged.,scramble,2,show interventions that supervision leave student largely can and in changing further matched Teacher profiles loss behavior token-level Qwen,word order shuffled
88,cs.CL,Teacher profiles and matched loss interventions in Qwen further show that changing token-level supervision can leave student behavior largely unchanged.,antonym,4,Teacher profiles and matched loss interventions in Qwen further show that stay token-level supervision can leave student behavior largely unchanged.,changing -> stay
88,cs.CL,Teacher profiles and matched loss interventions in Qwen further show that changing token-level supervision can leave student behavior largely unchanged.,negation,5,Teacher profiles and matched loss interventions in Qwen further show that changing token-level supervision can not leave student behavior largely unchanged.,inserted 'not' after 'can'
89,cs.CL,"Together, these findings suggest that OPSD can improve access to existing reasoning capabilities through parameters shared by direct-response and thinking-enabled inference.",identical,0,"Together, these findings suggest that OPSD can improve access to existing reasoning capabilities through parameters shared by direct-response and thinking-enabled inference.",unchanged
89,cs.CL,"Together, these findings suggest that OPSD can improve access to existing reasoning capabilities through parameters shared by direct-response and thinking-enabled inference.",synonym,1,"Together, these findings suggest that OPSD can improve access to exist reasoning capabilities through parameters shared by direct-response and thinking-enabled inference.",existing -> exist
89,cs.CL,"Together, these findings suggest that OPSD can improve access to existing reasoning capabilities through parameters shared by direct-response and thinking-enabled inference.",scramble,2,"Together, improve findings shared these direct-response parameters and OPSD can access capabilities by to existing thinking-enabled that suggest reasoning through",word order shuffled
89,cs.CL,"Together, these findings suggest that OPSD can improve access to existing reasoning capabilities through parameters shared by direct-response and thinking-enabled inference.",antonym,4,"Together, these findings suggest that OPSD can worsen access to existing reasoning capabilities through parameters shared by direct-response and thinking-enabled inference.",improve -> worsen
89,cs.CL,"Together, these findings suggest that OPSD can improve access to existing reasoning capabilities through parameters shared by direct-response and thinking-enabled inference.",negation,5,"Together, these findings suggest that OPSD can not improve access to existing reasoning capabilities through parameters shared by direct-response and thinking-enabled inference.",inserted 'not' after 'can'
90,cs.CL,"The value of a privileged reference is what it adds to this cross-mode transfer, not how much of the solution it reveals.",identical,0,"The value of a privileged reference is what it adds to this cross-mode transfer, not how much of the solution it reveals.",unchanged
90,cs.CL,"The value of a privileged reference is what it adds to this cross-mode transfer, not how much of the solution it reveals.",synonym,1,"The value of a inside reference is what it adds to this cross-mode transfer, not how much of the solution it reveals.",privileged -> inside
90,cs.CL,"The value of a privileged reference is what it adds to this cross-mode transfer, not how much of the solution it reveals.",scramble,2,"solution is of the how of this not privileged it a The transfer, what to reference value adds much it cross-mode",word order shuffled
90,cs.CL,"The value of a privileged reference is what it adds to this cross-mode transfer, not how much of the solution it reveals.",antonym,4,"The value of a privileged reference is what it subtract to this cross-mode transfer, not how much of the solution it reveals.",adds -> subtract
90,cs.CL,"The value of a privileged reference is what it adds to this cross-mode transfer, not how much of the solution it reveals.",negation,5,"The value of a privileged reference is not what it adds to this cross-mode transfer, not how much of the solution it reveals.",inserted 'not' after 'is'
91,cs.CL,"Word-in-Context (WiC) remains challenging for language models, despite recent progress on lexical-semantic tasks.",identical,0,"Word-in-Context (WiC) remains challenging for language models, despite recent progress on lexical-semantic tasks.",unchanged
91,cs.CL,"Word-in-Context (WiC) remains challenging for language models, despite recent progress on lexical-semantic tasks.",synonym,1,"Word-in-Context (WiC) stay challenging for language models, despite recent progress on lexical-semantic tasks.",remains -> stay
91,cs.CL,"Word-in-Context (WiC) remains challenging for language models, despite recent progress on lexical-semantic tasks.",scramble,2,"challenging language despite on progress Word-in-Context lexical-semantic (WiC) recent models, remains for",word order shuffled
91,cs.CL,"Word-in-Context (WiC) remains challenging for language models, despite recent progress on lexical-semantic tasks.",antonym,4,"Word-in-Context (WiC) change challenging for language models, despite recent progress on lexical-semantic tasks.",remains -> change
91,cs.CL,"Word-in-Context (WiC) remains challenging for language models, despite recent progress on lexical-semantic tasks.",negation,5,"It is not the case that word-in-Context (WiC) remains challenging for language models, despite recent progress on lexical-semantic tasks.",prepended denial
92,cs.CL,We evaluate open LLMs on WiC and traditional Word Sense Disambiguation (WSD) under similar settings.,identical,0,We evaluate open LLMs on WiC and traditional Word Sense Disambiguation (WSD) under similar settings.,unchanged
92,cs.CL,We evaluate open LLMs on WiC and traditional Word Sense Disambiguation (WSD) under similar settings.,synonym,1,We evaluate unfastened LLMs on WiC and traditional Word Sense Disambiguation (WSD) under similar settings.,open -> unfastened
92,cs.CL,We evaluate open LLMs on WiC and traditional Word Sense Disambiguation (WSD) under similar settings.,scramble,2,evaluate similar traditional and open (WSD) Disambiguation Sense LLMs on We under Word WiC,word order shuffled
92,cs.CL,We evaluate open LLMs on WiC and traditional Word Sense Disambiguation (WSD) under similar settings.,antonym,4,We evaluate shut LLMs on WiC and traditional Word Sense Disambiguation (WSD) under similar settings.,open -> shut
92,cs.CL,We evaluate open LLMs on WiC and traditional Word Sense Disambiguation (WSD) under similar settings.,negation,5,It is not the case that we evaluate open LLMs on WiC and traditional Word Sense Disambiguation (WSD) under similar settings.,prepended denial
93,cs.CL,"We find that providing candidate senses, similar to what is done in traditional WSD, improves WiC performance in all settings.",identical,0,"We find that providing candidate senses, similar to what is done in traditional WSD, improves WiC performance in all settings.",unchanged
93,cs.CL,"We find that providing candidate senses, similar to what is done in traditional WSD, improves WiC performance in all settings.",synonym,1,"We find that supply candidate senses, similar to what is done in traditional WSD, improves WiC performance in all settings.",providing -> supply
93,cs.CL,"We find that providing candidate senses, similar to what is done in traditional WSD, improves WiC performance in all settings.",scramble,2,"all find WSD, to senses, is in We improves providing similar candidate performance traditional that in what WiC done",word order shuffled
93,cs.CL,"We find that providing candidate senses, similar to what is done in traditional WSD, improves WiC performance in all settings.",antonym,4,"We find that providing candidate senses, similar to what differ done in traditional WSD, improves WiC performance in all settings.",is -> differ
93,cs.CL,"We find that providing candidate senses, similar to what is done in traditional WSD, improves WiC performance in all settings.",negation,5,"We find that providing candidate senses, similar to what is not done in traditional WSD, improves WiC performance in all settings.",inserted 'not' after 'is'
94,cs.CL,"In general, explicit sense information helps models make more consistent and targeted judgements.",identical,0,"In general, explicit sense information helps models make more consistent and targeted judgements.",unchanged
94,cs.CL,"In general, explicit sense information helps models make more consistent and targeted judgements.",synonym,1,"In general, expressed sense information helps models make more consistent and targeted judgements.",explicit -> expressed
94,cs.CL,"In general, explicit sense information helps models make more consistent and targeted judgements.",scramble,2,"more sense In targeted and general, consistent explicit make information models helps",word order shuffled
94,cs.CL,"In general, explicit sense information helps models make more consistent and targeted judgements.",antonym,4,"In general, implicit sense information helps models make more consistent and targeted judgements.",explicit -> implicit
94,cs.CL,"In general, explicit sense information helps models make more consistent and targeted judgements.",negation,5,"It is not the case that in general, explicit sense information helps models make more consistent and targeted judgements.",prepended denial
95,cs.CL,Human evaluation further shows that many apparent WiC errors reflect label ambiguity or mismatches between model and annotator sense boundaries rather than simple failures of lexical understanding.,identical,0,Human evaluation further shows that many apparent WiC errors reflect label ambiguity or mismatches between model and annotator sense boundaries rather than simple failures of lexical understanding.,unchanged
95,cs.CL,Human evaluation further shows that many apparent WiC errors reflect label ambiguity or mismatches between model and annotator sense boundaries rather than simple failures of lexical understanding.,synonym,1,Human evaluation further shows that many evident WiC errors reflect label ambiguity or mismatches between model and annotator sense boundaries rather than simple failures of lexical understanding.,apparent -> evident
95,cs.CL,Human evaluation further shows that many apparent WiC errors reflect label ambiguity or mismatches between model and annotator sense boundaries rather than simple failures of lexical understanding.,scramble,2,rather model than sense boundaries further that of evaluation or WiC failures label between and reflect many apparent simple shows mismatches Human ambiguity errors lexical annotator,word order shuffled
95,cs.CL,Human evaluation further shows that many apparent WiC errors reflect label ambiguity or mismatches between model and annotator sense boundaries rather than simple failures of lexical understanding.,antonym,4,Human evaluation further disprove that many apparent WiC errors reflect label ambiguity or mismatches between model and annotator sense boundaries rather than simple failures of lexical understanding.,shows -> disprove
95,cs.CL,Human evaluation further shows that many apparent WiC errors reflect label ambiguity or mismatches between model and annotator sense boundaries rather than simple failures of lexical understanding.,negation,5,It is not the case that human evaluation further shows that many apparent WiC errors reflect label ambiguity or mismatches between model and annotator sense boundaries rather than simple failures of lexical understanding.,prepended denial
96,cs.CL,"In particular, results show that LLMs overthink the sense distinction often leading to errors based on overly fine-grained distinctions.",identical,0,"In particular, results show that LLMs overthink the sense distinction often leading to errors based on overly fine-grained distinctions.",unchanged
96,cs.CL,"In particular, results show that LLMs overthink the sense distinction often leading to errors based on overly fine-grained distinctions.",synonym,1,"In particular, results show that LLMs overthink the sense distinction often leading to errors establish on overly fine-grained distinctions.",based -> establish
96,cs.CL,"In particular, results show that LLMs overthink the sense distinction often leading to errors based on overly fine-grained distinctions.",scramble,2,"overly fine-grained sense the leading LLMs often show errors overthink based on distinction that particular, results to In",word order shuffled
96,cs.CL,"In particular, results show that LLMs overthink the sense distinction often leading to errors based on overly fine-grained distinctions.",antonym,4,"In particular, results show that LLMs overthink the sense distinction often follow to errors based on overly fine-grained distinctions.",leading -> follow
96,cs.CL,"In particular, results show that LLMs overthink the sense distinction often leading to errors based on overly fine-grained distinctions.",negation,5,"It is not the case that in particular, results show that LLMs overthink the sense distinction often leading to errors based on overly fine-grained distinctions.",prepended denial
97,cs.CL,"Large language models (LLMs) are increasingly considered for safety-critical engineering, yet their reliability in regulated functional-safety workflows remains underexplored.",identical,0,"Large language models (LLMs) are increasingly considered for safety-critical engineering, yet their reliability in regulated functional-safety workflows remains underexplored.",unchanged
97,cs.CL,"Large language models (LLMs) are increasingly considered for safety-critical engineering, yet their reliability in regulated functional-safety workflows remains underexplored.",synonym,1,"big language models (LLMs) are increasingly considered for safety-critical engineering, yet their reliability in regulated functional-safety workflows remains underexplored.",Large -> big
97,cs.CL,"Large language models (LLMs) are increasingly considered for safety-critical engineering, yet their reliability in regulated functional-safety workflows remains underexplored.",scramble,2,"their regulated considered language models (LLMs) yet in engineering, reliability remains safety-critical for functional-safety increasingly are workflows Large",word order shuffled
97,cs.CL,"Large language models (LLMs) are increasingly considered for safety-critical engineering, yet their reliability in regulated functional-safety workflows remains underexplored.",antonym,4,"Large language models (LLMs) differ increasingly considered for safety-critical engineering, yet their reliability in regulated functional-safety workflows remains underexplored.",are -> differ
97,cs.CL,"Large language models (LLMs) are increasingly considered for safety-critical engineering, yet their reliability in regulated functional-safety workflows remains underexplored.",negation,5,"Large language models (LLMs) are not increasingly considered for safety-critical engineering, yet their reliability in regulated functional-safety workflows remains underexplored.",inserted 'not' after 'are'
98,cs.CL,"We introduce SAFARI (Safety-Aware Functional Automotive Risk Inference), the first industrial benchmark for LLM-assisted automotive Hazard Analysis and Risk Assessment (HARA) under ISO 26262.",identical,0,"We introduce SAFARI (Safety-Aware Functional Automotive Risk Inference), the first industrial benchmark for LLM-assisted automotive Hazard Analysis and Risk Assessment (HARA) under ISO 26262.",unchanged
98,cs.CL,"We introduce SAFARI (Safety-Aware Functional Automotive Risk Inference), the first industrial benchmark for LLM-assisted automotive Hazard Analysis and Risk Assessment (HARA) under ISO 26262.",synonym,1,"We introduce SAFARI (Safety-Aware Functional Automotive Risk Inference), the first industrial benchmark for LLM-assisted automotive Hazard psychoanalysis and Risk Assessment (HARA) under ISO 26262.",Analysis -> psychoanalysis
98,cs.CL,"We introduce SAFARI (Safety-Aware Functional Automotive Risk Inference), the first industrial benchmark for LLM-assisted automotive Hazard Analysis and Risk Assessment (HARA) under ISO 26262.",scramble,2,"and for benchmark (HARA) LLM-assisted industrial Assessment Risk Risk ISO under Hazard Analysis SAFARI introduce Inference), We automotive Functional the first (Safety-Aware Automotive",word order shuffled
98,cs.CL,"We introduce SAFARI (Safety-Aware Functional Automotive Risk Inference), the first industrial benchmark for LLM-assisted automotive Hazard Analysis and Risk Assessment (HARA) under ISO 26262.",antonym,4,"We introduce SAFARI (Safety-Aware Functional Automotive Risk Inference), the last industrial benchmark for LLM-assisted automotive Hazard Analysis and Risk Assessment (HARA) under ISO 26262.",first -> last
98,cs.CL,"We introduce SAFARI (Safety-Aware Functional Automotive Risk Inference), the first industrial benchmark for LLM-assisted automotive Hazard Analysis and Risk Assessment (HARA) under ISO 26262.",negation,5,"It is not the case that we introduce SAFARI (Safety-Aware Functional Automotive Risk Inference), the first industrial benchmark for LLM-assisted automotive Hazard Analysis and Risk Assessment (HARA) under ISO 26262.",prepended denial
99,cs.CL,"It contains 3,000 de-identified industrial HARA cases and evaluates two coupled tasks: open-ended hazard analysis and standards-grounded risk assessment.",identical,0,"It contains 3,000 de-identified industrial HARA cases and evaluates two coupled tasks: open-ended hazard analysis and standards-grounded risk assessment.",unchanged
99,cs.CL,"It contains 3,000 de-identified industrial HARA cases and evaluates two coupled tasks: open-ended hazard analysis and standards-grounded risk assessment.",synonym,1,"It contains 3,000 de-identified industrial HARA cases and evaluates two coupled tasks: open-ended hazard psychoanalysis and standards-grounded risk assessment.",analysis -> psychoanalysis
99,cs.CL,"It contains 3,000 de-identified industrial HARA cases and evaluates two coupled tasks: open-ended hazard analysis and standards-grounded risk assessment.",scramble,2,"standards-grounded open-ended analysis two tasks: evaluates and hazard contains industrial 3,000 It HARA risk coupled and de-identified cases",word order shuffled
99,cs.CL,"It contains 3,000 de-identified industrial HARA cases and evaluates two coupled tasks: open-ended hazard analysis and standards-grounded risk assessment.",number_swap,3,"It contains 103,000 de-identified industrial HARA cases and evaluates two coupled tasks: open-ended hazard analysis and standards-grounded risk assessment.","3,000 -> 103,000"
99,cs.CL,"It contains 3,000 de-identified industrial HARA cases and evaluates two coupled tasks: open-ended hazard analysis and standards-grounded risk assessment.",antonym,4,"It contains 3,000 de-identified nonindustrial HARA cases and evaluates two coupled tasks: open-ended hazard analysis and standards-grounded risk assessment.",industrial -> nonindustrial
99,cs.CL,"It contains 3,000 de-identified industrial HARA cases and evaluates two coupled tasks: open-ended hazard analysis and standards-grounded risk assessment.",negation,5,"It is not the case that it contains 3,000 de-identified industrial HARA cases and evaluates two coupled tasks: open-ended hazard analysis and standards-grounded risk assessment.",prepended denial
100,cs.CL,"To evaluate open-ended HARA artifacts, we propose the first reference-anchored LLM-as-a-judge protocol with high expert correlation.",identical,0,"To evaluate open-ended HARA artifacts, we propose the first reference-anchored LLM-as-a-judge protocol with high expert correlation.",unchanged
100,cs.CL,"To evaluate open-ended HARA artifacts, we propose the first reference-anchored LLM-as-a-judge protocol with high expert correlation.",synonym,1,"To evaluate open-ended HARA artifacts, we suggest the first reference-anchored LLM-as-a-judge protocol with high expert correlation.",propose -> suggest
100,cs.CL,"To evaluate open-ended HARA artifacts, we propose the first reference-anchored LLM-as-a-judge protocol with high expert correlation.",scramble,2,"To reference-anchored we open-ended propose evaluate LLM-as-a-judge HARA with high artifacts, first expert protocol the",word order shuffled
100,cs.CL,"To evaluate open-ended HARA artifacts, we propose the first reference-anchored LLM-as-a-judge protocol with high expert correlation.",antonym,4,"To evaluate open-ended HARA artifacts, we propose the first reference-anchored LLM-as-a-judge protocol with low expert correlation.",high -> low
100,cs.CL,"To evaluate open-ended HARA artifacts, we propose the first reference-anchored LLM-as-a-judge protocol with high expert correlation.",negation,5,"It is not the case that to evaluate open-ended HARA artifacts, we propose the first reference-anchored LLM-as-a-judge protocol with high expert correlation.",prepended denial
101,cs.CL,"Experiments with nine frontier LLMs show that models often produce plausible hazard narratives but remain weak at ISO 26262 risk classification, with the best ASIL macro-F1 reaching only 0.261.",identical,0,"Experiments with nine frontier LLMs show that models often produce plausible hazard narratives but remain weak at ISO 26262 risk classification, with the best ASIL macro-F1 reaching only 0.261.",unchanged
101,cs.CL,"Experiments with nine frontier LLMs show that models often produce plausible hazard narratives but remain weak at ISO 26262 risk classification, with the best ASIL macro-F1 reaching only 0.261.",synonym,1,"Experiments with nine frontier LLMs show that models often produce plausible hazard narratives but remain watery at ISO 26262 risk classification, with the best ASIL macro-F1 reaching only 0.261.",weak -> watery
101,cs.CL,"Experiments with nine frontier LLMs show that models often produce plausible hazard narratives but remain weak at ISO 26262 risk classification, with the best ASIL macro-F1 reaching only 0.261.",scramble,2,"nine ISO models risk at remain plausible 26262 ASIL Experiments macro-F1 but hazard produce often classification, narratives best with the weak frontier that only show LLMs reaching with",word order shuffled
101,cs.CL,"Experiments with nine frontier LLMs show that models often produce plausible hazard narratives but remain weak at ISO 26262 risk classification, with the best ASIL macro-F1 reaching only 0.261.",number_swap,3,"Experiments with nine frontier LLMs show that models often produce plausible hazard narratives but remain weak at ISO 26265 risk classification, with the best ASIL macro-F1 reaching only 0.261.",26262 -> 26265
101,cs.CL,"Experiments with nine frontier LLMs show that models often produce plausible hazard narratives but remain weak at ISO 26262 risk classification, with the best ASIL macro-F1 reaching only 0.261.",antonym,4,"Experiments with nine frontier LLMs disprove that models often produce plausible hazard narratives but remain weak at ISO 26262 risk classification, with the best ASIL macro-F1 reaching only 0.261.",show -> disprove
101,cs.CL,"Experiments with nine frontier LLMs show that models often produce plausible hazard narratives but remain weak at ISO 26262 risk classification, with the best ASIL macro-F1 reaching only 0.261.",negation,5,"It is not the case that experiments with nine frontier LLMs show that models often produce plausible hazard narratives but remain weak at ISO 26262 risk classification, with the best ASIL macro-F1 reaching only 0.261.",prepended denial
102,cs.CL,Chain-of-Thought prompting provides limited benefit and often degrades categorical risk assessment.,identical,0,Chain-of-Thought prompting provides limited benefit and often degrades categorical risk assessment.,unchanged
102,cs.CL,Chain-of-Thought prompting provides limited benefit and often degrades categorical risk assessment.,synonym,1,Chain-of-Thought prompting provides limited benefit and often degrade categorical risk assessment.,degrades -> degrade
102,cs.CL,Chain-of-Thought prompting provides limited benefit and often degrades categorical risk assessment.,scramble,2,Chain-of-Thought and degrades limited benefit categorical risk provides prompting often,word order shuffled
102,cs.CL,Chain-of-Thought prompting provides limited benefit and often degrades categorical risk assessment.,antonym,4,Chain-of-Thought prompting provides unlimited benefit and often degrades categorical risk assessment.,limited -> unlimited
102,cs.CL,Chain-of-Thought prompting provides limited benefit and often degrades categorical risk assessment.,negation,5,It is not the case that chain-of-Thought prompting provides limited benefit and often degrades categorical risk assessment.,prepended denial
103,cs.CL,"Error analysis further localizes major failures to scenario-critical context omissions during hazard generation and to controllability misjudgments during risk assessment, indicating where expert oversight should be concentrated.",identical,0,"Error analysis further localizes major failures to scenario-critical context omissions during hazard generation and to controllability misjudgments during risk assessment, indicating where expert oversight should be concentrated.",unchanged
103,cs.CL,"Error analysis further localizes major failures to scenario-critical context omissions during hazard generation and to controllability misjudgments during risk assessment, indicating where expert oversight should be concentrated.",synonym,1,"Error analysis further place major failures to scenario-critical context omissions during hazard generation and to controllability misjudgments during risk assessment, indicating where expert oversight should be concentrated.",localizes -> place
103,cs.CL,"Error analysis further localizes major failures to scenario-critical context omissions during hazard generation and to controllability misjudgments during risk assessment, indicating where expert oversight should be concentrated.",scramble,2,"controllability should omissions to oversight be hazard where assessment, and risk generation further failures scenario-critical analysis localizes major indicating misjudgments during context expert Error during to",word order shuffled
103,cs.CL,"Error analysis further localizes major failures to scenario-critical context omissions during hazard generation and to controllability misjudgments during risk assessment, indicating where expert oversight should be concentrated.",antonym,4,"Error analysis further localizes major failures to scenario-critical context omissions during hazard generation and to controllability misjudgments during risk assessment, indicating where expert oversight should differ concentrated.",be -> differ
103,cs.CL,"Error analysis further localizes major failures to scenario-critical context omissions during hazard generation and to controllability misjudgments during risk assessment, indicating where expert oversight should be concentrated.",negation,5,"Error analysis further localizes major failures to scenario-critical context omissions during hazard generation and to controllability misjudgments during risk assessment, indicating where expert oversight should not be concentrated.",inserted 'not' after 'should'
104,cs.CL,"Recent advancements in large language models have revolutionized the field of psychological counseling, especially in the context of Cognitive Behavioral Therapy (CBT).",identical,0,"Recent advancements in large language models have revolutionized the field of psychological counseling, especially in the context of Cognitive Behavioral Therapy (CBT).",unchanged
104,cs.CL,"Recent advancements in large language models have revolutionized the field of psychological counseling, especially in the context of Cognitive Behavioral Therapy (CBT).",synonym,1,"Recent advancements in large language model have revolutionized the field of psychological counseling, especially in the context of Cognitive Behavioral Therapy (CBT).",models -> model
104,cs.CL,"Recent advancements in large language models have revolutionized the field of psychological counseling, especially in the context of Cognitive Behavioral Therapy (CBT).",scramble,2,"models Recent field in language psychological context large revolutionized Therapy Behavioral especially Cognitive have of the counseling, advancements the in of",word order shuffled
104,cs.CL,"Recent advancements in large language models have revolutionized the field of psychological counseling, especially in the context of Cognitive Behavioral Therapy (CBT).",antonym,4,"Recent advancements in large language models lack revolutionized the field of psychological counseling, especially in the context of Cognitive Behavioral Therapy (CBT).",have -> lack
104,cs.CL,"Recent advancements in large language models have revolutionized the field of psychological counseling, especially in the context of Cognitive Behavioral Therapy (CBT).",negation,5,"Recent advancements in large language models have not revolutionized the field of psychological counseling, especially in the context of Cognitive Behavioral Therapy (CBT).",inserted 'not' after 'have'
105,cs.CL,We conduct extensive experiments to demonstrate the effectiveness of strategy-aligned generation and evaluate its efficacy in delivering professional and effective counseling with LLM-simulated clients to reflect real-world scenarios.,identical,0,We conduct extensive experiments to demonstrate the effectiveness of strategy-aligned generation and evaluate its efficacy in delivering professional and effective counseling with LLM-simulated clients to reflect real-world scenarios.,unchanged
105,cs.CL,We conduct extensive experiments to demonstrate the effectiveness of strategy-aligned generation and evaluate its efficacy in delivering professional and effective counseling with LLM-simulated clients to reflect real-world scenarios.,synonym,1,We conduct extensive experiments to demonstrate the effectiveness of strategy-aligned generation and evaluate its efficacy in delivering professional and effective counseling with LLM-simulated client to reflect real-world scenarios.,clients -> client
105,cs.CL,We conduct extensive experiments to demonstrate the effectiveness of strategy-aligned generation and evaluate its efficacy in delivering professional and effective counseling with LLM-simulated clients to reflect real-world scenarios.,scramble,2,experiments demonstrate and evaluate effectiveness conduct extensive its effective strategy-aligned counseling real-world reflect efficacy and to in of delivering LLM-simulated with to professional clients the generation We,word order shuffled
105,cs.CL,We conduct extensive experiments to demonstrate the effectiveness of strategy-aligned generation and evaluate its efficacy in delivering professional and effective counseling with LLM-simulated clients to reflect real-world scenarios.,antonym,4,We conduct extensive experiments to demonstrate the effectiveness of strategy-aligned generation and evaluate its efficacy in delivering nonprofessional and effective counseling with LLM-simulated clients to reflect real-world scenarios.,professional -> nonprofessional
105,cs.CL,We conduct extensive experiments to demonstrate the effectiveness of strategy-aligned generation and evaluate its efficacy in delivering professional and effective counseling with LLM-simulated clients to reflect real-world scenarios.,negation,5,It is not the case that we conduct extensive experiments to demonstrate the effectiveness of strategy-aligned generation and evaluate its efficacy in delivering professional and effective counseling with LLM-simulated clients to reflect real-world scenarios.,prepended denial
106,cs.CL,"Full-consensus rates are often treated as indicators of collective cognition, yet depend on how participation and final states are operationalized.",identical,0,"Full-consensus rates are often treated as indicators of collective cognition, yet depend on how participation and final states are operationalized.",unchanged
106,cs.CL,"Full-consensus rates are often treated as indicators of collective cognition, yet depend on how participation and final states are operationalized.",synonym,1,"Full-consensus rates are frequently treated as indicators of collective cognition, yet depend on how participation and final states are operationalized.",often -> frequently
106,cs.CL,"Full-consensus rates are often treated as indicators of collective cognition, yet depend on how participation and final states are operationalized.",scramble,2,"states depend final how treated cognition, and often are rates participation yet indicators as are of collective Full-consensus on",word order shuffled
106,cs.CL,"Full-consensus rates are often treated as indicators of collective cognition, yet depend on how participation and final states are operationalized.",antonym,4,"Full-consensus rates are infrequently treated as indicators of collective cognition, yet depend on how participation and final states are operationalized.",often -> infrequently
106,cs.CL,"Full-consensus rates are often treated as indicators of collective cognition, yet depend on how participation and final states are operationalized.",negation,5,"Full-consensus rates are not often treated as indicators of collective cognition, yet depend on how participation and final states are operationalized.",inserted 'not' after 'are'
107,cs.CL,"Across human scoring definitions, estimates ranged from 24.0% to 57.0%; about one fifth of participants never posted, whereas agents almost always did.",identical,0,"Across human scoring definitions, estimates ranged from 24.0% to 57.0%; about one fifth of participants never posted, whereas agents almost always did.",unchanged
107,cs.CL,"Across human scoring definitions, estimates ranged from 24.0% to 57.0%; about one fifth of participants never posted, whereas agents almost always did.",synonym,1,"Across human scoring definitions, estimate ranged from 24.0% to 57.0%; about one fifth of participants never posted, whereas agents almost always did.",estimates -> estimate
107,cs.CL,"Across human scoring definitions, estimates ranged from 24.0% to 57.0%; about one fifth of participants never posted, whereas agents almost always did.",scramble,2,"fifth always participants of whereas from one 57.0%; scoring never human almost agents about definitions, posted, 24.0% to Across ranged estimates",word order shuffled
107,cs.CL,"Across human scoring definitions, estimates ranged from 24.0% to 57.0%; about one fifth of participants never posted, whereas agents almost always did.",number_swap,3,"Across human scoring definitions, estimates ranged from 49.0% to 57.0%; about one fifth of participants never posted, whereas agents almost always did.",24.0% -> 49.0%
107,cs.CL,"Across human scoring definitions, estimates ranged from 24.0% to 57.0%; about one fifth of participants never posted, whereas agents almost always did.",antonym,4,"Across human scoring definitions, estimates ranged from 24.0% to 57.0%; about one fifth of participants ever posted, whereas agents almost always did.",never -> ever
107,cs.CL,"Across human scoring definitions, estimates ranged from 24.0% to 57.0%; about one fifth of participants never posted, whereas agents almost always did.",negation,5,"It is not the case that across human scoring definitions, estimates ranged from 24.0% to 57.0%; about one fifth of participants never posted, whereas agents almost always did.",prepended denial
108,cs.CL,These complementary routes reduced different measurement asymmetries yet converged within 0.5 percentage points.,identical,0,These complementary routes reduced different measurement asymmetries yet converged within 0.5 percentage points.,unchanged
108,cs.CL,These complementary routes reduced different measurement asymmetries yet converged within 0.5 percentage points.,synonym,1,These complemental routes reduced different measurement asymmetries yet converged within 0.5 percentage points.,complementary -> complemental
108,cs.CL,These complementary routes reduced different measurement asymmetries yet converged within 0.5 percentage points.,scramble,2,complementary 0.5 routes converged different within measurement asymmetries reduced These percentage yet,word order shuffled
108,cs.CL,These complementary routes reduced different measurement asymmetries yet converged within 0.5 percentage points.,number_swap,3,These complementary routes reduced different measurement asymmetries yet converged within 7.5 percentage points.,0.5 -> 7.5
108,cs.CL,These complementary routes reduced different measurement asymmetries yet converged within 0.5 percentage points.,antonym,4,These complementary routes reduced different measurement asymmetries yet diverge within 0.5 percentage points.,converged -> diverge
108,cs.CL,These complementary routes reduced different measurement asymmetries yet converged within 0.5 percentage points.,negation,5,It is not the case that these complementary routes reduced different measurement asymmetries yet converged within 0.5 percentage points.,prepended denial
109,cs.CL,"The gap persisted without early stopping and under a reparameterization removing the memorizable answer; reasoning-mode groups then agreed nearly unanimously, mostly on incorrect answers.",identical,0,"The gap persisted without early stopping and under a reparameterization removing the memorizable answer; reasoning-mode groups then agreed nearly unanimously, mostly on incorrect answers.",unchanged
109,cs.CL,"The gap persisted without early stopping and under a reparameterization removing the memorizable answer; reasoning-mode groups then agreed nearly unanimously, mostly on incorrect answers.",synonym,1,"The spread persisted without early stopping and under a reparameterization removing the memorizable answer; reasoning-mode groups then agreed nearly unanimously, mostly on incorrect answers.",gap -> spread
109,cs.CL,"The gap persisted without early stopping and under a reparameterization removing the memorizable answer; reasoning-mode groups then agreed nearly unanimously, mostly on incorrect answers.",scramble,2,"on under early unanimously, reparameterization gap agreed answer; removing groups nearly The mostly a and stopping memorizable then incorrect the reasoning-mode without persisted",word order shuffled
109,cs.CL,"The gap persisted without early stopping and under a reparameterization removing the memorizable answer; reasoning-mode groups then agreed nearly unanimously, mostly on incorrect answers.",antonym,4,"The gap persisted without early stopping and under a reparameterization removing the memorizable answer; reasoning-mode groups then disagree nearly unanimously, mostly on incorrect answers.",agreed -> disagree
109,cs.CL,"The gap persisted without early stopping and under a reparameterization removing the memorizable answer; reasoning-mode groups then agreed nearly unanimously, mostly on incorrect answers.",negation,5,"It is not the case that the gap persisted without early stopping and under a reparameterization removing the memorizable answer; reasoning-mode groups then agreed nearly unanimously, mostly on incorrect answers.",prepended denial
110,cs.CL,"Simulated consensus did not track collective accuracy, and belief-anchored agent groups were biased estimators of the human group-outcome distribution in this setting.",identical,0,"Simulated consensus did not track collective accuracy, and belief-anchored agent groups were biased estimators of the human group-outcome distribution in this setting.",unchanged
110,cs.CL,"Simulated consensus did not track collective accuracy, and belief-anchored agent groups were biased estimators of the human group-outcome distribution in this setting.",synonym,1,"Simulated consensus did not track collective accuracy, and belief-anchored agent groups be biased estimators of the human group-outcome distribution in this setting.",were -> be
110,cs.CL,"Simulated consensus did not track collective accuracy, and belief-anchored agent groups were biased estimators of the human group-outcome distribution in this setting.",scramble,2,"distribution accuracy, Simulated and biased the group-outcome of belief-anchored were human agent track this in collective estimators not consensus did groups",word order shuffled
110,cs.CL,"Simulated consensus did not track collective accuracy, and belief-anchored agent groups were biased estimators of the human group-outcome distribution in this setting.",antonym,4,"Simulated consensus did not track collective accuracy, and belief-anchored agent groups were biased estimators of the nonhuman group-outcome distribution in this setting.",human -> nonhuman
110,cs.CL,"Simulated consensus did not track collective accuracy, and belief-anchored agent groups were biased estimators of the human group-outcome distribution in this setting.",negation,5,"Simulated consensus did not not track collective accuracy, and belief-anchored agent groups were biased estimators of the human group-outcome distribution in this setting.",inserted 'not' after 'did'
111,cs.CL,These analyses provide a scoring-explicit basis for assessing simulated-group estimates of human deliberative outcomes.,identical,0,These analyses provide a scoring-explicit basis for assessing simulated-group estimates of human deliberative outcomes.,unchanged
111,cs.CL,These analyses provide a scoring-explicit basis for assessing simulated-group estimates of human deliberative outcomes.,synonym,1,These analysis provide a scoring-explicit basis for assessing simulated-group estimates of human deliberative outcomes.,analyses -> analysis
111,cs.CL,These analyses provide a scoring-explicit basis for assessing simulated-group estimates of human deliberative outcomes.,scramble,2,a for These basis deliberative analyses scoring-explicit provide estimates assessing of human simulated-group,word order shuffled
111,cs.CL,These analyses provide a scoring-explicit basis for assessing simulated-group estimates of human deliberative outcomes.,antonym,4,These analyses provide a scoring-explicit basis for assessing simulated-group estimates of nonhuman deliberative outcomes.,human -> nonhuman
111,cs.CL,These analyses provide a scoring-explicit basis for assessing simulated-group estimates of human deliberative outcomes.,negation,5,It is not the case that these analyses provide a scoring-explicit basis for assessing simulated-group estimates of human deliberative outcomes.,prepended denial
112,cs.CL,"Large language models can report a numerical confidence together with generated content, but it is unclear whether this report is more than calibrated rhetoric.",identical,0,"Large language models can report a numerical confidence together with generated content, but it is unclear whether this report is more than calibrated rhetoric.",unchanged
112,cs.CL,"Large language models can report a numerical confidence together with generated content, but it is unclear whether this report is more than calibrated rhetoric.",synonym,1,"Large language models can describe a numerical confidence together with generated content, but it is unclear whether this report is more than calibrated rhetoric.",report -> describe
112,cs.CL,"Large language models can report a numerical confidence together with generated content, but it is unclear whether this report is more than calibrated rhetoric.",scramble,2,"confidence can models language whether calibrated with a is together Large content, numerical it but report generated this is than unclear report more",word order shuffled
112,cs.CL,"Large language models can report a numerical confidence together with generated content, but it is unclear whether this report is more than calibrated rhetoric.",antonym,4,"Large language models can report a numerical confidence together with generated content, but it is unclear whether this report is less than calibrated rhetoric.",more -> less
112,cs.CL,"Large language models can report a numerical confidence together with generated content, but it is unclear whether this report is more than calibrated rhetoric.",negation,5,"Large language models can not report a numerical confidence together with generated content, but it is unclear whether this report is more than calibrated rhetoric.",inserted 'not' after 'can'
113,cs.CL,"Direct verbalization is a surprisingly strong baseline: after auditing benchmark errors, it reaches AUROC 0.956 and 0.937 for correctness prediction.",identical,0,"Direct verbalization is a surprisingly strong baseline: after auditing benchmark errors, it reaches AUROC 0.956 and 0.937 for correctness prediction.",unchanged
113,cs.CL,"Direct verbalization is a surprisingly strong baseline: after auditing benchmark errors, it reaches AUROC 0.956 and 0.937 for correctness prediction.",synonym,1,"Direct verbalization be a surprisingly strong baseline: after auditing benchmark errors, it reaches AUROC 0.956 and 0.937 for correctness prediction.",is -> be
113,cs.CL,"Direct verbalization is a surprisingly strong baseline: after auditing benchmark errors, it reaches AUROC 0.956 and 0.937 for correctness prediction.",scramble,2,"for AUROC strong after surprisingly baseline: it Direct a 0.956 correctness auditing verbalization reaches is errors, benchmark 0.937 and",word order shuffled
113,cs.CL,"Direct verbalization is a surprisingly strong baseline: after auditing benchmark errors, it reaches AUROC 0.956 and 0.937 for correctness prediction.",number_swap,3,"Direct verbalization is a surprisingly strong baseline: after auditing benchmark errors, it reaches AUROC 3.956 and 0.937 for correctness prediction.",0.956 -> 3.956
113,cs.CL,"Direct verbalization is a surprisingly strong baseline: after auditing benchmark errors, it reaches AUROC 0.956 and 0.937 for correctness prediction.",antonym,4,"Direct verbalization is a surprisingly weak baseline: after auditing benchmark errors, it reaches AUROC 0.956 and 0.937 for correctness prediction.",strong -> weak
113,cs.CL,"Direct verbalization is a surprisingly strong baseline: after auditing benchmark errors, it reaches AUROC 0.956 and 0.937 for correctness prediction.",negation,5,"Direct verbalization is not a surprisingly strong baseline: after auditing benchmark errors, it reaches AUROC 0.956 and 0.937 for correctness prediction.",inserted 'not' after 'is'
114,cs.CL,"Four of nine errors from one model and two of eight from the other receive unanimous sample support, showing that self-consistency can amplify shared misconceptions.",identical,0,"Four of nine errors from one model and two of eight from the other receive unanimous sample support, showing that self-consistency can amplify shared misconceptions.",unchanged
114,cs.CL,"Four of nine errors from one model and two of eight from the other receive unanimous sample support, showing that self-consistency can amplify shared misconceptions.",synonym,1,"Four of nine errors from one model and two of eight from the other receive consentaneous sample support, showing that self-consistency can amplify shared misconceptions.",unanimous -> consentaneous
114,cs.CL,"Four of nine errors from one model and two of eight from the other receive unanimous sample support, showing that self-consistency can amplify shared misconceptions.",scramble,2,"shared one nine and self-consistency two errors other from the model showing sample can amplify unanimous Four from of receive support, eight that of",word order shuffled
114,cs.CL,"Four of nine errors from one model and two of eight from the other receive unanimous sample support, showing that self-consistency can amplify shared misconceptions.",antonym,4,"Four of nine errors from one model and two of eight from the other receive unanimous sample support, showing that self-consistency can understate shared misconceptions.",amplify -> understate
114,cs.CL,"Four of nine errors from one model and two of eight from the other receive unanimous sample support, showing that self-consistency can amplify shared misconceptions.",negation,5,"Four of nine errors from one model and two of eight from the other receive unanimous sample support, showing that self-consistency can not amplify shared misconceptions.",inserted 'not' after 'can'
115,cs.CL,An exploratory audit of 100 confidence-tagged biography claims further finds only a modest confidence gap between supported and contradicted claims.,identical,0,An exploratory audit of 100 confidence-tagged biography claims further finds only a modest confidence gap between supported and contradicted claims.,unchanged
115,cs.CL,An exploratory audit of 100 confidence-tagged biography claims further finds only a modest confidence gap between supported and contradicted claims.,synonym,1,An exploratory audit of 100 confidence-tagged biography claims further finds only a modest confidence gap between support and contradicted claims.,supported -> support
115,cs.CL,An exploratory audit of 100 confidence-tagged biography claims further finds only a modest confidence gap between supported and contradicted claims.,scramble,2,An between a confidence-tagged gap exploratory confidence and supported finds biography claims further 100 contradicted audit only of modest,word order shuffled
115,cs.CL,An exploratory audit of 100 confidence-tagged biography claims further finds only a modest confidence gap between supported and contradicted claims.,number_swap,3,An exploratory audit of 103 confidence-tagged biography claims further finds only a modest confidence gap between supported and contradicted claims.,100 -> 103
115,cs.CL,An exploratory audit of 100 confidence-tagged biography claims further finds only a modest confidence gap between supported and contradicted claims.,antonym,4,An exploratory audit of 100 confidence-tagged biography claims further finds only a modest confidence gap between negate and contradicted claims.,supported -> negate
115,cs.CL,An exploratory audit of 100 confidence-tagged biography claims further finds only a modest confidence gap between supported and contradicted claims.,negation,5,It is not the case that an exploratory audit of 100 confidence-tagged biography claims further finds only a modest confidence gap between supported and contradicted claims.,prepended denial
116,cs.CL,"These results argue that useful self-reports remain sensitive to elicitation, correlated errors, and benchmark noise.",identical,0,"These results argue that useful self-reports remain sensitive to elicitation, correlated errors, and benchmark noise.",unchanged
116,cs.CL,"These results argue that useful self-reports remain sensitive to elicitation, correlated errors, and benchmark noise.",synonym,1,"These results argue that useful self-reports remain sensitive to elicitation, correlative errors, and benchmark noise.",correlated -> correlative
116,cs.CL,"These results argue that useful self-reports remain sensitive to elicitation, correlated errors, and benchmark noise.",scramble,2,"results self-reports errors, remain that to useful sensitive benchmark argue These correlated and elicitation,",word order shuffled
116,cs.CL,"These results argue that useful self-reports remain sensitive to elicitation, correlated errors, and benchmark noise.",antonym,4,"These results argue that useful self-reports remain insensitive to elicitation, correlated errors, and benchmark noise.",sensitive -> insensitive
116,cs.CL,"These results argue that useful self-reports remain sensitive to elicitation, correlated errors, and benchmark noise.",negation,5,"It is not the case that these results argue that useful self-reports remain sensitive to elicitation, correlated errors, and benchmark noise.",prepended denial
117,cs.CL,"We present Relational BabyLM, a system submission to the BabyLM 2026 challenge that combines two cognitively motivated inductive biases in a single decoder-only Transformer.",identical,0,"We present Relational BabyLM, a system submission to the BabyLM 2026 challenge that combines two cognitively motivated inductive biases in a single decoder-only Transformer.",unchanged
117,cs.CL,"We present Relational BabyLM, a system submission to the BabyLM 2026 challenge that combines two cognitively motivated inductive biases in a single decoder-only Transformer.",synonym,1,"We present Relational BabyLM, a scheme submission to the BabyLM 2026 challenge that combines two cognitively motivated inductive biases in a single decoder-only Transformer.",system -> scheme
117,cs.CL,"We present Relational BabyLM, a system submission to the BabyLM 2026 challenge that combines two cognitively motivated inductive biases in a single decoder-only Transformer.",scramble,2,"a biases to two BabyLM, system the BabyLM present We in Relational 2026 motivated decoder-only single combines challenge that inductive submission a cognitively",word order shuffled
117,cs.CL,"We present Relational BabyLM, a system submission to the BabyLM 2026 challenge that combines two cognitively motivated inductive biases in a single decoder-only Transformer.",number_swap,3,"We present Relational BabyLM, a system submission to the BabyLM 2033 challenge that combines two cognitively motivated inductive biases in a single decoder-only Transformer.",2026 -> 2033
117,cs.CL,"We present Relational BabyLM, a system submission to the BabyLM 2026 challenge that combines two cognitively motivated inductive biases in a single decoder-only Transformer.",antonym,4,"We present Relational BabyLM, a system submission to the BabyLM 2026 challenge that combines two cognitively motivated deductive biases in a single decoder-only Transformer.",inductive -> deductive
117,cs.CL,"We present Relational BabyLM, a system submission to the BabyLM 2026 challenge that combines two cognitively motivated inductive biases in a single decoder-only Transformer.",negation,5,"It is not the case that we present Relational BabyLM, a system submission to the BabyLM 2026 challenge that combines two cognitively motivated inductive biases in a single decoder-only Transformer.",prepended denial
118,cs.CL,BabyLM's data-constrained training and comprehensive evaluation is an ideal testing ground for whether that data efficiency transfers.,identical,0,BabyLM's data-constrained training and comprehensive evaluation is an ideal testing ground for whether that data efficiency transfers.,unchanged
118,cs.CL,BabyLM's data-constrained training and comprehensive evaluation is an ideal testing ground for whether that data efficiency transfers.,synonym,1,BabyLM's data-constrained preparation and comprehensive evaluation is an ideal testing ground for whether that data efficiency transfers.,training -> preparation
118,cs.CL,BabyLM's data-constrained training and comprehensive evaluation is an ideal testing ground for whether that data efficiency transfers.,scramble,2,whether BabyLM's for training comprehensive is evaluation ground an and that testing efficiency data-constrained ideal data,word order shuffled
118,cs.CL,BabyLM's data-constrained training and comprehensive evaluation is an ideal testing ground for whether that data efficiency transfers.,antonym,4,BabyLM's data-constrained training and noncomprehensive evaluation is an ideal testing ground for whether that data efficiency transfers.,comprehensive -> noncomprehensive
118,cs.CL,BabyLM's data-constrained training and comprehensive evaluation is an ideal testing ground for whether that data efficiency transfers.,negation,5,BabyLM's data-constrained training and comprehensive evaluation is not an ideal testing ground for whether that data efficiency transfers.,inserted 'not' after 'is'
119,cs.CL,Architecture is the dominant factor for structural linguistic generalization; the objective is secondary but still significant.,identical,0,Architecture is the dominant factor for structural linguistic generalization; the objective is secondary but still significant.,unchanged
119,cs.CL,Architecture is the dominant factor for structural linguistic generalization; the objective is secondary but still significant.,synonym,1,Architecture is the prevailing factor for structural linguistic generalization; the objective is secondary but still significant.,dominant -> prevailing
119,cs.CL,Architecture is the dominant factor for structural linguistic generalization; the objective is secondary but still significant.,scramble,2,is dominant for linguistic Architecture structural secondary the but objective factor still generalization; the is,word order shuffled
119,cs.CL,Architecture is the dominant factor for structural linguistic generalization; the objective is secondary but still significant.,antonym,4,Architecture differ the dominant factor for structural linguistic generalization; the objective is secondary but still significant.,is -> differ
119,cs.CL,Architecture is the dominant factor for structural linguistic generalization; the objective is secondary but still significant.,negation,5,Architecture is not the dominant factor for structural linguistic generalization; the objective is secondary but still significant.,inserted 'not' after 'is'
120,cs.CL,DAT's three relational attention types (full RA vs. the simpler RCA and DisRCA variants) are largely interchangeable at 10M words; full RA pulls ahead at 100M.,identical,0,DAT's three relational attention types (full RA vs. the simpler RCA and DisRCA variants) are largely interchangeable at 10M words; full RA pulls ahead at 100M.,unchanged
120,cs.CL,DAT's three relational attention types (full RA vs. the simpler RCA and DisRCA variants) are largely interchangeable at 10M words; full RA pulls ahead at 100M.,synonym,1,DAT's three relational attention types (full RA vs. the simpler RCA and DisRCA variants) are largely interchangeable at 10M words; full RA pull ahead at 100M.,pulls -> pull
120,cs.CL,DAT's three relational attention types (full RA vs. the simpler RCA and DisRCA variants) are largely interchangeable at 10M words; full RA pulls ahead at 100M.,scramble,2,attention vs. and RA 10M full relational pulls RA (full at three words; at ahead RCA DisRCA are simpler DAT's variants) interchangeable types the largely,word order shuffled
120,cs.CL,DAT's three relational attention types (full RA vs. the simpler RCA and DisRCA variants) are largely interchangeable at 10M words; full RA pulls ahead at 100M.,antonym,4,DAT's three relational attention types (full RA vs. the simpler RCA and DisRCA variants) are largely interchangeable at 10M words; full RA push ahead at 100M.,pulls -> push
120,cs.CL,DAT's three relational attention types (full RA vs. the simpler RCA and DisRCA variants) are largely interchangeable at 10M words; full RA pulls ahead at 100M.,negation,5,DAT's three relational attention types (full RA vs. the simpler RCA and DisRCA variants) are not largely interchangeable at 10M words; full RA pulls ahead at 100M.,inserted 'not' after 'are'
121,cs.CL,"We also introduce a novel symbol-retrieval mechanism (RoPE-based, as opposed to learned, relative symbols) that matches learned symbol libraries while adding no parameters.",identical,0,"We also introduce a novel symbol-retrieval mechanism (RoPE-based, as opposed to learned, relative symbols) that matches learned symbol libraries while adding no parameters.",unchanged
121,cs.CL,"We also introduce a novel symbol-retrieval mechanism (RoPE-based, as opposed to learned, relative symbols) that matches learned symbol libraries while adding no parameters.",synonym,1,"We also introduce a novel symbol-retrieval mechanism (RoPE-based, as opposed to learned, relative symbols) that match learned symbol libraries while adding no parameters.",matches -> match
121,cs.CL,"We also introduce a novel symbol-retrieval mechanism (RoPE-based, as opposed to learned, relative symbols) that matches learned symbol libraries while adding no parameters.",scramble,2,"learned no (RoPE-based, a libraries opposed introduce learned, matches symbol mechanism We novel also relative symbol-retrieval while to symbols) as that adding",word order shuffled
121,cs.CL,"We also introduce a novel symbol-retrieval mechanism (RoPE-based, as opposed to learned, relative symbols) that matches learned symbol libraries while adding no parameters.",antonym,4,"We also introduce a novel symbol-retrieval mechanism (RoPE-based, as opposed to learned, relative symbols) that matches learned symbol libraries while subtract no parameters.",adding -> subtract
121,cs.CL,"We also introduce a novel symbol-retrieval mechanism (RoPE-based, as opposed to learned, relative symbols) that matches learned symbol libraries while adding no parameters.",negation,5,"It is not the case that we also introduce a novel symbol-retrieval mechanism (RoPE-based, as opposed to learned, relative symbols) that matches learned symbol libraries while adding no parameters.",prepended denial
122,cs.CL,"FarmerChat is Digital Green's AI-powered agricultural advisory assistant for smallholder farmers, who access it in their own language through text, voice, or photographs.",identical,0,"FarmerChat is Digital Green's AI-powered agricultural advisory assistant for smallholder farmers, who access it in their own language through text, voice, or photographs.",unchanged
122,cs.CL,"FarmerChat is Digital Green's AI-powered agricultural advisory assistant for smallholder farmers, who access it in their own language through text, voice, or photographs.",synonym,1,"FarmerChat is Digital Green's AI-powered agricultural advisory assistant for smallholder farmers, who access it in their own speech through text, voice, or photographs.",language -> speech
122,cs.CL,"FarmerChat is Digital Green's AI-powered agricultural advisory assistant for smallholder farmers, who access it in their own language through text, voice, or photographs.",scramble,2,"assistant AI-powered in text, Digital voice, it or for agricultural is access own FarmerChat advisory smallholder farmers, who language through Green's their",word order shuffled
122,cs.CL,"FarmerChat is Digital Green's AI-powered agricultural advisory assistant for smallholder farmers, who access it in their own language through text, voice, or photographs.",antonym,4,"FarmerChat differ Digital Green's AI-powered agricultural advisory assistant for smallholder farmers, who access it in their own language through text, voice, or photographs.",is -> differ
122,cs.CL,"FarmerChat is Digital Green's AI-powered agricultural advisory assistant for smallholder farmers, who access it in their own language through text, voice, or photographs.",negation,5,"FarmerChat is not Digital Green's AI-powered agricultural advisory assistant for smallholder farmers, who access it in their own language through text, voice, or photographs.",inserted 'not' after 'is'
123,cs.CL,"These conditions disproportionately affect crop, pest, chemical, and quantity terms that carry the meaning of a farmer's query.",identical,0,"These conditions disproportionately affect crop, pest, chemical, and quantity terms that carry the meaning of a farmer's query.",unchanged
123,cs.CL,"These conditions disproportionately affect crop, pest, chemical, and quantity terms that carry the meaning of a farmer's query.",synonym,1,"These weather disproportionately affect crop, pest, chemical, and quantity terms that carry the meaning of a farmer's query.",conditions -> weather
123,cs.CL,"These conditions disproportionately affect crop, pest, chemical, and quantity terms that carry the meaning of a farmer's query.",scramble,2,"carry crop, chemical, and a the pest, These conditions affect terms disproportionately quantity meaning that of farmer's",word order shuffled
123,cs.CL,"These conditions disproportionately affect crop, pest, chemical, and quantity terms that carry the meaning of a farmer's query.",antonym,4,"These conditions proportionately affect crop, pest, chemical, and quantity terms that carry the meaning of a farmer's query.",disproportionately -> proportionately
123,cs.CL,"These conditions disproportionately affect crop, pest, chemical, and quantity terms that carry the meaning of a farmer's query.",negation,5,"It is not the case that these conditions disproportionately affect crop, pest, chemical, and quantity terms that carry the meaning of a farmer's query.",prepended denial
124,cs.CL,"We present a modular, model-agnostic pipeline for improving ASR quality in FarmerChat without fine-tuning or replacing the underlying ASR model.",identical,0,"We present a modular, model-agnostic pipeline for improving ASR quality in FarmerChat without fine-tuning or replacing the underlying ASR model.",unchanged
124,cs.CL,"We present a modular, model-agnostic pipeline for improving ASR quality in FarmerChat without fine-tuning or replacing the underlying ASR model.",synonym,1,"We present a modular, model-agnostic pipeline for improving ASR quality in FarmerChat without fine-tuning or replace the underlying ASR model.",replacing -> replace
124,cs.CL,"We present a modular, model-agnostic pipeline for improving ASR quality in FarmerChat without fine-tuning or replacing the underlying ASR model.",scramble,2,"for in without replacing the quality present We ASR improving or underlying pipeline FarmerChat a fine-tuning model-agnostic ASR modular,",word order shuffled
124,cs.CL,"We present a modular, model-agnostic pipeline for improving ASR quality in FarmerChat without fine-tuning or replacing the underlying ASR model.",antonym,4,"We present a modular, model-agnostic pipeline for worsen ASR quality in FarmerChat without fine-tuning or replacing the underlying ASR model.",improving -> worsen
124,cs.CL,"We present a modular, model-agnostic pipeline for improving ASR quality in FarmerChat without fine-tuning or replacing the underlying ASR model.",negation,5,"It is not the case that we present a modular, model-agnostic pipeline for improving ASR quality in FarmerChat without fine-tuning or replacing the underlying ASR model.",prepended denial
125,cs.CL,"The pipeline combines gated audio enhancement, speaker diarization and target-speaker selection, ASR, domain-aware correction using a weighted agricultural lexicon, and a quality gate for detecting unreliable transcripts.",identical,0,"The pipeline combines gated audio enhancement, speaker diarization and target-speaker selection, ASR, domain-aware correction using a weighted agricultural lexicon, and a quality gate for detecting unreliable transcripts.",unchanged
125,cs.CL,"The pipeline combines gated audio enhancement, speaker diarization and target-speaker selection, ASR, domain-aware correction using a weighted agricultural lexicon, and a quality gate for detecting unreliable transcripts.",synonym,1,"The pipeline combines gated audio enhancement, speaker diarization and target-speaker selection, ASR, domain-aware correction using a weighted agricultural lexicon, and a quality gate for detecting undependable transcripts.",unreliable -> undependable
125,cs.CL,"The pipeline combines gated audio enhancement, speaker diarization and target-speaker selection, ASR, domain-aware correction using a weighted agricultural lexicon, and a quality gate for detecting unreliable transcripts.",scramble,2,"ASR, combines target-speaker and unreliable using The diarization correction domain-aware for gate quality agricultural selection, weighted detecting lexicon, enhancement, a a audio gated speaker pipeline and",word order shuffled
125,cs.CL,"The pipeline combines gated audio enhancement, speaker diarization and target-speaker selection, ASR, domain-aware correction using a weighted agricultural lexicon, and a quality gate for detecting unreliable transcripts.",antonym,4,"The pipeline combines gated audio enhancement, speaker diarization and target-speaker selection, ASR, domain-aware correction using a weighted agricultural lexicon, and a quality gate for detecting reliable transcripts.",unreliable -> reliable
125,cs.CL,"The pipeline combines gated audio enhancement, speaker diarization and target-speaker selection, ASR, domain-aware correction using a weighted agricultural lexicon, and a quality gate for detecting unreliable transcripts.",negation,5,"It is not the case that the pipeline combines gated audio enhancement, speaker diarization and target-speaker selection, ASR, domain-aware correction using a weighted agricultural lexicon, and a quality gate for detecting unreliable transcripts.",prepended denial
126,cs.CL,Only the diarization stage is fine-tuned; all other stages use off-the-shelf models behind common interfaces.,identical,0,Only the diarization stage is fine-tuned; all other stages use off-the-shelf models behind common interfaces.,unchanged
126,cs.CL,Only the diarization stage is fine-tuned; all other stages use off-the-shelf models behind common interfaces.,synonym,1,Only the diarization stage be fine-tuned; all other stages use off-the-shelf models behind common interfaces.,is -> be
126,cs.CL,Only the diarization stage is fine-tuned; all other stages use off-the-shelf models behind common interfaces.,scramble,2,the common all stages other models use Only diarization behind stage is fine-tuned; off-the-shelf,word order shuffled
126,cs.CL,Only the diarization stage is fine-tuned; all other stages use off-the-shelf models behind common interfaces.,antonym,4,Only the diarization stage differ fine-tuned; all other stages use off-the-shelf models behind common interfaces.,is -> differ
126,cs.CL,Only the diarization stage is fine-tuned; all other stages use off-the-shelf models behind common interfaces.,negation,5,Only the diarization stage is not fine-tuned; all other stages use off-the-shelf models behind common interfaces.,inserted 'not' after 'is'
127,cs.CL,"We evaluate the pipeline on human-annotated FarmerChat recordings in Hindi, Telugu, and Odia using word error rate (WER) and a domain-weighted error rate that gives greater importance to agricultural terminology.",identical,0,"We evaluate the pipeline on human-annotated FarmerChat recordings in Hindi, Telugu, and Odia using word error rate (WER) and a domain-weighted error rate that gives greater importance to agricultural terminology.",unchanged
127,cs.CL,"We evaluate the pipeline on human-annotated FarmerChat recordings in Hindi, Telugu, and Odia using word error rate (WER) and a domain-weighted error rate that gives greater importance to agricultural terminology.",synonym,1,"We evaluate the pipeline on human-annotated FarmerChat recordings in Hindi, Telugu, and Odia using word error rate (WER) and a domain-weighted error pace that gives greater importance to agricultural terminology.",rate -> pace
127,cs.CL,"We evaluate the pipeline on human-annotated FarmerChat recordings in Hindi, Telugu, and Odia using word error rate (WER) and a domain-weighted error rate that gives greater importance to agricultural terminology.",scramble,2,"in domain-weighted rate Hindi, Odia that and a error and evaluate Telugu, gives importance human-annotated on FarmerChat using We (WER) the recordings agricultural word pipeline rate to greater error",word order shuffled
127,cs.CL,"We evaluate the pipeline on human-annotated FarmerChat recordings in Hindi, Telugu, and Odia using word error rate (WER) and a domain-weighted error rate that gives greater importance to agricultural terminology.",antonym,4,"We evaluate the pipeline on human-annotated FarmerChat recordings in Hindi, Telugu, and Odia using word error rate (WER) and a domain-weighted error rate that gives lesser importance to agricultural terminology.",greater -> lesser
127,cs.CL,"We evaluate the pipeline on human-annotated FarmerChat recordings in Hindi, Telugu, and Odia using word error rate (WER) and a domain-weighted error rate that gives greater importance to agricultural terminology.",negation,5,"It is not the case that we evaluate the pipeline on human-annotated FarmerChat recordings in Hindi, Telugu, and Odia using word error rate (WER) and a domain-weighted error rate that gives greater importance to agricultural terminology.",prepended denial
128,cs.CL,"The largest improvements occur on multi-speaker recordings, where target-speaker selection prevents competing speech from entering the transcript.",identical,0,"The largest improvements occur on multi-speaker recordings, where target-speaker selection prevents competing speech from entering the transcript.",unchanged
128,cs.CL,"The largest improvements occur on multi-speaker recordings, where target-speaker selection prevents competing speech from entering the transcript.",synonym,1,"The largest improvements happen on multi-speaker recordings, where target-speaker selection prevents competing speech from entering the transcript.",occur -> happen
128,cs.CL,"The largest improvements occur on multi-speaker recordings, where target-speaker selection prevents competing speech from entering the transcript.",scramble,2,"largest from The recordings, speech on improvements target-speaker multi-speaker entering the selection competing where prevents occur",word order shuffled
128,cs.CL,"The largest improvements occur on multi-speaker recordings, where target-speaker selection prevents competing speech from entering the transcript.",antonym,4,"The small improvements occur on multi-speaker recordings, where target-speaker selection prevents competing speech from entering the transcript.",largest -> small
128,cs.CL,"The largest improvements occur on multi-speaker recordings, where target-speaker selection prevents competing speech from entering the transcript.",negation,5,"It is not the case that the largest improvements occur on multi-speaker recordings, where target-speaker selection prevents competing speech from entering the transcript.",prepended denial
129,cs.CL,"Across the full corpus, the pipeline reduces WER by 16-23% relative on three cloud ASR models and by 5% on an on-device model.",identical,0,"Across the full corpus, the pipeline reduces WER by 16-23% relative on three cloud ASR models and by 5% on an on-device model.",unchanged
129,cs.CL,"Across the full corpus, the pipeline reduces WER by 16-23% relative on three cloud ASR models and by 5% on an on-device model.",synonym,1,"Across the full corpus, the pipeline reduces WER by 16-23% relation on three cloud ASR models and by 5% on an on-device model.",relative -> relation
129,cs.CL,"Across the full corpus, the pipeline reduces WER by 16-23% relative on three cloud ASR models and by 5% on an on-device model.",scramble,2,"models the the an and on WER 5% by pipeline relative by corpus, three on-device on full reduces 16-23% Across ASR cloud",word order shuffled
129,cs.CL,"Across the full corpus, the pipeline reduces WER by 16-23% relative on three cloud ASR models and by 5% on an on-device model.",number_swap,3,"Across the full corpus, the pipeline reduces WER by 16-23% relative on three cloud ASR models and by 30% on an on-device model.",5% -> 30%
129,cs.CL,"Across the full corpus, the pipeline reduces WER by 16-23% relative on three cloud ASR models and by 5% on an on-device model.",antonym,4,"Across the empty corpus, the pipeline reduces WER by 16-23% relative on three cloud ASR models and by 5% on an on-device model.",full -> empty
129,cs.CL,"Across the full corpus, the pipeline reduces WER by 16-23% relative on three cloud ASR models and by 5% on an on-device model.",negation,5,"It is not the case that across the full corpus, the pipeline reduces WER by 16-23% relative on three cloud ASR models and by 5% on an on-device model.",prepended denial
130,cs.CL,"On multi-speaker recordings, the reductions are 32-42% for the cloud models and 16% for the on-device model.",identical,0,"On multi-speaker recordings, the reductions are 32-42% for the cloud models and 16% for the on-device model.",unchanged
130,cs.CL,"On multi-speaker recordings, the reductions are 32-42% for the cloud models and 16% for the on-device model.",synonym,1,"On multi-speaker recordings, the reductions are 32-42% for the cloud model and 16% for the on-device model.",models -> model
130,cs.CL,"On multi-speaker recordings, the reductions are 32-42% for the cloud models and 16% for the on-device model.",scramble,2,"32-42% models cloud 16% for the On multi-speaker reductions on-device the the for are recordings, and",word order shuffled
130,cs.CL,"On multi-speaker recordings, the reductions are 32-42% for the cloud models and 16% for the on-device model.",number_swap,3,"On multi-speaker recordings, the reductions are 32-42% for the cloud models and 23% for the on-device model.",16% -> 23%
130,cs.CL,"On multi-speaker recordings, the reductions are 32-42% for the cloud models and 16% for the on-device model.",antonym,4,"On multi-speaker recordings, the reductions differ 32-42% for the cloud models and 16% for the on-device model.",are -> differ
130,cs.CL,"On multi-speaker recordings, the reductions are 32-42% for the cloud models and 16% for the on-device model.",negation,5,"On multi-speaker recordings, the reductions are not 32-42% for the cloud models and 16% for the on-device model.",inserted 'not' after 'are'
131,cs.CL,"These results show that targeted preprocessing, speaker selection, and domain-aware post-processing can substantially improve agricultural speech transcription while preserving the underlying ASR model.",identical,0,"These results show that targeted preprocessing, speaker selection, and domain-aware post-processing can substantially improve agricultural speech transcription while preserving the underlying ASR model.",unchanged
131,cs.CL,"These results show that targeted preprocessing, speaker selection, and domain-aware post-processing can substantially improve agricultural speech transcription while preserving the underlying ASR model.",synonym,1,"These results show that target preprocessing, speaker selection, and domain-aware post-processing can substantially improve agricultural speech transcription while preserving the underlying ASR model.",targeted -> target
131,cs.CL,"These results show that targeted preprocessing, speaker selection, and domain-aware post-processing can substantially improve agricultural speech transcription while preserving the underlying ASR model.",scramble,2,"targeted can results preserving selection, that improve underlying while preprocessing, the These and agricultural domain-aware post-processing speech speaker substantially transcription show ASR",word order shuffled
131,cs.CL,"These results show that targeted preprocessing, speaker selection, and domain-aware post-processing can substantially improve agricultural speech transcription while preserving the underlying ASR model.",antonym,4,"These results show that targeted preprocessing, speaker selection, and domain-aware post-processing can substantially worsen agricultural speech transcription while preserving the underlying ASR model.",improve -> worsen
131,cs.CL,"These results show that targeted preprocessing, speaker selection, and domain-aware post-processing can substantially improve agricultural speech transcription while preserving the underlying ASR model.",negation,5,"These results show that targeted preprocessing, speaker selection, and domain-aware post-processing can not substantially improve agricultural speech transcription while preserving the underlying ASR model.",inserted 'not' after 'can'
132,cs.CL,"Despite the widely recognized potential of AI in education, most prior work has focused on individualized student assistance.",identical,0,"Despite the widely recognized potential of AI in education, most prior work has focused on individualized student assistance.",unchanged
132,cs.CL,"Despite the widely recognized potential of AI in education, most prior work has focused on individualized student assistance.",synonym,1,"Despite the widely recognized potential of AI in education, most prior work has concentrate on individualized student assistance.",focused -> concentrate
132,cs.CL,"Despite the widely recognized potential of AI in education, most prior work has focused on individualized student assistance.",scramble,2,"individualized widely most the on prior recognized work has Despite in education, potential student focused of AI",word order shuffled
132,cs.CL,"Despite the widely recognized potential of AI in education, most prior work has focused on individualized student assistance.",antonym,4,"Despite the widely recognized potential of AI in education, most prior work lack focused on individualized student assistance.",has -> lack
132,cs.CL,"Despite the widely recognized potential of AI in education, most prior work has focused on individualized student assistance.",negation,5,"Despite the widely recognized potential of AI in education, most prior work has not focused on individualized student assistance.",inserted 'not' after 'has'
133,cs.CL,"In contrast, the majority of educational practice worldwide still takes place in collective classroom settings.",identical,0,"In contrast, the majority of educational practice worldwide still takes place in collective classroom settings.",unchanged
133,cs.CL,"In contrast, the majority of educational practice worldwide still takes place in collective classroom settings.",synonym,1,"In contrast, the majority of educational practice worldwide still takes spot in collective classroom settings.",place -> spot
133,cs.CL,"In contrast, the majority of educational practice worldwide still takes place in collective classroom settings.",scramble,2,"collective practice place still contrast, worldwide majority educational in In takes the of classroom",word order shuffled
133,cs.CL,"In contrast, the majority of educational practice worldwide still takes place in collective classroom settings.",antonym,4,"In contrast, the majority of educational practice worldwide still takes place in distributive classroom settings.",collective -> distributive
133,cs.CL,"In contrast, the majority of educational practice worldwide still takes place in collective classroom settings.",negation,5,"It is not the case that in contrast, the majority of educational practice worldwide still takes place in collective classroom settings.",prepended denial
134,cs.CL,"Among many other applications, Edustories enables evaluating LLMs' ability to predict the success of teacher interventions, crucial for providing practicing teachers with useful feedback.",identical,0,"Among many other applications, Edustories enables evaluating LLMs' ability to predict the success of teacher interventions, crucial for providing practicing teachers with useful feedback.",unchanged
134,cs.CL,"Among many other applications, Edustories enables evaluating LLMs' ability to predict the success of teacher interventions, crucial for providing practicing teachers with useful feedback.",synonym,1,"Among many other applications, Edustories enables evaluating LLMs' ability to predict the success of instructor interventions, crucial for providing practicing teachers with useful feedback.",teacher -> instructor
134,cs.CL,"Among many other applications, Edustories enables evaluating LLMs' ability to predict the success of teacher interventions, crucial for providing practicing teachers with useful feedback.",scramble,2,"to with interventions, the teacher ability predict enables of Among other success many practicing providing applications, teachers for useful LLMs' crucial Edustories evaluating",word order shuffled
134,cs.CL,"Among many other applications, Edustories enables evaluating LLMs' ability to predict the success of teacher interventions, crucial for providing practicing teachers with useful feedback.",antonym,4,"Among few other applications, Edustories enables evaluating LLMs' ability to predict the success of teacher interventions, crucial for providing practicing teachers with useful feedback.",many -> few
134,cs.CL,"Among many other applications, Edustories enables evaluating LLMs' ability to predict the success of teacher interventions, crucial for providing practicing teachers with useful feedback.",negation,5,"It is not the case that among many other applications, Edustories enables evaluating LLMs' ability to predict the success of teacher interventions, crucial for providing practicing teachers with useful feedback.",prepended denial
135,cs.CL,This gap highlights both the limitations and the emerging potential of AI as assistants for practicing teachers.,identical,0,This gap highlights both the limitations and the emerging potential of AI as assistants for practicing teachers.,unchanged
135,cs.CL,This gap highlights both the limitations and the emerging potential of AI as assistants for practicing teachers.,synonym,1,This gap highlights both the restriction and the emerging potential of AI as assistants for practicing teachers.,limitations -> restriction
135,cs.CL,This gap highlights both the limitations and the emerging potential of AI as assistants for practicing teachers.,scramble,2,both as for and the potential AI emerging assistants the highlights gap This practicing of limitations,word order shuffled
135,cs.CL,This gap highlights both the limitations and the emerging potential of AI as assistants for practicing teachers.,antonym,4,This gap background both the limitations and the emerging potential of AI as assistants for practicing teachers.,highlights -> background
135,cs.CL,This gap highlights both the limitations and the emerging potential of AI as assistants for practicing teachers.,negation,5,It is not the case that this gap highlights both the limitations and the emerging potential of AI as assistants for practicing teachers.,prepended denial
136,cs.CL,"One proposed solution is alignment midtraining (AMT), which continues pretraining on large volumes of alignment-relevant documents to encourage generalisation in later stages of training.",identical,0,"One proposed solution is alignment midtraining (AMT), which continues pretraining on large volumes of alignment-relevant documents to encourage generalisation in later stages of training.",unchanged
136,cs.CL,"One proposed solution is alignment midtraining (AMT), which continues pretraining on large volumes of alignment-relevant documents to encourage generalisation in later stages of training.",synonym,1,"One proposed solution is alignment midtraining (AMT), which continue pretraining on large volumes of alignment-relevant documents to encourage generalisation in later stages of training.",continues -> continue
136,cs.CL,"One proposed solution is alignment midtraining (AMT), which continues pretraining on large volumes of alignment-relevant documents to encourage generalisation in later stages of training.",scramble,2,"later solution large to on One encourage midtraining of proposed stages of alignment (AMT), continues which generalisation in alignment-relevant pretraining volumes is documents",word order shuffled
136,cs.CL,"One proposed solution is alignment midtraining (AMT), which continues pretraining on large volumes of alignment-relevant documents to encourage generalisation in later stages of training.",antonym,4,"One proposed solution is alignment midtraining (AMT), which discontinue pretraining on large volumes of alignment-relevant documents to encourage generalisation in later stages of training.",continues -> discontinue
136,cs.CL,"One proposed solution is alignment midtraining (AMT), which continues pretraining on large volumes of alignment-relevant documents to encourage generalisation in later stages of training.",negation,5,"One proposed solution is not alignment midtraining (AMT), which continues pretraining on large volumes of alignment-relevant documents to encourage generalisation in later stages of training.",inserted 'not' after 'is'
137,cs.CL,"Despite the prominence of AMT as an alignment approach, there is limited public evidence for its effectiveness.",identical,0,"Despite the prominence of AMT as an alignment approach, there is limited public evidence for its effectiveness.",unchanged
137,cs.CL,"Despite the prominence of AMT as an alignment approach, there is limited public evidence for its effectiveness.",synonym,1,"Despite the prominence of AMT as an alignment approach, there is limited public grounds for its effectiveness.",evidence -> grounds
137,cs.CL,"Despite the prominence of AMT as an alignment approach, there is limited public evidence for its effectiveness.",scramble,2,"an AMT public for approach, there as alignment evidence limited the Despite prominence is of its",word order shuffled
137,cs.CL,"Despite the prominence of AMT as an alignment approach, there is limited public evidence for its effectiveness.",antonym,4,"Despite the prominence of AMT as an alignment approach, there is unlimited public evidence for its effectiveness.",limited -> unlimited
137,cs.CL,"Despite the prominence of AMT as an alignment approach, there is limited public evidence for its effectiveness.",negation,5,"Despite the prominence of AMT as an alignment approach, there is not limited public evidence for its effectiveness.",inserted 'not' after 'is'
138,cs.CL,"To resolve this, we identify several assumptions around midtraining and evaluate them across scale: up to 110 billion-parameter models and 1 billion midtraining tokens.",identical,0,"To resolve this, we identify several assumptions around midtraining and evaluate them across scale: up to 110 billion-parameter models and 1 billion midtraining tokens.",unchanged
138,cs.CL,"To resolve this, we identify several assumptions around midtraining and evaluate them across scale: up to 110 billion-parameter models and 1 billion midtraining tokens.",synonym,1,"To resolve this, we identify several assumptions around midtraining and evaluate them across scale: up to 110 billion-parameter model and 1 billion midtraining tokens.",models -> model
138,cs.CL,"To resolve this, we identify several assumptions around midtraining and evaluate them across scale: up to 110 billion-parameter models and 1 billion midtraining tokens.",scramble,2,"evaluate several resolve 1 billion models them around midtraining assumptions To up this, scale: midtraining 110 billion-parameter and we to across and identify",word order shuffled
138,cs.CL,"To resolve this, we identify several assumptions around midtraining and evaluate them across scale: up to 110 billion-parameter models and 1 billion midtraining tokens.",number_swap,3,"To resolve this, we identify several assumptions around midtraining and evaluate them across scale: up to 113 billion-parameter models and 1 billion midtraining tokens.",110 -> 113
138,cs.CL,"To resolve this, we identify several assumptions around midtraining and evaluate them across scale: up to 110 billion-parameter models and 1 billion midtraining tokens.",antonym,4,"To resolve this, we identify several assumptions around midtraining and evaluate them across scale: down to 110 billion-parameter models and 1 billion midtraining tokens.",up -> down
138,cs.CL,"To resolve this, we identify several assumptions around midtraining and evaluate them across scale: up to 110 billion-parameter models and 1 billion midtraining tokens.",negation,5,"It is not the case that to resolve this, we identify several assumptions around midtraining and evaluate them across scale: up to 110 billion-parameter models and 1 billion midtraining tokens.",prepended denial
139,cs.CL,"For instance, we study a scenario where post-training data is ambiguous between two possible motivations.",identical,0,"For instance, we study a scenario where post-training data is ambiguous between two possible motivations.",unchanged
139,cs.CL,"For instance, we study a scenario where post-training data is ambiguous between two possible motivations.",synonym,1,"For instance, we study a scenario where post-training data is equivocal between two possible motivations.",ambiguous -> equivocal
139,cs.CL,"For instance, we study a scenario where post-training data is ambiguous between two possible motivations.",scramble,2,"instance, two possible study ambiguous a we data where scenario For is post-training between",word order shuffled
139,cs.CL,"For instance, we study a scenario where post-training data is ambiguous between two possible motivations.",antonym,4,"For instance, we study a scenario where post-training data is ambiguous between two impossible motivations.",possible -> impossible
139,cs.CL,"For instance, we study a scenario where post-training data is ambiguous between two possible motivations.",negation,5,"For instance, we study a scenario where post-training data is not ambiguous between two possible motivations.",inserted 'not' after 'is'
140,cs.CL,We find that midtraining can steer the model's motivation in simple versions of this setting.,identical,0,We find that midtraining can steer the model's motivation in simple versions of this setting.,unchanged
140,cs.CL,We find that midtraining can steer the model's motivation in simple versions of this setting.,synonym,1,We find that midtraining can steer the model's motive in simple versions of this setting.,motivation -> motive
140,cs.CL,We find that midtraining can steer the model's motivation in simple versions of this setting.,scramble,2,simple versions find can that We this steer midtraining the model's motivation of in,word order shuffled
140,cs.CL,We find that midtraining can steer the model's motivation in simple versions of this setting.,antonym,4,We find that midtraining can steer the model's motivation in complex versions of this setting.,simple -> complex
140,cs.CL,We find that midtraining can steer the model's motivation in simple versions of this setting.,negation,5,We find that midtraining can not steer the model's motivation in simple versions of this setting.,inserted 'not' after 'can'
141,cs.CL,"However, the presence of a tiny fraction of finetuning data which suggests a competing motivation erases the effects of AMT.",identical,0,"However, the presence of a tiny fraction of finetuning data which suggests a competing motivation erases the effects of AMT.",unchanged
141,cs.CL,"However, the presence of a tiny fraction of finetuning data which suggests a competing motivation erases the effects of AMT.",synonym,1,"However, the presence of a tiny fraction of finetuning data which suggests a competing motivation erase the effects of AMT.",erases -> erase
141,cs.CL,"However, the presence of a tiny fraction of finetuning data which suggests a competing motivation erases the effects of AMT.",scramble,2,"erases a motivation of of However, effects presence the suggests fraction of the which a tiny data finetuning competing",word order shuffled
141,cs.CL,"However, the presence of a tiny fraction of finetuning data which suggests a competing motivation erases the effects of AMT.",antonym,4,"However, the presence of a tiny fraction of finetuning data which suggests a competing motivation record the effects of AMT.",erases -> record
141,cs.CL,"However, the presence of a tiny fraction of finetuning data which suggests a competing motivation erases the effects of AMT.",negation,5,"It is not the case that however, the presence of a tiny fraction of finetuning data which suggests a competing motivation erases the effects of AMT.",prepended denial
142,cs.CL,"We also study scenarios in which we want an AI to follow a number of rules, but only demonstrate a subset of them.",identical,0,"We also study scenarios in which we want an AI to follow a number of rules, but only demonstrate a subset of them.",unchanged
142,cs.CL,"We also study scenarios in which we want an AI to follow a number of rules, but only demonstrate a subset of them.",synonym,1,"We also study scenarios in which we desire an AI to follow a number of rules, but only demonstrate a subset of them.",want -> desire
142,cs.CL,"We also study scenarios in which we want an AI to follow a number of rules, but only demonstrate a subset of them.",scramble,2,"which rules, only We AI number an in but follow also study subset we of of a demonstrate to scenarios a want",word order shuffled
142,cs.CL,"We also study scenarios in which we want an AI to follow a number of rules, but only demonstrate a subset of them.",antonym,4,"We also study scenarios in which we want an AI to follow a number of rules, but only disprove a subset of them.",demonstrate -> disprove
142,cs.CL,"We also study scenarios in which we want an AI to follow a number of rules, but only demonstrate a subset of them.",negation,5,"It is not the case that we also study scenarios in which we want an AI to follow a number of rules, but only demonstrate a subset of them.",prepended denial
143,cs.CL,We find that demonstrations must be present either in midtraining or post-training datasets for these rules to be robustly learned.,identical,0,We find that demonstrations must be present either in midtraining or post-training datasets for these rules to be robustly learned.,unchanged
143,cs.CL,We find that demonstrations must be present either in midtraining or post-training datasets for these rules to be robustly learned.,synonym,1,We find that demonstrations must be present either in midtraining or post-training datasets for these rule to be robustly learned.,rules -> rule
143,cs.CL,We find that demonstrations must be present either in midtraining or post-training datasets for these rules to be robustly learned.,scramble,2,robustly that either in for demonstrations post-training find must We be rules datasets to or these be present midtraining,word order shuffled
143,cs.CL,We find that demonstrations must be present either in midtraining or post-training datasets for these rules to be robustly learned.,antonym,4,We lose that demonstrations must be present either in midtraining or post-training datasets for these rules to be robustly learned.,find -> lose
143,cs.CL,We find that demonstrations must be present either in midtraining or post-training datasets for these rules to be robustly learned.,negation,5,It is not the case that we find that demonstrations must be present either in midtraining or post-training datasets for these rules to be robustly learned.,prepended denial
144,cs.CL,"Large language models are usually interpreted through concepts that humans already possess: truthfulness, refusal, deception, personality, harmfulness, and related categories.",identical,0,"Large language models are usually interpreted through concepts that humans already possess: truthfulness, refusal, deception, personality, harmfulness, and related categories.",unchanged
144,cs.CL,"Large language models are usually interpreted through concepts that humans already possess: truthfulness, refusal, deception, personality, harmfulness, and related categories.",synonym,1,"Large language models are usually interpret through concepts that humans already possess: truthfulness, refusal, deception, personality, harmfulness, and related categories.",interpreted -> interpret
144,cs.CL,"Large language models are usually interpreted through concepts that humans already possess: truthfulness, refusal, deception, personality, harmfulness, and related categories.",scramble,2,"harmfulness, concepts possess: refusal, usually related Large deception, personality, truthfulness, models and through language are humans already interpreted that",word order shuffled
144,cs.CL,"Large language models are usually interpreted through concepts that humans already possess: truthfulness, refusal, deception, personality, harmfulness, and related categories.",antonym,4,"Large language models differ usually interpreted through concepts that humans already possess: truthfulness, refusal, deception, personality, harmfulness, and related categories.",are -> differ
144,cs.CL,"Large language models are usually interpreted through concepts that humans already possess: truthfulness, refusal, deception, personality, harmfulness, and related categories.",negation,5,"Large language models are not usually interpreted through concepts that humans already possess: truthfulness, refusal, deception, personality, harmfulness, and related categories.",inserted 'not' after 'are'
145,cs.CL,This paper asks whether models may also represent and use distinctions for which no adequate human concept exists.,identical,0,This paper asks whether models may also represent and use distinctions for which no adequate human concept exists.,unchanged
145,cs.CL,This paper asks whether models may also represent and use distinctions for which no adequate human concept exists.,synonym,1,This paper asks whether models may also represent and utilize distinctions for which no adequate human concept exists.,use -> utilize
145,cs.CL,This paper asks whether models may also represent and use distinctions for which no adequate human concept exists.,scramble,2,adequate human for and use concept paper represent whether distinctions models This asks which also may no,word order shuffled
145,cs.CL,This paper asks whether models may also represent and use distinctions for which no adequate human concept exists.,antonym,4,This paper obviate whether models may also represent and use distinctions for which no adequate human concept exists.,asks -> obviate
145,cs.CL,This paper asks whether models may also represent and use distinctions for which no adequate human concept exists.,negation,5,This paper asks whether models may not also represent and use distinctions for which no adequate human concept exists.,inserted 'not' after 'may'
146,cs.CL,"We call such internal structures xeno-representations, and their study xeno-interpretability.",identical,0,"We call such internal structures xeno-representations, and their study xeno-interpretability.",unchanged
146,cs.CL,"We call such internal structures xeno-representations, and their study xeno-interpretability.",synonym,1,"We call such internal structures xeno-representations, and their survey xeno-interpretability.",study -> survey
146,cs.CL,"We call such internal structures xeno-representations, and their study xeno-interpretability.",scramble,2,"their study internal call and We structures such xeno-representations,",word order shuffled
146,cs.CL,"We call such internal structures xeno-representations, and their study xeno-interpretability.",antonym,4,"We call such external structures xeno-representations, and their study xeno-interpretability.",internal -> external
146,cs.CL,"We call such internal structures xeno-representations, and their study xeno-interpretability.",negation,5,"It is not the case that we call such internal structures xeno-representations, and their study xeno-interpretability.",prepended denial
147,cs.CL,We distinguish the human-interpretable semantic space from the xeno-semantic space: the region of model-native representations for which no adequate human conceptual counterpart is available.,identical,0,We distinguish the human-interpretable semantic space from the xeno-semantic space: the region of model-native representations for which no adequate human conceptual counterpart is available.,unchanged
147,cs.CL,We distinguish the human-interpretable semantic space from the xeno-semantic space: the region of model-native representations for which no adequate human conceptual counterpart is available.,synonym,1,We distinguish the human-interpretable semantic space from the xeno-semantic space: the region of model-native representations for which no adequate human conceptual vis-a-vis is available.,counterpart -> vis-a-vis
147,cs.CL,We distinguish the human-interpretable semantic space from the xeno-semantic space: the region of model-native representations for which no adequate human conceptual counterpart is available.,scramble,2,xeno-semantic no space: the representations model-native human-interpretable We of which counterpart adequate region the conceptual for human space the is semantic from distinguish,word order shuffled
147,cs.CL,We distinguish the human-interpretable semantic space from the xeno-semantic space: the region of model-native representations for which no adequate human conceptual counterpart is available.,antonym,4,We distinguish the human-interpretable semantic space from the xeno-semantic space: the region of model-native representations for which no adequate nonhuman conceptual counterpart is available.,human -> nonhuman
147,cs.CL,We distinguish the human-interpretable semantic space from the xeno-semantic space: the region of model-native representations for which no adequate human conceptual counterpart is available.,negation,5,We distinguish the human-interpretable semantic space from the xeno-semantic space: the region of model-native representations for which no adequate human conceptual counterpart is not available.,inserted 'not' after 'is'
148,cs.CL,We show that the space of possible internal distinctions in an LLM is substantially larger than the space available through finite human descriptions.,identical,0,We show that the space of possible internal distinctions in an LLM is substantially larger than the space available through finite human descriptions.,unchanged
148,cs.CL,We show that the space of possible internal distinctions in an LLM is substantially larger than the space available through finite human descriptions.,synonym,1,We show that the space of possible internal distinctions in an LLM is well larger than the space available through finite human descriptions.,substantially -> well
148,cs.CL,We show that the space of possible internal distinctions in an LLM is substantially larger than the space available through finite human descriptions.,scramble,2,in that internal distinctions space possible LLM available is of than the finite substantially the space human larger show an We through,word order shuffled
148,cs.CL,We show that the space of possible internal distinctions in an LLM is substantially larger than the space available through finite human descriptions.,antonym,4,We show that the space of possible internal distinctions in an LLM is substantially larger than the space available through finite nonhuman descriptions.,human -> nonhuman
148,cs.CL,We show that the space of possible internal distinctions in an LLM is substantially larger than the space available through finite human descriptions.,negation,5,We show that the space of possible internal distinctions in an LLM is not substantially larger than the space available through finite human descriptions.,inserted 'not' after 'is'
149,cs.CL,"On this basis, we sketch an empirical programme to identify xeno-representations.",identical,0,"On this basis, we sketch an empirical programme to identify xeno-representations.",unchanged
149,cs.CL,"On this basis, we sketch an empirical programme to identify xeno-representations.",synonym,1,"On this basis, we outline an empirical programme to identify xeno-representations.",sketch -> outline
149,cs.CL,"On this basis, we sketch an empirical programme to identify xeno-representations.",scramble,2,"programme basis, On to we identify sketch an empirical this",word order shuffled
149,cs.CL,"On this basis, we sketch an empirical programme to identify xeno-representations.",antonym,4,"On this basis, we sketch an theoretical programme to identify xeno-representations.",empirical -> theoretical
149,cs.CL,"On this basis, we sketch an empirical programme to identify xeno-representations.",negation,5,"It is not the case that on this basis, we sketch an empirical programme to identify xeno-representations.",prepended denial
150,cs.CL,"We finally examine the implications for AI safety and multi-agent systems, where model-native representations may propagate and stabilize across interacting agents while remaining only partially visible through human-readable communication.",identical,0,"We finally examine the implications for AI safety and multi-agent systems, where model-native representations may propagate and stabilize across interacting agents while remaining only partially visible through human-readable communication.",unchanged
150,cs.CL,"We finally examine the implications for AI safety and multi-agent systems, where model-native representations may propagate and stabilize across interacting agents while remaining only partially visible through human-readable communication.",synonym,1,"We finally examine the implications for AI safety and multi-agent systems, where model-native representations may propagate and stabilize across interact agents while remaining only partially visible through human-readable communication.",interacting -> interact
150,cs.CL,"We finally examine the implications for AI safety and multi-agent systems, where model-native representations may propagate and stabilize across interacting agents while remaining only partially visible through human-readable communication.",scramble,2,"agents remaining only and representations visible propagate stabilize systems, safety multi-agent human-readable implications where AI through finally model-native interacting for may while the We and partially examine across",word order shuffled
150,cs.CL,"We finally examine the implications for AI safety and multi-agent systems, where model-native representations may propagate and stabilize across interacting agents while remaining only partially visible through human-readable communication.",antonym,4,"We finally examine the implications for AI safety and multi-agent systems, where model-native representations may propagate and stabilize across interacting agents while remaining only wholly visible through human-readable communication.",partially -> wholly
150,cs.CL,"We finally examine the implications for AI safety and multi-agent systems, where model-native representations may propagate and stabilize across interacting agents while remaining only partially visible through human-readable communication.",negation,5,"We finally examine the implications for AI safety and multi-agent systems, where model-native representations may not propagate and stabilize across interacting agents while remaining only partially visible through human-readable communication.",inserted 'not' after 'may'
151,cs.CL,Semantic parsing (SP)-based knowledge base question answering aims to answer natural language questions by generating executable logical forms (LFs) over knowledge bases (KBs).,identical,0,Semantic parsing (SP)-based knowledge base question answering aims to answer natural language questions by generating executable logical forms (LFs) over knowledge bases (KBs).,unchanged
151,cs.CL,Semantic parsing (SP)-based knowledge base question answering aims to answer natural language questions by generating executable logical forms (LFs) over knowledge bases (KBs).,synonym,1,Semantic parsing (SP)-based knowledge base question answering purpose to answer natural language questions by generating executable logical forms (LFs) over knowledge bases (KBs).,aims -> purpose
151,cs.CL,Semantic parsing (SP)-based knowledge base question answering aims to answer natural language questions by generating executable logical forms (LFs) over knowledge bases (KBs).,scramble,2,questions to parsing natural knowledge (LFs) (SP)-based logical answering over language bases answer aims by Semantic forms executable generating base question knowledge,word order shuffled
151,cs.CL,Semantic parsing (SP)-based knowledge base question answering aims to answer natural language questions by generating executable logical forms (LFs) over knowledge bases (KBs).,antonym,4,Semantic parsing (SP)-based knowledge base question answering aims to answer natural language questions by generating executable illogical forms (LFs) over knowledge bases (KBs).,logical -> illogical
151,cs.CL,Semantic parsing (SP)-based knowledge base question answering aims to answer natural language questions by generating executable logical forms (LFs) over knowledge bases (KBs).,negation,5,It is not the case that semantic parsing (SP)-based knowledge base question answering aims to answer natural language questions by generating executable logical forms (LFs) over knowledge bases (KBs).,prepended denial
152,cs.CL,"Recent LLM-based methods often make early discrete commitments to schema elements during intermediate reasoning, allowing incorrect intermediate schema decisions to propagate and finally result in incorrect LFs.",identical,0,"Recent LLM-based methods often make early discrete commitments to schema elements during intermediate reasoning, allowing incorrect intermediate schema decisions to propagate and finally result in incorrect LFs.",unchanged
152,cs.CL,"Recent LLM-based methods often make early discrete commitments to schema elements during intermediate reasoning, allowing incorrect intermediate schema decisions to propagate and finally result in incorrect LFs.",synonym,1,"Recent LLM-based methods often make early distinct commitments to schema elements during intermediate reasoning, allowing incorrect intermediate schema decisions to propagate and finally result in incorrect LFs.",discrete -> distinct
152,cs.CL,"Recent LLM-based methods often make early discrete commitments to schema elements during intermediate reasoning, allowing incorrect intermediate schema decisions to propagate and finally result in incorrect LFs.",scramble,2,"schema to intermediate Recent in make incorrect often decisions methods commitments elements LLM-based allowing to schema discrete early incorrect during propagate and reasoning, intermediate finally result",word order shuffled
152,cs.CL,"Recent LLM-based methods often make early discrete commitments to schema elements during intermediate reasoning, allowing incorrect intermediate schema decisions to propagate and finally result in incorrect LFs.",antonym,4,"Recent LLM-based methods often make early discrete commitments to schema elements during intermediate reasoning, prevent incorrect intermediate schema decisions to propagate and finally result in incorrect LFs.",allowing -> prevent
152,cs.CL,"Recent LLM-based methods often make early discrete commitments to schema elements during intermediate reasoning, allowing incorrect intermediate schema decisions to propagate and finally result in incorrect LFs.",negation,5,"It is not the case that recent LLM-based methods often make early discrete commitments to schema elements during intermediate reasoning, allowing incorrect intermediate schema decisions to propagate and finally result in incorrect LFs.",prepended denial
153,cs.CL,"To overcome this limitation, we propose SALR, a schema-anchored latent reasoning method for LF construction.",identical,0,"To overcome this limitation, we propose SALR, a schema-anchored latent reasoning method for LF construction.",unchanged
153,cs.CL,"To overcome this limitation, we propose SALR, a schema-anchored latent reasoning method for LF construction.",synonym,1,"To overcome this limitation, we propose SALR, a schema-anchored latent reason method for LF construction.",reasoning -> reason
153,cs.CL,"To overcome this limitation, we propose SALR, a schema-anchored latent reasoning method for LF construction.",scramble,2,"this we limitation, SALR, method propose a reasoning To schema-anchored overcome LF latent for",word order shuffled
153,cs.CL,"To overcome this limitation, we propose SALR, a schema-anchored latent reasoning method for LF construction.",negation,5,"It is not the case that to overcome this limitation, we propose SALR, a schema-anchored latent reasoning method for LF construction.",prepended denial
154,cs.CL,"It performs multi-step reasoning by generating continuous thoughts in the model's hidden states, thereby delaying the explicit commitment to LF decisions.",identical,0,"It performs multi-step reasoning by generating continuous thoughts in the model's hidden states, thereby delaying the explicit commitment to LF decisions.",unchanged
154,cs.CL,"It performs multi-step reasoning by generating continuous thoughts in the model's hidden states, thereby delaying the explicit commitment to LF decisions.",synonym,1,"It performs multi-step reasoning by generating continuous thoughts in the model's hidden states, thereby delaying the expressed commitment to LF decisions.",explicit -> expressed
154,cs.CL,"It performs multi-step reasoning by generating continuous thoughts in the model's hidden states, thereby delaying the explicit commitment to LF decisions.",scramble,2,"states, performs reasoning hidden to the continuous multi-step the It generating model's in LF delaying explicit commitment thereby by thoughts",word order shuffled
154,cs.CL,"It performs multi-step reasoning by generating continuous thoughts in the model's hidden states, thereby delaying the explicit commitment to LF decisions.",antonym,4,"It performs multi-step reasoning by generating continuous thoughts in the model's hidden states, thereby delaying the implicit commitment to LF decisions.",explicit -> implicit
154,cs.CL,"It performs multi-step reasoning by generating continuous thoughts in the model's hidden states, thereby delaying the explicit commitment to LF decisions.",negation,5,"It is not the case that it performs multi-step reasoning by generating continuous thoughts in the model's hidden states, thereby delaying the explicit commitment to LF decisions.",prepended denial
155,cs.CL,It then incorporates the aligned schema codes into inputs for subsequent reasoning steps.,identical,0,It then incorporates the aligned schema codes into inputs for subsequent reasoning steps.,unchanged
155,cs.CL,It then incorporates the aligned schema codes into inputs for subsequent reasoning steps.,synonym,1,It so incorporates the aligned schema codes into inputs for subsequent reasoning steps.,then -> so
155,cs.CL,It then incorporates the aligned schema codes into inputs for subsequent reasoning steps.,scramble,2,into reasoning schema for incorporates inputs It then aligned the codes subsequent,word order shuffled
155,cs.CL,It then incorporates the aligned schema codes into inputs for subsequent reasoning steps.,antonym,4,It then disintegrate the aligned schema codes into inputs for subsequent reasoning steps.,incorporates -> disintegrate
155,cs.CL,It then incorporates the aligned schema codes into inputs for subsequent reasoning steps.,negation,5,It is not the case that it then incorporates the aligned schema codes into inputs for subsequent reasoning steps.,prepended denial
156,cs.CL,This schema-mediated feedback guides LF generation without requiring the model to emit an explicit textual reasoning trajectory.,identical,0,This schema-mediated feedback guides LF generation without requiring the model to emit an explicit textual reasoning trajectory.,unchanged
156,cs.CL,This schema-mediated feedback guides LF generation without requiring the model to emit an explicit textual reasoning trajectory.,synonym,1,This schema-mediated feedback usher LF generation without requiring the model to emit an explicit textual reasoning trajectory.,guides -> usher
156,cs.CL,This schema-mediated feedback guides LF generation without requiring the model to emit an explicit textual reasoning trajectory.,scramble,2,This requiring LF schema-mediated reasoning without feedback explicit the to model emit an guides generation textual,word order shuffled
156,cs.CL,This schema-mediated feedback guides LF generation without requiring the model to emit an explicit textual reasoning trajectory.,antonym,4,This schema-mediated feedback guides LF generation without requiring the model to absorb an explicit textual reasoning trajectory.,emit -> absorb
156,cs.CL,This schema-mediated feedback guides LF generation without requiring the model to emit an explicit textual reasoning trajectory.,negation,5,It is not the case that this schema-mediated feedback guides LF generation without requiring the model to emit an explicit textual reasoning trajectory.,prepended denial
157,cs.CL,Experiments on GrailQA and WebQSP show that SALR achieves consistent overall gains over strong baselines.,identical,0,Experiments on GrailQA and WebQSP show that SALR achieves consistent overall gains over strong baselines.,unchanged
157,cs.CL,Experiments on GrailQA and WebQSP show that SALR achieves consistent overall gains over strong baselines.,synonym,1,Experiments on GrailQA and WebQSP show that SALR achieve consistent overall gains over strong baselines.,achieves -> achieve
157,cs.CL,Experiments on GrailQA and WebQSP show that SALR achieves consistent overall gains over strong baselines.,scramble,2,show strong Experiments consistent and on WebQSP achieves GrailQA over gains SALR that overall,word order shuffled
157,cs.CL,Experiments on GrailQA and WebQSP show that SALR achieves consistent overall gains over strong baselines.,antonym,4,Experiments on GrailQA and WebQSP show that SALR achieves inconsistent overall gains over strong baselines.,consistent -> inconsistent
157,cs.CL,Experiments on GrailQA and WebQSP show that SALR achieves consistent overall gains over strong baselines.,negation,5,It is not the case that experiments on GrailQA and WebQSP show that SALR achieves consistent overall gains over strong baselines.,prepended denial
158,cs.CL,"Notably, on compositional questions from GrailQA, SALR outperforms TIARA, a strong SP-based baseline, by 2.86 F1 points.",identical,0,"Notably, on compositional questions from GrailQA, SALR outperforms TIARA, a strong SP-based baseline, by 2.86 F1 points.",unchanged
158,cs.CL,"Notably, on compositional questions from GrailQA, SALR outperforms TIARA, a strong SP-based baseline, by 2.86 F1 points.",synonym,1,"Notably, on compositional questions from GrailQA, SALR surpass TIARA, a strong SP-based baseline, by 2.86 F1 points.",outperforms -> surpass
158,cs.CL,"Notably, on compositional questions from GrailQA, SALR outperforms TIARA, a strong SP-based baseline, by 2.86 F1 points.",scramble,2,"SP-based GrailQA, a SALR TIARA, strong baseline, F1 Notably, outperforms compositional questions by from 2.86 on",word order shuffled
158,cs.CL,"Notably, on compositional questions from GrailQA, SALR outperforms TIARA, a strong SP-based baseline, by 2.86 F1 points.",number_swap,3,"Notably, on compositional questions from GrailQA, SALR outperforms TIARA, a strong SP-based baseline, by 102.86 F1 points.",2.86 -> 102.86
158,cs.CL,"Notably, on compositional questions from GrailQA, SALR outperforms TIARA, a strong SP-based baseline, by 2.86 F1 points.",antonym,4,"Notably, on compositional questions from GrailQA, SALR outperforms TIARA, a weak SP-based baseline, by 2.86 F1 points.",strong -> weak
158,cs.CL,"Notably, on compositional questions from GrailQA, SALR outperforms TIARA, a strong SP-based baseline, by 2.86 F1 points.",negation,5,"It is not the case that notably, on compositional questions from GrailQA, SALR outperforms TIARA, a strong SP-based baseline, by 2.86 F1 points.",prepended denial
159,cs.CL,Further analyses show that schema-mediated feedback affects LF generation and that schema information is recoverable from the latent states.,identical,0,Further analyses show that schema-mediated feedback affects LF generation and that schema information is recoverable from the latent states.,unchanged
159,cs.CL,Further analyses show that schema-mediated feedback affects LF generation and that schema information is recoverable from the latent states.,synonym,1,Further analyses show that schema-mediated feedback affects LF generation and that schema info is recoverable from the latent states.,information -> info
159,cs.CL,Further analyses show that schema-mediated feedback affects LF generation and that schema information is recoverable from the latent states.,scramble,2,analyses from feedback that schema-mediated LF affects recoverable information schema Further is generation and the show that latent,word order shuffled
159,cs.CL,Further analyses show that schema-mediated feedback affects LF generation and that schema information is recoverable from the latent states.,antonym,4,Further analyses show that schema-mediated feedback affects LF generation and that schema information is unrecoverable from the latent states.,recoverable -> unrecoverable
159,cs.CL,Further analyses show that schema-mediated feedback affects LF generation and that schema information is recoverable from the latent states.,negation,5,Further analyses show that schema-mediated feedback affects LF generation and that schema information is not recoverable from the latent states.,inserted 'not' after 'is'
160,cs.CL,"Speculative Decoding (SD) has significantly accelerated Large Language Model (LLM) inference, yet existing approaches face a fundamental tradeoff between two drafting strategies: neural drafting and context-based copying.",identical,0,"Speculative Decoding (SD) has significantly accelerated Large Language Model (LLM) inference, yet existing approaches face a fundamental tradeoff between two drafting strategies: neural drafting and context-based copying.",unchanged
160,cs.CL,"Speculative Decoding (SD) has significantly accelerated Large Language Model (LLM) inference, yet existing approaches face a fundamental tradeoff between two drafting strategies: neural drafting and context-based copying.",synonym,1,"Speculative Decoding (SD) has significantly accelerated Large Language Model (LLM) inference, yet existing approaches face a fundamental trade-off between two drafting strategies: neural drafting and context-based copying.",tradeoff -> trade-off
160,cs.CL,"Speculative Decoding (SD) has significantly accelerated Large Language Model (LLM) inference, yet existing approaches face a fundamental tradeoff between two drafting strategies: neural drafting and context-based copying.",scramble,2,"strategies: two a accelerated between (SD) Speculative Large Language drafting yet context-based tradeoff face fundamental Decoding drafting and Model neural approaches significantly inference, has existing (LLM)",word order shuffled
160,cs.CL,"Speculative Decoding (SD) has significantly accelerated Large Language Model (LLM) inference, yet existing approaches face a fundamental tradeoff between two drafting strategies: neural drafting and context-based copying.",antonym,4,"Speculative Decoding (SD) has significantly decelerate Large Language Model (LLM) inference, yet existing approaches face a fundamental tradeoff between two drafting strategies: neural drafting and context-based copying.",accelerated -> decelerate
160,cs.CL,"Speculative Decoding (SD) has significantly accelerated Large Language Model (LLM) inference, yet existing approaches face a fundamental tradeoff between two drafting strategies: neural drafting and context-based copying.",negation,5,"Speculative Decoding (SD) has not significantly accelerated Large Language Model (LLM) inference, yet existing approaches face a fundamental tradeoff between two drafting strategies: neural drafting and context-based copying.",inserted 'not' after 'has'
161,cs.CL,"We introduce SwitchSD, an adaptive framework that treats copying as a latent control signal of the LLM.",identical,0,"We introduce SwitchSD, an adaptive framework that treats copying as a latent control signal of the LLM.",unchanged
161,cs.CL,"We introduce SwitchSD, an adaptive framework that treats copying as a latent control signal of the LLM.",synonym,1,"We introduce SwitchSD, an adaptive framework that treats copying as a latent dominance signal of the LLM.",control -> dominance
161,cs.CL,"We introduce SwitchSD, an adaptive framework that treats copying as a latent control signal of the LLM.",scramble,2,"treats control introduce of that the framework SwitchSD, We adaptive copying as an a signal latent",word order shuffled
161,cs.CL,"We introduce SwitchSD, an adaptive framework that treats copying as a latent control signal of the LLM.",antonym,4,"We introduce SwitchSD, an maladaptive framework that treats copying as a latent control signal of the LLM.",adaptive -> maladaptive
161,cs.CL,"We introduce SwitchSD, an adaptive framework that treats copying as a latent control signal of the LLM.",negation,5,"It is not the case that we introduce SwitchSD, an adaptive framework that treats copying as a latent control signal of the LLM.",prepended denial
162,cs.CL,"This allows the system to dynamically switch between neural drafting (e.g., EAGLE) and context-based copying.",identical,0,"This allows the system to dynamically switch between neural drafting (e.g., EAGLE) and context-based copying.",unchanged
162,cs.CL,"This allows the system to dynamically switch between neural drafting (e.g., EAGLE) and context-based copying.",synonym,1,"This allows the system to dynamically exchange between neural drafting (e.g., EAGLE) and context-based copying.",switch -> exchange
162,cs.CL,"This allows the system to dynamically switch between neural drafting (e.g., EAGLE) and context-based copying.",scramble,2,"system drafting and to This dynamically context-based allows EAGLE) between neural switch the (e.g.,",word order shuffled
162,cs.CL,"This allows the system to dynamically switch between neural drafting (e.g., EAGLE) and context-based copying.",antonym,4,"This allows the system to dynamically switch between neural discharge (e.g., EAGLE) and context-based copying.",drafting -> discharge
162,cs.CL,"This allows the system to dynamically switch between neural drafting (e.g., EAGLE) and context-based copying.",negation,5,"It is not the case that this allows the system to dynamically switch between neural drafting (e.g., EAGLE) and context-based copying.",prepended denial
163,cs.CL,Reasoning-based reranking with Large Language Models (LLMs) has shown promising improvements in text ranking.,identical,0,Reasoning-based reranking with Large Language Models (LLMs) has shown promising improvements in text ranking.,unchanged
163,cs.CL,Reasoning-based reranking with Large Language Models (LLMs) has shown promising improvements in text ranking.,synonym,1,Reasoning-based reranking with Large Language Models (LLMs) has shown promising improvements in textbook ranking.,text -> textbook
163,cs.CL,Reasoning-based reranking with Large Language Models (LLMs) has shown promising improvements in text ranking.,scramble,2,text with promising reranking shown (LLMs) improvements in Language Reasoning-based Models has Large,word order shuffled
163,cs.CL,Reasoning-based reranking with Large Language Models (LLMs) has shown promising improvements in text ranking.,antonym,4,Reasoning-based reranking with Large Language Models (LLMs) lack shown promising improvements in text ranking.,has -> lack
163,cs.CL,Reasoning-based reranking with Large Language Models (LLMs) has shown promising improvements in text ranking.,negation,5,Reasoning-based reranking with Large Language Models (LLMs) has not shown promising improvements in text ranking.,inserted 'not' after 'has'
164,cs.CL,"However, current methods predominantly rely on a single reasoning trajectory, resulting in rankings that are susceptible to reasoning errors and inherently constrained in modeling the multifaceted signals underlying document relevance.",identical,0,"However, current methods predominantly rely on a single reasoning trajectory, resulting in rankings that are susceptible to reasoning errors and inherently constrained in modeling the multifaceted signals underlying document relevance.",unchanged
164,cs.CL,"However, current methods predominantly rely on a single reasoning trajectory, resulting in rankings that are susceptible to reasoning errors and inherently constrained in modeling the multifaceted signals underlying document relevance.",synonym,1,"However, current methods preponderantly rely on a single reasoning trajectory, resulting in rankings that are susceptible to reasoning errors and inherently constrained in modeling the multifaceted signals underlying document relevance.",predominantly -> preponderantly
164,cs.CL,"However, current methods predominantly rely on a single reasoning trajectory, resulting in rankings that are susceptible to reasoning errors and inherently constrained in modeling the multifaceted signals underlying document relevance.",scramble,2,"and underlying in rely methods document in errors constrained susceptible predominantly inherently trajectory, multifaceted on a rankings However, resulting are reasoning that reasoning signals single modeling current the to",word order shuffled
164,cs.CL,"However, current methods predominantly rely on a single reasoning trajectory, resulting in rankings that are susceptible to reasoning errors and inherently constrained in modeling the multifaceted signals underlying document relevance.",antonym,4,"However, current methods predominantly mistrust on a single reasoning trajectory, resulting in rankings that are susceptible to reasoning errors and inherently constrained in modeling the multifaceted signals underlying document relevance.",rely -> mistrust
164,cs.CL,"However, current methods predominantly rely on a single reasoning trajectory, resulting in rankings that are susceptible to reasoning errors and inherently constrained in modeling the multifaceted signals underlying document relevance.",negation,5,"However, current methods predominantly rely on a single reasoning trajectory, resulting in rankings that are not susceptible to reasoning errors and inherently constrained in modeling the multifaceted signals underlying document relevance.",inserted 'not' after 'are'
165,cs.CL,"To resolve this dilemma, we propose MERIT-Rank(Multi-perspective Evidence and Reasoning Integration for Text Reranking), a framework that models complementary reasoning trajectories to improve reranking robustness.",identical,0,"To resolve this dilemma, we propose MERIT-Rank(Multi-perspective Evidence and Reasoning Integration for Text Reranking), a framework that models complementary reasoning trajectories to improve reranking robustness.",unchanged
165,cs.CL,"To resolve this dilemma, we propose MERIT-Rank(Multi-perspective Evidence and Reasoning Integration for Text Reranking), a framework that models complementary reasoning trajectories to improve reranking robustness.",synonym,1,"To resolve this dilemma, we propose MERIT-Rank(Multi-perspective Evidence and Reasoning Integration for Text Reranking), a model that models complementary reasoning trajectories to improve reranking robustness.",framework -> model
165,cs.CL,"To resolve this dilemma, we propose MERIT-Rank(Multi-perspective Evidence and Reasoning Integration for Text Reranking), a framework that models complementary reasoning trajectories to improve reranking robustness.",scramble,2,"framework for this trajectories MERIT-Rank(Multi-perspective Evidence we improve that models resolve complementary Reasoning propose and to To Integration dilemma, reasoning Reranking), reranking Text a",word order shuffled
165,cs.CL,"To resolve this dilemma, we propose MERIT-Rank(Multi-perspective Evidence and Reasoning Integration for Text Reranking), a framework that models complementary reasoning trajectories to improve reranking robustness.",antonym,4,"To resolve this dilemma, we propose MERIT-Rank(Multi-perspective Evidence and Reasoning Integration for Text Reranking), a framework that models complementary reasoning trajectories to worsen reranking robustness.",improve -> worsen
165,cs.CL,"To resolve this dilemma, we propose MERIT-Rank(Multi-perspective Evidence and Reasoning Integration for Text Reranking), a framework that models complementary reasoning trajectories to improve reranking robustness.",negation,5,"It is not the case that to resolve this dilemma, we propose MERIT-Rank(Multi-perspective Evidence and Reasoning Integration for Text Reranking), a framework that models complementary reasoning trajectories to improve reranking robustness.",prepended denial
166,cs.CL,MERIT-Rank formulates a Multi-Trajectory Reasoning Space (MTRS) that evaluates query-document relevance from multiple perspectives and introduces a joint reranker that consolidates these reasoning paths into a unified ranking decision.,identical,0,MERIT-Rank formulates a Multi-Trajectory Reasoning Space (MTRS) that evaluates query-document relevance from multiple perspectives and introduces a joint reranker that consolidates these reasoning paths into a unified ranking decision.,unchanged
166,cs.CL,MERIT-Rank formulates a Multi-Trajectory Reasoning Space (MTRS) that evaluates query-document relevance from multiple perspectives and introduces a joint reranker that consolidates these reasoning paths into a unified ranking decision.,synonym,1,MERIT-Rank formulates a Multi-Trajectory Reasoning Space (MTRS) that evaluates query-document relevance from multiple perspectives and introduces a joint reranker that consolidate these reasoning paths into a unified ranking decision.,consolidates -> consolidate
166,cs.CL,MERIT-Rank formulates a Multi-Trajectory Reasoning Space (MTRS) that evaluates query-document relevance from multiple perspectives and introduces a joint reranker that consolidates these reasoning paths into a unified ranking decision.,scramble,2,Reasoning reasoning query-document multiple ranking that evaluates a unified a these a from joint into (MTRS) paths reranker consolidates MERIT-Rank that introduces formulates and Multi-Trajectory Space relevance perspectives,word order shuffled
166,cs.CL,MERIT-Rank formulates a Multi-Trajectory Reasoning Space (MTRS) that evaluates query-document relevance from multiple perspectives and introduces a joint reranker that consolidates these reasoning paths into a unified ranking decision.,antonym,4,MERIT-Rank formulates a Multi-Trajectory Reasoning Space (MTRS) that evaluates query-document relevance from single perspectives and introduces a joint reranker that consolidates these reasoning paths into a unified ranking decision.,multiple -> single
166,cs.CL,MERIT-Rank formulates a Multi-Trajectory Reasoning Space (MTRS) that evaluates query-document relevance from multiple perspectives and introduces a joint reranker that consolidates these reasoning paths into a unified ranking decision.,negation,5,It is not the case that mERIT-Rank formulates a Multi-Trajectory Reasoning Space (MTRS) that evaluates query-document relevance from multiple perspectives and introduces a joint reranker that consolidates these reasoning paths into a unified ranking decision.,prepended denial
167,cs.CL,"We further develop Progressive Rank Policy Optimization (PRPO), a progressive training framework that stabilizes reasoning trajectories while continually improving ranking quality through staged optimization objectives.",identical,0,"We further develop Progressive Rank Policy Optimization (PRPO), a progressive training framework that stabilizes reasoning trajectories while continually improving ranking quality through staged optimization objectives.",unchanged
167,cs.CL,"We further develop Progressive Rank Policy Optimization (PRPO), a progressive training framework that stabilizes reasoning trajectories while continually improving ranking quality through staged optimization objectives.",synonym,1,"We further develop Progressive Rank Policy Optimization (PRPO), a progressive training framework that stabilizes reasoning trajectory while continually improving ranking quality through staged optimization objectives.",trajectories -> trajectory
167,cs.CL,"We further develop Progressive Rank Policy Optimization (PRPO), a progressive training framework that stabilizes reasoning trajectories while continually improving ranking quality through staged optimization objectives.",scramble,2,"ranking quality reasoning progressive staged while trajectories through We Progressive Policy develop Rank a improving optimization further (PRPO), stabilizes training framework that continually Optimization",word order shuffled
167,cs.CL,"We further develop Progressive Rank Policy Optimization (PRPO), a progressive training framework that stabilizes reasoning trajectories while continually improving ranking quality through staged optimization objectives.",antonym,4,"We further develop Progressive Rank Policy Optimization (PRPO), a progressive training framework that stabilizes reasoning trajectories while continually worsen ranking quality through staged optimization objectives.",improving -> worsen
167,cs.CL,"We further develop Progressive Rank Policy Optimization (PRPO), a progressive training framework that stabilizes reasoning trajectories while continually improving ranking quality through staged optimization objectives.",negation,5,"It is not the case that we further develop Progressive Rank Policy Optimization (PRPO), a progressive training framework that stabilizes reasoning trajectories while continually improving ranking quality through staged optimization objectives.",prepended denial
168,cs.CL,Experiments on both reasoning-intensive and traditional retrieval benchmarks show that MERIT-Rank consistently achieves superior performance over competitive baselines.,identical,0,Experiments on both reasoning-intensive and traditional retrieval benchmarks show that MERIT-Rank consistently achieves superior performance over competitive baselines.,unchanged
168,cs.CL,Experiments on both reasoning-intensive and traditional retrieval benchmarks show that MERIT-Rank consistently achieves superior performance over competitive baselines.,synonym,1,experiment on both reasoning-intensive and traditional retrieval benchmarks show that MERIT-Rank consistently achieves superior performance over competitive baselines.,Experiments -> experiment
168,cs.CL,Experiments on both reasoning-intensive and traditional retrieval benchmarks show that MERIT-Rank consistently achieves superior performance over competitive baselines.,scramble,2,achieves consistently on MERIT-Rank over retrieval performance superior Experiments that reasoning-intensive traditional show benchmarks competitive both and,word order shuffled
168,cs.CL,Experiments on both reasoning-intensive and traditional retrieval benchmarks show that MERIT-Rank consistently achieves superior performance over competitive baselines.,antonym,4,Experiments on both reasoning-intensive and traditional retrieval benchmarks disprove that MERIT-Rank consistently achieves superior performance over competitive baselines.,show -> disprove
168,cs.CL,Experiments on both reasoning-intensive and traditional retrieval benchmarks show that MERIT-Rank consistently achieves superior performance over competitive baselines.,negation,5,It is not the case that experiments on both reasoning-intensive and traditional retrieval benchmarks show that MERIT-Rank consistently achieves superior performance over competitive baselines.,prepended denial
169,cs.CL,The 4B model notably outperforms most 7B and even 32B rerankers on BRIGHT.,identical,0,The 4B model notably outperforms most 7B and even 32B rerankers on BRIGHT.,unchanged
169,cs.CL,The 4B model notably outperforms most 7B and even 32B rerankers on BRIGHT.,synonym,1,The 4B framework notably outperforms most 7B and even 32B rerankers on BRIGHT.,model -> framework
169,cs.CL,The 4B model notably outperforms most 7B and even 32B rerankers on BRIGHT.,scramble,2,rerankers The and 4B model 7B 32B even outperforms on notably most,word order shuffled
169,cs.CL,The 4B model notably outperforms most 7B and even 32B rerankers on BRIGHT.,antonym,4,The 4B model notably outperforms fewest 7B and even 32B rerankers on BRIGHT.,most -> fewest
169,cs.CL,The 4B model notably outperforms most 7B and even 32B rerankers on BRIGHT.,negation,5,It is not the case that the 4B model notably outperforms most 7B and even 32B rerankers on BRIGHT.,prepended denial
170,cs.CL,"We describe the architecture, training methodology and inference speedups of Granite 5.0 Turbo CTC, a 470 million parameter encoder-only model with an excellent speed-accuracy tradeoff.",identical,0,"We describe the architecture, training methodology and inference speedups of Granite 5.0 Turbo CTC, a 470 million parameter encoder-only model with an excellent speed-accuracy tradeoff.",unchanged
170,cs.CL,"We describe the architecture, training methodology and inference speedups of Granite 5.0 Turbo CTC, a 470 million parameter encoder-only model with an excellent speed-accuracy tradeoff.",synonym,1,"We describe the architecture, training methodology and inference speedups of Granite 5.0 Turbo CTC, a 470 million argument encoder-only model with an excellent speed-accuracy tradeoff.",parameter -> argument
170,cs.CL,"We describe the architecture, training methodology and inference speedups of Granite 5.0 Turbo CTC, a 470 million parameter encoder-only model with an excellent speed-accuracy tradeoff.",scramble,2,"speed-accuracy 470 describe the excellent million CTC, speedups and architecture, with methodology Granite Turbo inference an of model encoder-only training 5.0 We parameter a",word order shuffled
170,cs.CL,"We describe the architecture, training methodology and inference speedups of Granite 5.0 Turbo CTC, a 470 million parameter encoder-only model with an excellent speed-accuracy tradeoff.",number_swap,3,"We describe the architecture, training methodology and inference speedups of Granite 105.0 Turbo CTC, a 470 million parameter encoder-only model with an excellent speed-accuracy tradeoff.",5.0 -> 105.0
170,cs.CL,"We describe the architecture, training methodology and inference speedups of Granite 5.0 Turbo CTC, a 470 million parameter encoder-only model with an excellent speed-accuracy tradeoff.",negation,5,"It is not the case that we describe the architecture, training methodology and inference speedups of Granite 5.0 Turbo CTC, a 470 million parameter encoder-only model with an excellent speed-accuracy tradeoff.",prepended denial
171,cs.CL,"The architecture uses pyramidal temporal subsampling within Conformer blocks using strided depthwise convolutions, block-diagonal (chunk-wise) self-attention, and conditioning on intermediate predictions from the middle layer.",identical,0,"The architecture uses pyramidal temporal subsampling within Conformer blocks using strided depthwise convolutions, block-diagonal (chunk-wise) self-attention, and conditioning on intermediate predictions from the middle layer.",unchanged
171,cs.CL,"The architecture uses pyramidal temporal subsampling within Conformer blocks using strided depthwise convolutions, block-diagonal (chunk-wise) self-attention, and conditioning on intermediate predictions from the middle layer.",synonym,1,"The architecture uses pyramidal temporal subsampling within Conformer blocks use strided depthwise convolutions, block-diagonal (chunk-wise) self-attention, and conditioning on intermediate predictions from the middle layer.",using -> use
171,cs.CL,"The architecture uses pyramidal temporal subsampling within Conformer blocks using strided depthwise convolutions, block-diagonal (chunk-wise) self-attention, and conditioning on intermediate predictions from the middle layer.",scramble,2,"blocks The strided depthwise from using architecture Conformer (chunk-wise) intermediate the and predictions on within uses self-attention, middle conditioning temporal pyramidal subsampling convolutions, block-diagonal",word order shuffled
171,cs.CL,"The architecture uses pyramidal temporal subsampling within Conformer blocks using strided depthwise convolutions, block-diagonal (chunk-wise) self-attention, and conditioning on intermediate predictions from the middle layer.",antonym,4,"The architecture uses pyramidal temporal subsampling within Conformer blocks using strided depthwise convolutions, block-diagonal (chunk-wise) self-attention, and conditioning on terminal predictions from the middle layer.",intermediate -> terminal
171,cs.CL,"The architecture uses pyramidal temporal subsampling within Conformer blocks using strided depthwise convolutions, block-diagonal (chunk-wise) self-attention, and conditioning on intermediate predictions from the middle layer.",negation,5,"It is not the case that the architecture uses pyramidal temporal subsampling within Conformer blocks using strided depthwise convolutions, block-diagonal (chunk-wise) self-attention, and conditioning on intermediate predictions from the middle layer.",prepended denial
172,cs.CL,"Training highlights are the use of only publicly available data, the novel use of a Muon optimizer, and balanced data sampling.",identical,0,"Training highlights are the use of only publicly available data, the novel use of a Muon optimizer, and balanced data sampling.",unchanged
172,cs.CL,"Training highlights are the use of only publicly available data, the novel use of a Muon optimizer, and balanced data sampling.",synonym,1,"Training highlights are the use of only publicly uncommitted data, the novel use of a Muon optimizer, and balanced data sampling.",available -> uncommitted
172,cs.CL,"Training highlights are the use of only publicly available data, the novel use of a Muon optimizer, and balanced data sampling.",scramble,2,"use publicly Training data of a the the balanced novel of highlights available use optimizer, Muon only are data, and",word order shuffled
172,cs.CL,"Training highlights are the use of only publicly available data, the novel use of a Muon optimizer, and balanced data sampling.",antonym,4,"Training highlights are the use of only publicly unavailable data, the novel use of a Muon optimizer, and balanced data sampling.",available -> unavailable
172,cs.CL,"Training highlights are the use of only publicly available data, the novel use of a Muon optimizer, and balanced data sampling.",negation,5,"Training highlights are not the use of only publicly available data, the novel use of a Muon optimizer, and balanced data sampling.",inserted 'not' after 'are'
173,cs.CL,Inference speedups include replacing 1 x 1 convolutions with linear layers and optimizing the attention computation in the Conformer blocks.,identical,0,Inference speedups include replacing 1 x 1 convolutions with linear layers and optimizing the attention computation in the Conformer blocks.,unchanged
173,cs.CL,Inference speedups include replacing 1 x 1 convolutions with linear layers and optimizing the attention computation in the Conformer blocks.,synonym,1,Inference speedups include replacing 1 ten 1 convolutions with linear layers and optimizing the attention computation in the Conformer blocks.,x -> ten
173,cs.CL,Inference speedups include replacing 1 x 1 convolutions with linear layers and optimizing the attention computation in the Conformer blocks.,scramble,2,linear the speedups 1 in layers computation convolutions optimizing the Conformer and replacing include x attention 1 with Inference,word order shuffled
173,cs.CL,Inference speedups include replacing 1 x 1 convolutions with linear layers and optimizing the attention computation in the Conformer blocks.,number_swap,3,Inference speedups include replacing 26 x 1 convolutions with linear layers and optimizing the attention computation in the Conformer blocks.,1 -> 26
173,cs.CL,Inference speedups include replacing 1 x 1 convolutions with linear layers and optimizing the attention computation in the Conformer blocks.,antonym,4,Inference speedups include replacing 1 x 1 convolutions with nonlinear layers and optimizing the attention computation in the Conformer blocks.,linear -> nonlinear
173,cs.CL,Inference speedups include replacing 1 x 1 convolutions with linear layers and optimizing the attention computation in the Conformer blocks.,negation,5,It is not the case that inference speedups include replacing 1 x 1 convolutions with linear layers and optimizing the attention computation in the Conformer blocks.,prepended denial
174,cs.CL,Tool learning enables large language models (LLMs) to use external tools for tasks beyond parametric knowledge.,identical,0,Tool learning enables large language models (LLMs) to use external tools for tasks beyond parametric knowledge.,unchanged
174,cs.CL,Tool learning enables large language models (LLMs) to use external tools for tasks beyond parametric knowledge.,synonym,1,Tool learning enables large language model (LLMs) to use external tools for tasks beyond parametric knowledge.,models -> model
174,cs.CL,Tool learning enables large language models (LLMs) to use external tools for tasks beyond parametric knowledge.,scramble,2,language to tools parametric models enables Tool tasks beyond learning for (LLMs) use large external,word order shuffled
174,cs.CL,Tool learning enables large language models (LLMs) to use external tools for tasks beyond parametric knowledge.,antonym,4,Tool learning enables large language models (LLMs) to use internal tools for tasks beyond parametric knowledge.,external -> internal
174,cs.CL,Tool learning enables large language models (LLMs) to use external tools for tasks beyond parametric knowledge.,negation,5,It is not the case that tool learning enables large language models (LLMs) to use external tools for tasks beyond parametric knowledge.,prepended denial
175,cs.CL,"To address these problems, we propose MATCH, a closed-loop framework for model-aware tool learning with curriculum scheduling and hierarchically gated rewards.",identical,0,"To address these problems, we propose MATCH, a closed-loop framework for model-aware tool learning with curriculum scheduling and hierarchically gated rewards.",unchanged
175,cs.CL,"To address these problems, we propose MATCH, a closed-loop framework for model-aware tool learning with curriculum scheduling and hierarchically gated rewards.",synonym,1,"To speak these problems, we propose MATCH, a closed-loop framework for model-aware tool learning with curriculum scheduling and hierarchically gated rewards.",address -> speak
175,cs.CL,"To address these problems, we propose MATCH, a closed-loop framework for model-aware tool learning with curriculum scheduling and hierarchically gated rewards.",scramble,2,"curriculum learning these MATCH, for propose and we address scheduling problems, gated model-aware framework closed-loop a tool with hierarchically To",word order shuffled
175,cs.CL,"To address these problems, we propose MATCH, a closed-loop framework for model-aware tool learning with curriculum scheduling and hierarchically gated rewards.",negation,5,"It is not the case that to address these problems, we propose MATCH, a closed-loop framework for model-aware tool learning with curriculum scheduling and hierarchically gated rewards.",prepended denial
176,cs.CL,"Hierarchical Tool-call Gated Reward (HTGR) scores tool name, argument key, and argument value as a gated chain, granting credit at each level only when prerequisites hold.",identical,0,"Hierarchical Tool-call Gated Reward (HTGR) scores tool name, argument key, and argument value as a gated chain, granting credit at each level only when prerequisites hold.",unchanged
176,cs.CL,"Hierarchical Tool-call Gated Reward (HTGR) scores tool name, argument key, and argument value as a gated chain, granting credit at each level only when prerequisites hold.",synonym,1,"Hierarchical Tool-call Gated Reward (HTGR) score tool name, argument key, and argument value as a gated chain, granting credit at each level only when prerequisites hold.",scores -> score
176,cs.CL,"Hierarchical Tool-call Gated Reward (HTGR) scores tool name, argument key, and argument value as a gated chain, granting credit at each level only when prerequisites hold.",scramble,2,"Hierarchical a granting key, value and as Reward credit at gated argument chain, when argument name, only scores Gated level prerequisites (HTGR) each Tool-call tool",word order shuffled
176,cs.CL,"Hierarchical Tool-call Gated Reward (HTGR) scores tool name, argument key, and argument value as a gated chain, granting credit at each level only when prerequisites hold.",antonym,4,"nonhierarchical Tool-call Gated Reward (HTGR) scores tool name, argument key, and argument value as a gated chain, granting credit at each level only when prerequisites hold.",Hierarchical -> nonhierarchical
176,cs.CL,"Hierarchical Tool-call Gated Reward (HTGR) scores tool name, argument key, and argument value as a gated chain, granting credit at each level only when prerequisites hold.",negation,5,"It is not the case that hierarchical Tool-call Gated Reward (HTGR) scores tool name, argument key, and argument value as a gated chain, granting credit at each level only when prerequisites hold.",prepended denial
177,cs.CL,"The same HTGR rewards drive both GRPO updates and MACL's difficulty refresh, closing the loop between policy optimization and sample scheduling.",identical,0,"The same HTGR rewards drive both GRPO updates and MACL's difficulty refresh, closing the loop between policy optimization and sample scheduling.",unchanged
177,cs.CL,"The same HTGR rewards drive both GRPO updates and MACL's difficulty refresh, closing the loop between policy optimization and sample scheduling.",synonym,1,"The same HTGR wages drive both GRPO updates and MACL's difficulty refresh, closing the loop between policy optimization and sample scheduling.",rewards -> wages
177,cs.CL,"The same HTGR rewards drive both GRPO updates and MACL's difficulty refresh, closing the loop between policy optimization and sample scheduling.",scramble,2,"same HTGR MACL's rewards and and difficulty drive updates closing both optimization the loop GRPO between refresh, policy sample The",word order shuffled
177,cs.CL,"The same HTGR rewards drive both GRPO updates and MACL's difficulty refresh, closing the loop between policy optimization and sample scheduling.",antonym,4,"The same HTGR rewards attract both GRPO updates and MACL's difficulty refresh, closing the loop between policy optimization and sample scheduling.",drive -> attract
177,cs.CL,"The same HTGR rewards drive both GRPO updates and MACL's difficulty refresh, closing the loop between policy optimization and sample scheduling.",negation,5,"It is not the case that the same HTGR rewards drive both GRPO updates and MACL's difficulty refresh, closing the loop between policy optimization and sample scheduling.",prepended denial
178,cs.CL,"On API-Bank and BFCL V3, MATCH reaches 72.19% and 62.87% overall accuracy, outperforming the main supervised and RL-based baselines.",identical,0,"On API-Bank and BFCL V3, MATCH reaches 72.19% and 62.87% overall accuracy, outperforming the main supervised and RL-based baselines.",unchanged
178,cs.CL,"On API-Bank and BFCL V3, MATCH reaches 72.19% and 62.87% overall accuracy, outperforming the main supervised and RL-based baselines.",synonym,1,"On API-Bank and BFCL V3, MATCH reaches 72.19% and 62.87% overall accuracy, surpass the main supervised and RL-based baselines.",outperforming -> surpass
178,cs.CL,"On API-Bank and BFCL V3, MATCH reaches 72.19% and 62.87% overall accuracy, outperforming the main supervised and RL-based baselines.",scramble,2,"MATCH API-Bank 72.19% On BFCL main overall outperforming 62.87% and accuracy, V3, RL-based supervised and the reaches and",word order shuffled
178,cs.CL,"On API-Bank and BFCL V3, MATCH reaches 72.19% and 62.87% overall accuracy, outperforming the main supervised and RL-based baselines.",number_swap,3,"On API-Bank and BFCL V3, MATCH reaches 79.19% and 62.87% overall accuracy, outperforming the main supervised and RL-based baselines.",72.19% -> 79.19%
178,cs.CL,"On API-Bank and BFCL V3, MATCH reaches 72.19% and 62.87% overall accuracy, outperforming the main supervised and RL-based baselines.",antonym,4,"On API-Bank and BFCL V3, MATCH reaches 72.19% and 62.87% overall accuracy, outperforming the main unsupervised and RL-based baselines.",supervised -> unsupervised
178,cs.CL,"On API-Bank and BFCL V3, MATCH reaches 72.19% and 62.87% overall accuracy, outperforming the main supervised and RL-based baselines.",negation,5,"It is not the case that on API-Bank and BFCL V3, MATCH reaches 72.19% and 62.87% overall accuracy, outperforming the main supervised and RL-based baselines.",prepended denial
179,cs.CL,Backbone experiments further show consistent improvements across four backbones from two model families.,identical,0,Backbone experiments further show consistent improvements across four backbones from two model families.,unchanged
179,cs.CL,Backbone experiments further show consistent improvements across four backbones from two model families.,synonym,1,Backbone experiments further show consistent improvements across four anchor from two model families.,backbones -> anchor
179,cs.CL,Backbone experiments further show consistent improvements across four backbones from two model families.,scramble,2,experiments four two model backbones improvements from across consistent show further Backbone,word order shuffled
179,cs.CL,Backbone experiments further show consistent improvements across four backbones from two model families.,antonym,4,Backbone experiments further show inconsistent improvements across four backbones from two model families.,consistent -> inconsistent
179,cs.CL,Backbone experiments further show consistent improvements across four backbones from two model families.,negation,5,It is not the case that backbone experiments further show consistent improvements across four backbones from two model families.,prepended denial
180,cs.CL,"We propose a discriminative adaptation that reads the final prompt token's hidden state through a classification head, producing a label in one forward pass without modifying the backbone.",identical,0,"We propose a discriminative adaptation that reads the final prompt token's hidden state through a classification head, producing a label in one forward pass without modifying the backbone.",unchanged
180,cs.CL,"We propose a discriminative adaptation that reads the final prompt token's hidden state through a classification head, producing a label in one forward pass without modifying the backbone.",synonym,1,"We propose a discriminative adaptation that reads the final prompt token's hidden state through a categorization head, producing a label in one forward pass without modifying the backbone.",classification -> categorization
180,cs.CL,"We propose a discriminative adaptation that reads the final prompt token's hidden state through a classification head, producing a label in one forward pass without modifying the backbone.",scramble,2,"head, producing a reads through the in the that pass classification final forward prompt a adaptation without a We discriminative token's hidden propose label modifying state one",word order shuffled
180,cs.CL,"We propose a discriminative adaptation that reads the final prompt token's hidden state through a classification head, producing a label in one forward pass without modifying the backbone.",negation,5,"It is not the case that we propose a discriminative adaptation that reads the final prompt token's hidden state through a classification head, producing a label in one forward pass without modifying the backbone.",prepended denial
181,cs.CL,"Because this readout starts from the hidden state the model would otherwise decode, it gives a controlled comparison of generative and discriminative inference in an otherwise identical speechLLM.",identical,0,"Because this readout starts from the hidden state the model would otherwise decode, it gives a controlled comparison of generative and discriminative inference in an otherwise identical speechLLM.",unchanged
181,cs.CL,"Because this readout starts from the hidden state the model would otherwise decode, it gives a controlled comparison of generative and discriminative inference in an otherwise identical speechLLM.",synonym,1,"Because this readout starts from the concealed state the model would otherwise decode, it gives a controlled comparison of generative and discriminative inference in an otherwise identical speechLLM.",hidden -> concealed
181,cs.CL,"Because this readout starts from the hidden state the model would otherwise decode, it gives a controlled comparison of generative and discriminative inference in an otherwise identical speechLLM.",scramble,2,"model controlled inference it Because generative this in gives the decode, otherwise hidden the and of state would readout otherwise comparison from an starts identical a discriminative",word order shuffled
181,cs.CL,"Because this readout starts from the hidden state the model would otherwise decode, it gives a controlled comparison of generative and discriminative inference in an otherwise identical speechLLM.",antonym,4,"Because this readout starts from the hidden state the model would otherwise decode, it take a controlled comparison of generative and discriminative inference in an otherwise identical speechLLM.",gives -> take
181,cs.CL,"Because this readout starts from the hidden state the model would otherwise decode, it gives a controlled comparison of generative and discriminative inference in an otherwise identical speechLLM.",negation,5,"Because this readout starts from the hidden state the model would not otherwise decode, it gives a controlled comparison of generative and discriminative inference in an otherwise identical speechLLM.",inserted 'not' after 'would'
182,cs.CL,"We keep the head a single linear layer, trading little accuracy for interpretability: each emotion becomes one direction in the LLM output token space, revealing associated tokens.",identical,0,"We keep the head a single linear layer, trading little accuracy for interpretability: each emotion becomes one direction in the LLM output token space, revealing associated tokens.",unchanged
182,cs.CL,"We keep the head a single linear layer, trading little accuracy for interpretability: each emotion becomes one direction in the LLM output token space, revealing associated tokens.",synonym,1,"We keep the head a single additive layer, trading little accuracy for interpretability: each emotion becomes one direction in the LLM output token space, revealing associated tokens.",linear -> additive
182,cs.CL,"We keep the head a single linear layer, trading little accuracy for interpretability: each emotion becomes one direction in the LLM output token space, revealing associated tokens.",scramble,2,"token single space, the head trading We for in direction one the output each emotion associated layer, revealing a accuracy keep interpretability: little becomes linear LLM",word order shuffled
182,cs.CL,"We keep the head a single linear layer, trading little accuracy for interpretability: each emotion becomes one direction in the LLM output token space, revealing associated tokens.",antonym,4,"We discontinue the head a single linear layer, trading little accuracy for interpretability: each emotion becomes one direction in the LLM output token space, revealing associated tokens.",keep -> discontinue
182,cs.CL,"We keep the head a single linear layer, trading little accuracy for interpretability: each emotion becomes one direction in the LLM output token space, revealing associated tokens.",negation,5,"It is not the case that we keep the head a single linear layer, trading little accuracy for interpretability: each emotion becomes one direction in the LLM output token space, revealing associated tokens.",prepended denial
183,cs.CL,"On IEMOCAP, across two speechLLM architectures, it improves Macro F1 and removes hallucinations, with largest gains on realistic ASR transcripts.",identical,0,"On IEMOCAP, across two speechLLM architectures, it improves Macro F1 and removes hallucinations, with largest gains on realistic ASR transcripts.",unchanged
183,cs.CL,"On IEMOCAP, across two speechLLM architectures, it improves Macro F1 and removes hallucinations, with largest gains on realistic ASR transcripts.",synonym,1,"On IEMOCAP, across two speechLLM architectures, it better Macro F1 and removes hallucinations, with largest gains on realistic ASR transcripts.",improves -> better
183,cs.CL,"On IEMOCAP, across two speechLLM architectures, it improves Macro F1 and removes hallucinations, with largest gains on realistic ASR transcripts.",scramble,2,"removes Macro speechLLM hallucinations, ASR largest improves realistic On on with gains across it F1 and two IEMOCAP, architectures,",word order shuffled
183,cs.CL,"On IEMOCAP, across two speechLLM architectures, it improves Macro F1 and removes hallucinations, with largest gains on realistic ASR transcripts.",antonym,4,"On IEMOCAP, across two speechLLM architectures, it worsen Macro F1 and removes hallucinations, with largest gains on realistic ASR transcripts.",improves -> worsen
183,cs.CL,"On IEMOCAP, across two speechLLM architectures, it improves Macro F1 and removes hallucinations, with largest gains on realistic ASR transcripts.",negation,5,"It is not the case that on IEMOCAP, across two speechLLM architectures, it improves Macro F1 and removes hallucinations, with largest gains on realistic ASR transcripts.",prepended denial
184,cs.CL,Our analysis reveals that these emotion directions encode indirect associations mirroring biases in web-scale text.,identical,0,Our analysis reveals that these emotion directions encode indirect associations mirroring biases in web-scale text.,unchanged
184,cs.CL,Our analysis reveals that these emotion directions encode indirect associations mirroring biases in web-scale text.,synonym,1,Our analysis reveals that these emotion directions encode indirect associations mirror biases in web-scale text.,mirroring -> mirror
184,cs.CL,Our analysis reveals that these emotion directions encode indirect associations mirroring biases in web-scale text.,scramble,2,biases associations encode mirroring in these that Our directions reveals indirect web-scale emotion analysis,word order shuffled
184,cs.CL,Our analysis reveals that these emotion directions encode indirect associations mirroring biases in web-scale text.,antonym,4,Our analysis reveals that these emotion directions decode indirect associations mirroring biases in web-scale text.,encode -> decode
184,cs.CL,Our analysis reveals that these emotion directions encode indirect associations mirroring biases in web-scale text.,negation,5,It is not the case that our analysis reveals that these emotion directions encode indirect associations mirroring biases in web-scale text.,prepended denial
185,cs.CL,"This paper builds a theoretical bridge between the economic notion of marginal utility and two machine-learning constructs, matrix factorization and the Key--Value cache of transformer language models.",identical,0,"This paper builds a theoretical bridge between the economic notion of marginal utility and two machine-learning constructs, matrix factorization and the Key--Value cache of transformer language models.",unchanged
185,cs.CL,"This paper builds a theoretical bridge between the economic notion of marginal utility and two machine-learning constructs, matrix factorization and the Key--Value cache of transformer language models.",synonym,1,"This paper builds a theoretical bridge between the economic notion of fringy utility and two machine-learning constructs, matrix factorization and the Key--Value cache of transformer language models.",marginal -> fringy
185,cs.CL,"This paper builds a theoretical bridge between the economic notion of marginal utility and two machine-learning constructs, matrix factorization and the Key--Value cache of transformer language models.",scramble,2,"two machine-learning factorization Key--Value bridge notion language transformer economic utility and theoretical builds the This the paper a between of matrix and marginal constructs, of cache",word order shuffled
185,cs.CL,"This paper builds a theoretical bridge between the economic notion of marginal utility and two machine-learning constructs, matrix factorization and the Key--Value cache of transformer language models.",antonym,4,"This paper builds a empirical bridge between the economic notion of marginal utility and two machine-learning constructs, matrix factorization and the Key--Value cache of transformer language models.",theoretical -> empirical
185,cs.CL,"This paper builds a theoretical bridge between the economic notion of marginal utility and two machine-learning constructs, matrix factorization and the Key--Value cache of transformer language models.",negation,5,"It is not the case that this paper builds a theoretical bridge between the economic notion of marginal utility and two machine-learning constructs, matrix factorization and the Key--Value cache of transformer language models.",prepended denial
186,cs.CL,The three collapse into a single allocation rule: retain the top dimensions whose eigenvalue exceeds the shadow price of the binding constraint.,identical,0,The three collapse into a single allocation rule: retain the top dimensions whose eigenvalue exceeds the shadow price of the binding constraint.,unchanged
186,cs.CL,The three collapse into a single allocation rule: retain the top dimensions whose eigenvalue exceeds the shadow price of the binding constraint.,synonym,1,The three collapse into a single allocation rule: retain the top dimension whose eigenvalue exceeds the shadow price of the binding constraint.,dimensions -> dimension
186,cs.CL,The three collapse into a single allocation rule: retain the top dimensions whose eigenvalue exceeds the shadow price of the binding constraint.,scramble,2,exceeds dimensions price single top the of the a the collapse eigenvalue shadow three allocation binding whose into The retain rule:,word order shuffled
186,cs.CL,The three collapse into a single allocation rule: retain the top dimensions whose eigenvalue exceeds the shadow price of the binding constraint.,antonym,4,The three collapse into a single allocation rule: retain the bottom dimensions whose eigenvalue exceeds the shadow price of the binding constraint.,top -> bottom
186,cs.CL,The three collapse into a single allocation rule: retain the top dimensions whose eigenvalue exceeds the shadow price of the binding constraint.,negation,5,It is not the case that the three collapse into a single allocation rule: retain the top dimensions whose eigenvalue exceeds the shadow price of the binding constraint.,prepended denial
187,cs.CL,"The full-scale extraction benchmark, including LoRA fine-tuning, is reported as projected rather than measured and remains an empirical extension of this work.",identical,0,"The full-scale extraction benchmark, including LoRA fine-tuning, is reported as projected rather than measured and remains an empirical extension of this work.",unchanged
187,cs.CL,"The full-scale extraction benchmark, including LoRA fine-tuning, is reported as projected rather than measured and remains an empirical extension of this work.",synonym,1,"The full-scale extraction benchmark, including LoRA fine-tuning, is reported as projected rather than measured and remains an empiric extension of this work.",empirical -> empiric
187,cs.CL,"The full-scale extraction benchmark, including LoRA fine-tuning, is reported as projected rather than measured and remains an empirical extension of this work.",scramble,2,"reported fine-tuning, empirical remains The including of this benchmark, rather and projected full-scale LoRA than measured extension extraction as is an",word order shuffled
187,cs.CL,"The full-scale extraction benchmark, including LoRA fine-tuning, is reported as projected rather than measured and remains an empirical extension of this work.",antonym,4,"The full-scale extraction benchmark, including LoRA fine-tuning, differ reported as projected rather than measured and remains an empirical extension of this work.",is -> differ
187,cs.CL,"The full-scale extraction benchmark, including LoRA fine-tuning, is reported as projected rather than measured and remains an empirical extension of this work.",negation,5,"The full-scale extraction benchmark, including LoRA fine-tuning, is not reported as projected rather than measured and remains an empirical extension of this work.",inserted 'not' after 'is'
188,cs.CL,"AI systems can strengthen democracy by supporting deliberation at scale by addressing cognitive, social, platform-design, and market-driven frictions, while preserving human agency.",identical,0,"AI systems can strengthen democracy by supporting deliberation at scale by addressing cognitive, social, platform-design, and market-driven frictions, while preserving human agency.",unchanged
188,cs.CL,"AI systems can strengthen democracy by supporting deliberation at scale by addressing cognitive, social, platform-design, and market-driven frictions, while preserving human agency.",synonym,1,"AI systems can strengthen democracy by supporting deliberation at scurf by addressing cognitive, social, platform-design, and market-driven frictions, while preserving human agency.",scale -> scurf
188,cs.CL,"AI systems can strengthen democracy by supporting deliberation at scale by addressing cognitive, social, platform-design, and market-driven frictions, while preserving human agency.",scramble,2,"human at systems addressing social, by can cognitive, supporting market-driven by AI while platform-design, democracy and preserving scale strengthen frictions, deliberation",word order shuffled
188,cs.CL,"AI systems can strengthen democracy by supporting deliberation at scale by addressing cognitive, social, platform-design, and market-driven frictions, while preserving human agency.",antonym,4,"AI systems can weaken democracy by supporting deliberation at scale by addressing cognitive, social, platform-design, and market-driven frictions, while preserving human agency.",strengthen -> weaken
188,cs.CL,"AI systems can strengthen democracy by supporting deliberation at scale by addressing cognitive, social, platform-design, and market-driven frictions, while preserving human agency.",negation,5,"AI systems can not strengthen democracy by supporting deliberation at scale by addressing cognitive, social, platform-design, and market-driven frictions, while preserving human agency.",inserted 'not' after 'can'
189,cs.CL,"We also address critical challenges, including alignment, sycophancy, training bias, and over-reliance on AI systems.",identical,0,"We also address critical challenges, including alignment, sycophancy, training bias, and over-reliance on AI systems.",unchanged
189,cs.CL,"We also address critical challenges, including alignment, sycophancy, training bias, and over-reliance on AI systems.",synonym,1,"We also address critical challenges, include alignment, sycophancy, training bias, and over-reliance on AI systems.",including -> include
189,cs.CL,"We also address critical challenges, including alignment, sycophancy, training bias, and over-reliance on AI systems.",scramble,2,"including over-reliance alignment, We critical AI and address bias, sycophancy, also challenges, on training",word order shuffled
189,cs.CL,"We also address critical challenges, including alignment, sycophancy, training bias, and over-reliance on AI systems.",antonym,4,"We also address critical challenges, exclude alignment, sycophancy, training bias, and over-reliance on AI systems.",including -> exclude
189,cs.CL,"We also address critical challenges, including alignment, sycophancy, training bias, and over-reliance on AI systems.",negation,5,"It is not the case that we also address critical challenges, including alignment, sycophancy, training bias, and over-reliance on AI systems.",prepended denial
190,cs.CL,"We call on the machine learning community to develop deliberation-focused AI systems evaluated not on engagement metrics but on their capacity to facilitate informed, representative, and friction-robust discourse.",identical,0,"We call on the machine learning community to develop deliberation-focused AI systems evaluated not on engagement metrics but on their capacity to facilitate informed, representative, and friction-robust discourse.",unchanged
190,cs.CL,"We call on the machine learning community to develop deliberation-focused AI systems evaluated not on engagement metrics but on their capacity to facilitate informed, representative, and friction-robust discourse.",synonym,1,"We call on the machine learning community to develop deliberation-focused AI systems evaluated not on engagement metrics but on their capability to facilitate informed, representative, and friction-robust discourse.",capacity -> capability
190,cs.CL,"We call on the machine learning community to develop deliberation-focused AI systems evaluated not on engagement metrics but on their capacity to facilitate informed, representative, and friction-robust discourse.",scramble,2,"learning evaluated representative, on on AI community call machine the metrics develop systems but and to facilitate on to capacity deliberation-focused engagement friction-robust We informed, their not",word order shuffled
190,cs.CL,"We call on the machine learning community to develop deliberation-focused AI systems evaluated not on engagement metrics but on their capacity to facilitate informed, representative, and friction-robust discourse.",negation,5,"It is not the case that we call on the machine learning community to develop deliberation-focused AI systems evaluated not on engagement metrics but on their capacity to facilitate informed, representative, and friction-robust discourse.",prepended denial
191,cs.CL,A coding agent halfway through an issue has already read much of what a retriever ranks highest.,identical,0,A coding agent halfway through an issue has already read much of what a retriever ranks highest.,unchanged
191,cs.CL,A coding agent halfway through an issue has already read much of what a retriever ranks highest.,synonym,1,A cryptography agent halfway through an issue has already read much of what a retriever ranks highest.,coding -> cryptography
191,cs.CL,A coding agent halfway through an issue has already read much of what a retriever ranks highest.,scramble,2,much coding retriever has read what already agent A a halfway issue ranks an through of,word order shuffled
191,cs.CL,A coding agent halfway through an issue has already read much of what a retriever ranks highest.,antonym,4,A coding agent halfway through an issue lack already read much of what a retriever ranks highest.,has -> lack
191,cs.CL,A coding agent halfway through an issue has already read much of what a retriever ranks highest.,negation,5,A coding agent halfway through an issue has not already read much of what a retriever ranks highest.,inserted 'not' after 'has'
192,cs.CL,"Relevance is scored per passage, but sufficiency belongs to the set: a ranker can fill its budget with variants of one required fact and leave the decision unsupported.",identical,0,"Relevance is scored per passage, but sufficiency belongs to the set: a ranker can fill its budget with variants of one required fact and leave the decision unsupported.",unchanged
192,cs.CL,"Relevance is scored per passage, but sufficiency belongs to the set: a ranker can fill its budget with variants of one required fact and leave the decision unsupported.",synonym,1,"Relevance is scored per passage, but sufficiency belongs to the set: a ranker can fill its budget with variants of one required fact and leave the determination unsupported.",decision -> determination
192,cs.CL,"Relevance is scored per passage, but sufficiency belongs to the set: a ranker can fill its budget with variants of one required fact and leave the decision unsupported.",scramble,2,"the budget fact can Relevance belongs fill required but ranker one a to and decision variants is passage, leave sufficiency its the set: of with scored per",word order shuffled
192,cs.CL,"Relevance is scored per passage, but sufficiency belongs to the set: a ranker can fill its budget with variants of one required fact and leave the decision unsupported.",antonym,4,"Relevance is scored per passage, but sufficiency belongs to the set: a ranker can fill its budget with variants of one required fact and arrive the decision unsupported.",leave -> arrive
192,cs.CL,"Relevance is scored per passage, but sufficiency belongs to the set: a ranker can fill its budget with variants of one required fact and leave the decision unsupported.",negation,5,"Relevance is not scored per passage, but sufficiency belongs to the set: a ranker can fill its budget with variants of one required fact and leave the decision unsupported.",inserted 'not' after 'is'
193,cs.CL,"We formulate state-conditioned minimal sufficient evidence recovery: given a captured agent state, recover a compact evidence combination that supplies the support its next decision still lacks.",identical,0,"We formulate state-conditioned minimal sufficient evidence recovery: given a captured agent state, recover a compact evidence combination that supplies the support its next decision still lacks.",unchanged
193,cs.CL,"We formulate state-conditioned minimal sufficient evidence recovery: given a captured agent state, recover a compact evidence combination that supplies the support its next decision still lacks.",synonym,1,"We formulate state-conditioned minimal sufficient evidence recovery: give a captured agent state, recover a compact evidence combination that supplies the support its next decision still lacks.",given -> give
193,cs.CL,"We formulate state-conditioned minimal sufficient evidence recovery: given a captured agent state, recover a compact evidence combination that supplies the support its next decision still lacks.",scramble,2,"supplies evidence that state-conditioned combination still state, its the recover a captured compact evidence agent We minimal recovery: given formulate next decision a sufficient support",word order shuffled
193,cs.CL,"We formulate state-conditioned minimal sufficient evidence recovery: given a captured agent state, recover a compact evidence combination that supplies the support its next decision still lacks.",antonym,4,"We formulate state-conditioned minimal sufficient evidence recovery: given a captured agent state, recover a compact evidence combination that recall the support its next decision still lacks.",supplies -> recall
193,cs.CL,"We formulate state-conditioned minimal sufficient evidence recovery: given a captured agent state, recover a compact evidence combination that supplies the support its next decision still lacks.",negation,5,"It is not the case that we formulate state-conditioned minimal sufficient evidence recovery: given a captured agent state, recover a compact evidence combination that supplies the support its next decision still lacks.",prepended denial
194,cs.CL,"Three semantic calls propose a jointly sufficient set, search for what it lacks, and return 4-8 intact source units within 6,144 tokens.",identical,0,"Three semantic calls propose a jointly sufficient set, search for what it lacks, and return 4-8 intact source units within 6,144 tokens.",unchanged
194,cs.CL,"Three semantic calls propose a jointly sufficient set, search for what it lacks, and return 4-8 intact source units within 6,144 tokens.",synonym,1,"Three semantic calls propose a jointly sufficient set, search for what it lacks, and return 4-8 integral source units within 6,144 tokens.",intact -> integral
194,cs.CL,"Three semantic calls propose a jointly sufficient set, search for what it lacks, and return 4-8 intact source units within 6,144 tokens.",scramble,2,"and within for it intact Three 6,144 4-8 search semantic return what set, propose units source a calls sufficient lacks, jointly",word order shuffled
194,cs.CL,"Three semantic calls propose a jointly sufficient set, search for what it lacks, and return 4-8 intact source units within 6,144 tokens.",number_swap,3,"Three semantic calls propose a jointly sufficient set, search for what it lacks, and return 4-8 intact source units within 9,144 tokens.","6,144 -> 9,144"
194,cs.CL,"Three semantic calls propose a jointly sufficient set, search for what it lacks, and return 4-8 intact source units within 6,144 tokens.",antonym,4,"Three semantic calls propose a jointly insufficient set, search for what it lacks, and return 4-8 intact source units within 6,144 tokens.",sufficient -> insufficient
194,cs.CL,"Three semantic calls propose a jointly sufficient set, search for what it lacks, and return 4-8 intact source units within 6,144 tokens.",negation,5,"It is not the case that three semantic calls propose a jointly sufficient set, search for what it lacks, and return 4-8 intact source units within 6,144 tokens.",prepended denial
195,cs.CL,"A matched control ranking by similarity alone reaches 66.6%, placing the gain in the set-level policy, not the computation.",identical,0,"A matched control ranking by similarity alone reaches 66.6%, placing the gain in the set-level policy, not the computation.",unchanged
195,cs.CL,"A matched control ranking by similarity alone reaches 66.6%, placing the gain in the set-level policy, not the computation.",synonym,1,"A matched control ranking by similarity alone reaches 66.6%, placing the addition in the set-level policy, not the computation.",gain -> addition
195,cs.CL,"A matched control ranking by similarity alone reaches 66.6%, placing the gain in the set-level policy, not the computation.",scramble,2,"matched the 66.6%, gain set-level policy, placing the the similarity control in alone ranking not reaches A by",word order shuffled
195,cs.CL,"A matched control ranking by similarity alone reaches 66.6%, placing the gain in the set-level policy, not the computation.",antonym,4,"A disagree control ranking by similarity alone reaches 66.6%, placing the gain in the set-level policy, not the computation.",matched -> disagree
195,cs.CL,"A matched control ranking by similarity alone reaches 66.6%, placing the gain in the set-level policy, not the computation.",negation,5,"It is not the case that a matched control ranking by similarity alone reaches 66.6%, placing the gain in the set-level policy, not the computation.",prepended denial
196,cs.CL,"From frozen repository source with no gold-derived pool, the lead is 5.0 points.",identical,0,"From frozen repository source with no gold-derived pool, the lead is 5.0 points.",unchanged
196,cs.CL,"From frozen repository source with no gold-derived pool, the lead is 5.0 points.",synonym,1,"From rooted repository source with no gold-derived pool, the lead is 5.0 points.",frozen -> rooted
196,cs.CL,"From frozen repository source with no gold-derived pool, the lead is 5.0 points.",scramble,2,"pool, frozen with 5.0 the gold-derived source lead no is repository From",word order shuffled
196,cs.CL,"From frozen repository source with no gold-derived pool, the lead is 5.0 points.",number_swap,3,"From frozen repository source with no gold-derived pool, the lead is 16.0 points.",5.0 -> 16.0
196,cs.CL,"From frozen repository source with no gold-derived pool, the lead is 5.0 points.",antonym,4,"From frozen repository source with no gold-derived pool, the lead differ 5.0 points.",is -> differ
196,cs.CL,"From frozen repository source with no gold-derived pool, the lead is 5.0 points.",negation,5,"From frozen repository source with no gold-derived pool, the lead is not 5.0 points.",inserted 'not' after 'is'
197,cs.CL,"On AMA-Bench it answers from a 76.2% smaller answer prompt, with accuracy 2.08 points above that benchmark's own memory agent.",identical,0,"On AMA-Bench it answers from a 76.2% smaller answer prompt, with accuracy 2.08 points above that benchmark's own memory agent.",unchanged
197,cs.CL,"On AMA-Bench it answers from a 76.2% smaller answer prompt, with accuracy 2.08 points above that benchmark's own memory agent.",synonym,1,"On AMA-Bench it answers from a 76.2% smaller answer prompt, with accuracy 2.08 points above that benchmark's ain memory agent.",own -> ain
197,cs.CL,"On AMA-Bench it answers from a 76.2% smaller answer prompt, with accuracy 2.08 points above that benchmark's own memory agent.",scramble,2,"76.2% from above prompt, benchmark's with 2.08 AMA-Bench memory own answer a that points answers On accuracy smaller it",word order shuffled
197,cs.CL,"On AMA-Bench it answers from a 76.2% smaller answer prompt, with accuracy 2.08 points above that benchmark's own memory agent.",number_swap,3,"On AMA-Bench it answers from a 83.2% smaller answer prompt, with accuracy 2.08 points above that benchmark's own memory agent.",76.2% -> 83.2%
197,cs.CL,"On AMA-Bench it answers from a 76.2% smaller answer prompt, with accuracy 2.08 points above that benchmark's own memory agent.",antonym,4,"On AMA-Bench it answers from a 76.2% large answer prompt, with accuracy 2.08 points above that benchmark's own memory agent.",smaller -> large
197,cs.CL,"On AMA-Bench it answers from a 76.2% smaller answer prompt, with accuracy 2.08 points above that benchmark's own memory agent.",negation,5,"It is not the case that on AMA-Bench it answers from a 76.2% smaller answer prompt, with accuracy 2.08 points above that benchmark's own memory agent.",prepended denial
198,cs.CL,Removing one required group from an otherwise complete set costs 12.3 and 11.1 points of repair-localization precision under two executors.,identical,0,Removing one required group from an otherwise complete set costs 12.3 and 11.1 points of repair-localization precision under two executors.,unchanged
198,cs.CL,Removing one required group from an otherwise complete set costs 12.3 and 11.1 points of repair-localization precision under two executors.,synonym,1,Removing one required group from an otherwise complete circle costs 12.3 and 11.1 points of repair-localization precision under two executors.,set -> circle
198,cs.CL,Removing one required group from an otherwise complete set costs 12.3 and 11.1 points of repair-localization precision under two executors.,scramble,2,otherwise under complete from an group and set points repair-localization 11.1 two precision required one costs Removing of 12.3,word order shuffled
198,cs.CL,Removing one required group from an otherwise complete set costs 12.3 and 11.1 points of repair-localization precision under two executors.,number_swap,3,Removing one required group from an otherwise complete set costs 112.3 and 11.1 points of repair-localization precision under two executors.,12.3 -> 112.3
198,cs.CL,Removing one required group from an otherwise complete set costs 12.3 and 11.1 points of repair-localization precision under two executors.,antonym,4,Removing one obviate group from an otherwise complete set costs 12.3 and 11.1 points of repair-localization precision under two executors.,required -> obviate
198,cs.CL,Removing one required group from an otherwise complete set costs 12.3 and 11.1 points of repair-localization precision under two executors.,negation,5,It is not the case that removing one required group from an otherwise complete set costs 12.3 and 11.1 points of repair-localization precision under two executors.,prepended denial
199,cs.CL,Retrieval for agents is better posed as recovering what a decision lacks than re-ranking what an issue resembles.,identical,0,Retrieval for agents is better posed as recovering what a decision lacks than re-ranking what an issue resembles.,unchanged
199,cs.CL,Retrieval for agents is better posed as recovering what a decision lacks than re-ranking what an issue resembles.,synonym,1,Retrieval for agents is better posed as recover what a decision lacks than re-ranking what an issue resembles.,recovering -> recover
199,cs.CL,Retrieval for agents is better posed as recovering what a decision lacks than re-ranking what an issue resembles.,scramble,2,re-ranking posed a than as an decision what issue is lacks for what agents better recovering Retrieval,word order shuffled
199,cs.CL,Retrieval for agents is better posed as recovering what a decision lacks than re-ranking what an issue resembles.,antonym,4,Retrieval for agents is better posed as recovering what a decision have than re-ranking what an issue resembles.,lacks -> have
199,cs.CL,Retrieval for agents is better posed as recovering what a decision lacks than re-ranking what an issue resembles.,negation,5,Retrieval for agents is not better posed as recovering what a decision lacks than re-ranking what an issue resembles.,inserted 'not' after 'is'
