sentence_id,category,reference,perturbation,severity,candidate,note,bertscore,bleu
0,cs.CL,"We evaluate coding agent under a safety constraint, where each task pairs a manipulation goal with an obstacle the robot must not touch.",identical,0,"We evaluate coding agent under a safety constraint, where each task pairs a manipulation goal with an obstacle the robot must not touch.",unchanged,0.9999996423721313,100.00000000000004
0,cs.CL,"We evaluate coding agent under a safety constraint, where each task pairs a manipulation goal with an obstacle the robot must not touch.",synonym,1,"We evaluate code agent under a safety constraint, where each task pairs a manipulation goal with an obstacle the robot must not touch.",coding -> code,0.959027886390686,90.16312132446728
0,cs.CL,"We evaluate coding agent under a safety constraint, where each task pairs a manipulation goal with an obstacle the robot must not touch.",scramble,2,"each agent task an with the evaluate robot under a safety pairs coding not a We where goal constraint, manipulation obstacle must",word order shuffled,0.23580977320671082,10.347610775509164
0,cs.CL,"We evaluate coding agent under a safety constraint, where each task pairs a manipulation goal with an obstacle the robot must not touch.",negation,5,"It is not the case that we evaluate coding agent under a safety constraint, where each task pairs a manipulation goal with an obstacle the robot must not touch.",prepended denial,0.839120626449585,76.23168491128143
1,cs.CL,"The agent pursues the goal but collides with the obstacle in most cases, treating task completion as its sole objective while neglecting safety.",identical,0,"The agent pursues the goal but collides with the obstacle in most cases, treating task completion as its sole objective while neglecting safety.",unchanged,1.0,100.00000000000004
1,cs.CL,"The agent pursues the goal but collides with the obstacle in most cases, treating task completion as its sole objective while neglecting safety.",synonym,1,"The agent pursues the goal but collides with the obstacle in most cases, treating task completion as its sole objective while neglect safety.",neglecting -> neglect,0.9398847818374634,90.16312132446728
1,cs.CL,"The agent pursues the goal but collides with the obstacle in most cases, treating task completion as its sole objective while neglecting safety.",scramble,2,"task the The pursues treating most as collides sole completion but obstacle the its goal cases, while objective with agent in neglecting",word order shuffled,0.13452646136283875,5.559615702787715
1,cs.CL,"The agent pursues the goal but collides with the obstacle in most cases, treating task completion as its sole objective while neglecting safety.",antonym,4,"The agent pursues the goal but collides with the obstacle in fewest cases, treating task completion as its sole objective while neglecting safety.",most -> fewest,0.868976891040802,88.95260356363632
1,cs.CL,"The agent pursues the goal but collides with the obstacle in most cases, treating task completion as its sole objective while neglecting safety.",negation,5,"It is not the case that the agent pursues the goal but collides with the obstacle in most cases, treating task completion as its sole objective while neglecting safety.",prepended denial,0.8743767738342285,76.23168491128143
2,cs.CL,"By decomposing manipulation into a route phase and a contact-rich moment, we locate the source of the failure.",identical,0,"By decomposing manipulation into a route phase and a contact-rich moment, we locate the source of the failure.",unchanged,1.0,100.00000000000004
2,cs.CL,"By decomposing manipulation into a route phase and a contact-rich moment, we locate the source of the failure.",synonym,1,"By decomposing manipulation into a route stage and a contact-rich moment, we locate the source of the failure.",phase -> stage,0.9595142006874084,85.78928092681431
2,cs.CL,"By decomposing manipulation into a route phase and a contact-rich moment, we locate the source of the failure.",scramble,2,"contact-rich of phase By we the and manipulation into source locate a moment, decomposing the route a",word order shuffled,0.32041290402412415,7.917079736927481
2,cs.CL,"By decomposing manipulation into a route phase and a contact-rich moment, we locate the source of the failure.",negation,5,"It is not the case that by decomposing manipulation into a route phase and a contact-rich moment, we locate the source of the failure.",prepended denial,0.8331193327903748,71.35684569113663
3,cs.CL,"Along the route, the model cannot prioritize the safety constraint, having no notion of a clearing route and none of replanning once a chosen route becomes infeasible.",identical,0,"Along the route, the model cannot prioritize the safety constraint, having no notion of a clearing route and none of replanning once a chosen route becomes infeasible.",unchanged,0.9999996423721313,100.00000000000004
3,cs.CL,"Along the route, the model cannot prioritize the safety constraint, having no notion of a clearing route and none of replanning once a chosen route becomes infeasible.",synonym,1,"Along the route, the model cannot prioritize the safety constraint, having no notion of a clearing route and none of replanning once a chosen path becomes infeasible.",route -> path,0.9714331030845642,90.9593063222022
3,cs.CL,"Along the route, the model cannot prioritize the safety constraint, having no notion of a clearing route and none of replanning once a chosen route becomes infeasible.",scramble,2,"no and chosen constraint, prioritize notion cannot clearing a of of route model the safety becomes having once a route the replanning route, Along the none",word order shuffled,0.15447798371315002,7.192497004907091
3,cs.CL,"Along the route, the model cannot prioritize the safety constraint, having no notion of a clearing route and none of replanning once a chosen route becomes infeasible.",antonym,4,"Along the route, the model cannot prioritize the safety constraint, lack no notion of a clearing route and none of replanning once a chosen route becomes infeasible.",having -> lack,0.908371090888977,90.9593063222022
3,cs.CL,"Along the route, the model cannot prioritize the safety constraint, having no notion of a clearing route and none of replanning once a chosen route becomes infeasible.",negation,5,"It is not the case that along the route, the model cannot prioritize the safety constraint, having no notion of a clearing route and none of replanning once a chosen route becomes infeasible.",prepended denial,0.8842963576316833,79.68607481576657
4,cs.CL,"At the contact, it is unaware that contact execution is bounded by the same constraint.",identical,0,"At the contact, it is unaware that contact execution is bounded by the same constraint.",unchanged,1.0000007152557373,100.00000000000004
4,cs.CL,"At the contact, it is unaware that contact execution is bounded by the same constraint.",synonym,1,"At the contact, it is unaware that contact execution be bounded by the same constraint.",is -> be,0.8667721152305603,82.82477531331043
4,cs.CL,"At the contact, it is unaware that contact execution is bounded by the same constraint.",scramble,2,"is same execution unaware bounded is the At the it by contact that contact,",word order shuffled,0.07913759350776672,10.018177623221181
4,cs.CL,"At the contact, it is unaware that contact execution is bounded by the same constraint.",antonym,4,"At the contact, it is unaware that contact execution differ bounded by the same constraint.",is -> differ,0.8953393697738647,82.82477531331043
4,cs.CL,"At the contact, it is unaware that contact execution is bounded by the same constraint.",negation,5,"At the contact, it is not unaware that contact execution is bounded by the same constraint.",inserted 'not' after 'is',0.933381974697113,83.94327083733333
5,cs.CL,"To close this gap, we present SafeHarness, which equips the model with two obstacle-aware harnesses that enable it to prioritize the safety constraint.",identical,0,"To close this gap, we present SafeHarness, which equips the model with two obstacle-aware harnesses that enable it to prioritize the safety constraint.",unchanged,1.0,100.00000000000004
5,cs.CL,"To close this gap, we present SafeHarness, which equips the model with two obstacle-aware harnesses that enable it to prioritize the safety constraint.",synonym,1,"To close this gap, we present SafeHarness, which equips the model with two obstacle-aware harness that enable it to prioritize the safety constraint.",harnesses -> harness,0.91241055727005,89.42255541978513
5,cs.CL,"To close this gap, we present SafeHarness, which equips the model with two obstacle-aware harnesses that enable it to prioritize the safety constraint.",scramble,2,"two the close which To prioritize safety harnesses this that we gap, present with it SafeHarness, equips model enable the to obstacle-aware",word order shuffled,0.17246487736701965,6.40768778329159
5,cs.CL,"To close this gap, we present SafeHarness, which equips the model with two obstacle-aware harnesses that enable it to prioritize the safety constraint.",antonym,4,"To open this gap, we present SafeHarness, which equips the model with two obstacle-aware harnesses that enable it to prioritize the safety constraint.",close -> open,0.9810729622840881,92.76077030810347
5,cs.CL,"To close this gap, we present SafeHarness, which equips the model with two obstacle-aware harnesses that enable it to prioritize the safety constraint.",negation,5,"It is not the case that to close this gap, we present SafeHarness, which equips the model with two obstacle-aware harnesses that enable it to prioritize the safety constraint.",prepended denial,0.8656250238418579,77.01365065543355
6,cs.CL,Obstacle-aware route planning grounds the objects as bounding boxes and draws candidate routes over them as sequences of waypoints.,identical,0,Obstacle-aware route planning grounds the objects as bounding boxes and draws candidate routes over them as sequences of waypoints.,unchanged,1.0000007152557373,100.00000000000004
6,cs.CL,Obstacle-aware route planning grounds the objects as bounding boxes and draws candidate routes over them as sequences of waypoints.,synonym,1,Obstacle-aware route planning grounds the objects as bounding boxes and draws candidate path over them as sequences of waypoints.,routes -> path,0.921500563621521,85.78928092681431
6,cs.CL,Obstacle-aware route planning grounds the objects as bounding boxes and draws candidate routes over them as sequences of waypoints.,scramble,2,over them of bounding grounds and sequences routes as objects candidate Obstacle-aware the as draws planning route boxes,word order shuffled,0.30532264709472656,6.65744397006014
6,cs.CL,Obstacle-aware route planning grounds the objects as bounding boxes and draws candidate routes over them as sequences of waypoints.,negation,5,It is not the case that obstacle-aware route planning grounds the objects as bounding boxes and draws candidate routes over them as sequences of waypoints.,prepended denial,0.7867534160614014,71.35684569113663
7,cs.CL,"The agent then plans a route in advance, verifies it, replans when necessary, and only then executes it.",identical,0,"The agent then plans a route in advance, verifies it, replans when necessary, and only then executes it.",unchanged,1.0,100.00000000000004
7,cs.CL,"The agent then plans a route in advance, verifies it, replans when necessary, and only then executes it.",synonym,1,"The agent then plans a route in advance, verifies it, replans when necessary, and only so executes it.",then -> so,0.9197072386741638,87.25129388059693
7,cs.CL,"The agent then plans a route in advance, verifies it, replans when necessary, and only then executes it.",scramble,2,"only then replans a then it, and executes plans advance, The in agent when necessary, route verifies",word order shuffled,0.35448986291885376,13.637416630347344
7,cs.CL,"The agent then plans a route in advance, verifies it, replans when necessary, and only then executes it.",negation,5,"It is not the case that the agent then plans a route in advance, verifies it, replans when necessary, and only then executes it.",prepended denial,0.8339390158653259,73.52923728444685
8,cs.CL,Obstacle-aware contact execution instead selects the contact position so that the contact itself avoids the obstacle.,identical,0,Obstacle-aware contact execution instead selects the contact position so that the contact itself avoids the obstacle.,unchanged,1.0,100.00000000000004
8,cs.CL,Obstacle-aware contact execution instead selects the contact position so that the contact itself avoids the obstacle.,synonym,1,Obstacle-aware contact execution instead selects the contact position so that the contact itself avoid the obstacle.,avoids -> avoid,0.9400878548622131,82.82477531331043
8,cs.CL,Obstacle-aware contact execution instead selects the contact position so that the contact itself avoids the obstacle.,scramble,2,contact position that selects execution contact the contact the instead the avoids itself so Obstacle-aware,word order shuffled,0.28281527757644653,9.05244537286197
8,cs.CL,Obstacle-aware contact execution instead selects the contact position so that the contact itself avoids the obstacle.,antonym,4,Obstacle-aware contact execution instead selects the contact position so that the contact itself confront the obstacle.,avoids -> confront,0.8794336915016174,82.82477531331043
8,cs.CL,Obstacle-aware contact execution instead selects the contact position so that the contact itself avoids the obstacle.,negation,5,It is not the case that obstacle-aware contact execution instead selects the contact position so that the contact itself avoids the obstacle.,prepended denial,0.754693329334259,67.331874553513
9,cs.CL,"SafeHarness attains 71.9% task success and 87.5% collision avoidance, surpassing the previous SOTA by 6.5% and 27.0%, respectively.",identical,0,"SafeHarness attains 71.9% task success and 87.5% collision avoidance, surpassing the previous SOTA by 6.5% and 27.0%, respectively.",unchanged,1.0,100.00000000000004
9,cs.CL,"SafeHarness attains 71.9% task success and 87.5% collision avoidance, surpassing the previous SOTA by 6.5% and 27.0%, respectively.",synonym,1,"SafeHarness achieve 71.9% task success and 87.5% collision avoidance, surpassing the previous SOTA by 6.5% and 27.0%, respectively.",attains -> achieve,0.9518682360649109,92.44754047211332
9,cs.CL,"SafeHarness attains 71.9% task success and 87.5% collision avoidance, surpassing the previous SOTA by 6.5% and 27.0%, respectively.",scramble,2,"collision 27.0%, 6.5% SafeHarness SOTA 87.5% previous success task attains and and by the avoidance, surpassing 71.9%",word order shuffled,0.3810875415802002,15.208689016598711
9,cs.CL,"SafeHarness attains 71.9% task success and 87.5% collision avoidance, surpassing the previous SOTA by 6.5% and 27.0%, respectively.",number_swap,3,"SafeHarness attains 96.9% task success and 87.5% collision avoidance, surpassing the previous SOTA by 6.5% and 27.0%, respectively.",71.9% -> 96.9%,0.9704986214637756,90.16312132446728
9,cs.CL,"SafeHarness attains 71.9% task success and 87.5% collision avoidance, surpassing the previous SOTA by 6.5% and 27.0%, respectively.",negation,5,"It is not the case that safeHarness attains 71.9% task success and 87.5% collision avoidance, surpassing the previous SOTA by 6.5% and 27.0%, respectively.",prepended denial,0.8515593409538269,76.23168491128143
10,cs.CL,"We study whether those embeddings reflect physical measurements of mass, distance, time and volume, which admit a unique, objective notion of semantic equivalence and distance.",identical,0,"We study whether those embeddings reflect physical measurements of mass, distance, time and volume, which admit a unique, objective notion of semantic equivalence and distance.",unchanged,1.0,100.00000000000004
10,cs.CL,"We study whether those embeddings reflect physical measurements of mass, distance, time and volume, which admit a unique, objective notion of semantic equivalence and distance.",synonym,1,"We study whether those embeddings reflect physical measurements of mass, distance, time and volume, which admit a unique, objective impression of semantic equivalence and distance.",notion -> impression,0.9269028902053833,90.9593063222022
10,cs.CL,"We study whether those embeddings reflect physical measurements of mass, distance, time and volume, which admit a unique, objective notion of semantic equivalence and distance.",scramble,2,"mass, physical volume, and We objective whether and distance, those semantic time study unique, embeddings notion equivalence a of measurements of which admit reflect",word order shuffled,0.20150186121463776,7.823691165019671
10,cs.CL,"We study whether those embeddings reflect physical measurements of mass, distance, time and volume, which admit a unique, objective notion of semantic equivalence and distance.",antonym,4,"We study whether those embeddings reflect physical measurements of mass, distance, time and volume, which deny a unique, objective notion of semantic equivalence and distance.",admit -> deny,0.9602441787719727,90.9593063222022
10,cs.CL,"We study whether those embeddings reflect physical measurements of mass, distance, time and volume, which admit a unique, objective notion of semantic equivalence and distance.",negation,5,"It is not the case that we study whether those embeddings reflect physical measurements of mass, distance, time and volume, which admit a unique, objective notion of semantic equivalence and distance.",prepended denial,0.8580373525619507,79.68607481576657
11,cs.CL,"We find that physical measurement is only weakly modeled in the embedding space, and that instead quite peculiar measurement patterns can be observed.",identical,0,"We find that physical measurement is only weakly modeled in the embedding space, and that instead quite peculiar measurement patterns can be observed.",unchanged,1.0,100.00000000000004
11,cs.CL,"We find that physical measurement is only weakly modeled in the embedding space, and that instead quite peculiar measurement patterns can be observed.",synonym,1,"We happen that physical measurement is only weakly modeled in the embedding space, and that instead quite peculiar measurement patterns can be observed.",find -> happen,0.9359682202339172,92.44754047211332
11,cs.CL,"We find that physical measurement is only weakly modeled in the embedding space, and that instead quite peculiar measurement patterns can be observed.",scramble,2,"measurement and that embedding can We peculiar in instead be only quite patterns weakly physical the space, modeled find is that measurement",word order shuffled,0.1690233200788498,6.611534550436005
11,cs.CL,"We find that physical measurement is only weakly modeled in the embedding space, and that instead quite peculiar measurement patterns can be observed.",antonym,4,"We find that physical measurement differ only weakly modeled in the embedding space, and that instead quite peculiar measurement patterns can be observed.",is -> differ,0.8826848864555359,88.95260356363632
11,cs.CL,"We find that physical measurement is only weakly modeled in the embedding space, and that instead quite peculiar measurement patterns can be observed.",negation,5,"We find that physical measurement is not only weakly modeled in the embedding space, and that instead quite peculiar measurement patterns can be observed.",inserted 'not' after 'is',0.937694787979126,89.42255541978513
12,cs.CL,"Further analysis indicates that embedding representations of physical measurements are strongly influenced by superficial string similarity, and recalibration of similarity does not substantially improve the alignment.",identical,0,"Further analysis indicates that embedding representations of physical measurements are strongly influenced by superficial string similarity, and recalibration of similarity does not substantially improve the alignment.",unchanged,0.9999996423721313,100.00000000000004
12,cs.CL,"Further analysis indicates that embedding representations of physical measurements are strongly influenced by superficial string similarity, and recalibration of similarity does not substantially improve the alignment.",synonym,1,"Further analysis indicates that embedding representations of physical measurement are strongly influenced by superficial string similarity, and recalibration of similarity does not substantially improve the alignment.",measurements -> measurement,0.9848881959915161,90.25139799587889
12,cs.CL,"Further analysis indicates that embedding representations of physical measurements are strongly influenced by superficial string similarity, and recalibration of similarity does not substantially improve the alignment.",scramble,2,"of are that measurements embedding improve by does similarity string representations of analysis physical similarity, substantially Further strongly and indicates the not superficial recalibration influenced",word order shuffled,0.20029404759407043,6.040987856648413
12,cs.CL,"Further analysis indicates that embedding representations of physical measurements are strongly influenced by superficial string similarity, and recalibration of similarity does not substantially improve the alignment.",antonym,4,"Further analysis indicates that embedding representations of physical measurements are strongly influenced by superficial string similarity, and recalibration of similarity unmake not substantially improve the alignment.",does -> unmake,0.8623523116111755,90.25139799587889
12,cs.CL,"Further analysis indicates that embedding representations of physical measurements are strongly influenced by superficial string similarity, and recalibration of similarity does not substantially improve the alignment.",negation,5,"Further analysis indicates that embedding representations of physical measurements are not strongly influenced by superficial string similarity, and recalibration of similarity does not substantially improve the alignment.",inserted 'not' after 'are',0.9552872180938721,90.61874434879648
13,cs.CL,"Hostile rhetoric toward social groups can normalize exclusion and justify mistreatment, as well as contribute to rising polarization and political violence.",identical,0,"Hostile rhetoric toward social groups can normalize exclusion and justify mistreatment, as well as contribute to rising polarization and political violence.",unchanged,1.0,100.00000000000004
13,cs.CL,"Hostile rhetoric toward social groups can normalize exclusion and justify mistreatment, as well as contribute to rising polarization and political violence.",synonym,1,"Hostile rhetoric toward social groups can normalize exclusion and justify mistreatment, as well as contribute to rise polarization and political violence.",rising -> rise,0.9108721613883972,87.87419089273847
13,cs.CL,"Hostile rhetoric toward social groups can normalize exclusion and justify mistreatment, as well as contribute to rising polarization and political violence.",scramble,2,"Hostile rhetoric social as toward groups as normalize polarization contribute and rising can to mistreatment, political and well exclusion justify",word order shuffled,0.37250182032585144,7.069026301161597
13,cs.CL,"Hostile rhetoric toward social groups can normalize exclusion and justify mistreatment, as well as contribute to rising polarization and political violence.",antonym,4,"Hostile rhetoric toward social groups can normalize exclusion and justify mistreatment, as ill as contribute to rising polarization and political violence.",well -> ill,0.9353229999542236,87.87419089273847
13,cs.CL,"Hostile rhetoric toward social groups can normalize exclusion and justify mistreatment, as well as contribute to rising polarization and political violence.",negation,5,"Hostile rhetoric toward social groups can not normalize exclusion and justify mistreatment, as well as contribute to rising polarization and political violence.",inserted 'not' after 'can',0.9342250227928162,88.43865924896839
14,cs.CL,"Efforts to moderate hostile rhetoric in online speech draw on foundational theories in social and moral psychology, and political science.",identical,0,"Efforts to moderate hostile rhetoric in online speech draw on foundational theories in social and moral psychology, and political science.",unchanged,1.0000007152557373,100.00000000000004
14,cs.CL,"Efforts to moderate hostile rhetoric in online speech draw on foundational theories in social and moral psychology, and political science.",synonym,1,"Efforts to moderate hostile rhetoric in online speech draw on foundational theories in societal and moral psychology, and political science.",social -> societal,0.9818813800811768,87.25129388059693
14,cs.CL,"Efforts to moderate hostile rhetoric in online speech draw on foundational theories in social and moral psychology, and political science.",scramble,2,"psychology, hostile in on draw in social theories online and to speech rhetoric Efforts moderate foundational and political moral",word order shuffled,0.24190181493759155,8.108856443532748
14,cs.CL,"Efforts to moderate hostile rhetoric in online speech draw on foundational theories in social and moral psychology, and political science.",antonym,4,"Efforts to moderate hostile rhetoric in online speech draw on foundational theories in social and immoral psychology, and political science.",moral -> immoral,0.8833926320075989,87.25129388059693
14,cs.CL,"Efforts to moderate hostile rhetoric in online speech draw on foundational theories in social and moral psychology, and political science.",negation,5,"It is not the case that efforts to moderate hostile rhetoric in online speech draw on foundational theories in social and moral psychology, and political science.",prepended denial,0.8382588624954224,73.52923728444685
15,cs.CL,"However, these theories were developed largely in parallel, often propose different and sometimes conflicting accounts of how hostility develops, and have rarely been tested against each other in real discourse.",identical,0,"However, these theories were developed largely in parallel, often propose different and sometimes conflicting accounts of how hostility develops, and have rarely been tested against each other in real discourse.",unchanged,1.0,100.00000000000004
15,cs.CL,"However, these theories were developed largely in parallel, often propose different and sometimes conflicting accounts of how hostility develops, and have rarely been tested against each other in real discourse.",synonym,1,"However, these theories were developed largely in parallel, often propose different and sometimes conflicting accounts of how hostility develops, and have rarely be tested against each other in real discourse.",been -> be,0.9424059987068176,92.10500207490826
15,cs.CL,"However, these theories were developed largely in parallel, often propose different and sometimes conflicting accounts of how hostility develops, and have rarely been tested against each other in real discourse.",scramble,2,"different been rarely other real However, of how against sometimes in conflicting tested and in were accounts and develops, propose largely these theories each often developed have parallel, hostility",word order shuffled,0.004832315258681774,6.517880032281139
15,cs.CL,"However, these theories were developed largely in parallel, often propose different and sometimes conflicting accounts of how hostility develops, and have rarely been tested against each other in real discourse.",antonym,4,"However, these theories were developed largely in parallel, often propose different and sometimes conflicting accounts of how hostility develops, and lack rarely been tested against each other in real discourse.",have -> lack,0.9414072632789612,92.10500207490826
15,cs.CL,"However, these theories were developed largely in parallel, often propose different and sometimes conflicting accounts of how hostility develops, and have rarely been tested against each other in real discourse.",negation,5,"However, these theories were not developed largely in parallel, often propose different and sometimes conflicting accounts of how hostility develops, and have rarely been tested against each other in real discourse.",inserted 'not' after 'were',0.9540797472000122,92.34732618882049
16,cs.CL,"The result is a fragmented understanding of the rhetorical mechanisms of hostility, without a clear sense of how they appear, and relate to each other, in real-world discourse.",identical,0,"The result is a fragmented understanding of the rhetorical mechanisms of hostility, without a clear sense of how they appear, and relate to each other, in real-world discourse.",unchanged,1.0,100.00000000000004
16,cs.CL,"The result is a fragmented understanding of the rhetorical mechanisms of hostility, without a clear sense of how they appear, and relate to each other, in real-world discourse.",synonym,1,"The result is a fragmented understanding of the rhetorical mechanisms of hostility, without a clear sense of how they appear, and associate to each other, in real-world discourse.",relate -> associate,0.9108411073684692,91.57103753711765
16,cs.CL,"The result is a fragmented understanding of the rhetorical mechanisms of hostility, without a clear sense of how they appear, and relate to each other, in real-world discourse.",scramble,2,"a understanding to each the hostility, without real-world relate appear, is of they of The a sense in mechanisms fragmented how rhetorical of result other, clear and",word order shuffled,0.11234965175390244,9.667230824286074
16,cs.CL,"The result is a fragmented understanding of the rhetorical mechanisms of hostility, without a clear sense of how they appear, and relate to each other, in real-world discourse.",antonym,4,"The result is a fragmented understanding of the rhetorical mechanisms of hostility, without a clear sense of how they appear, and dissociate to each other, in real-world discourse.",relate -> dissociate,0.9306976199150085,91.57103753711765
16,cs.CL,"The result is a fragmented understanding of the rhetorical mechanisms of hostility, without a clear sense of how they appear, and relate to each other, in real-world discourse.",negation,5,"The result is not a fragmented understanding of the rhetorical mechanisms of hostility, without a clear sense of how they appear, and relate to each other, in real-world discourse.",inserted 'not' after 'is',0.908863365650177,91.84678024441791
17,cs.CL,"Coding harnesses shape how autonomous coding agents translate model capabilities into long-horizon software-engineering performance, yet existing work typically evaluates harnesses as monolithic systems, leaving the effectiveness of individual components unclear.",identical,0,"Coding harnesses shape how autonomous coding agents translate model capabilities into long-horizon software-engineering performance, yet existing work typically evaluates harnesses as monolithic systems, leaving the effectiveness of individual components unclear.",unchanged,1.0,100.00000000000004
17,cs.CL,"Coding harnesses shape how autonomous coding agents translate model capabilities into long-horizon software-engineering performance, yet existing work typically evaluates harnesses as monolithic systems, leaving the effectiveness of individual components unclear.",synonym,1,"Coding harness shape how autonomous coding agents translate model capabilities into long-horizon software-engineering performance, yet existing work typically evaluates harnesses as monolithic systems, leaving the effectiveness of individual components unclear.",harnesses -> harness,0.9288526773452759,94.38872047706454
17,cs.CL,"Coding harnesses shape how autonomous coding agents translate model capabilities into long-horizon software-engineering performance, yet existing work typically evaluates harnesses as monolithic systems, leaving the effectiveness of individual components unclear.",scramble,2,"individual long-horizon harnesses capabilities coding performance, evaluates the typically agents shape Coding translate model leaving yet how into work components harnesses existing autonomous as monolithic of software-engineering effectiveness systems,",word order shuffled,0.19693370163440704,6.310360657137246
17,cs.CL,"Coding harnesses shape how autonomous coding agents translate model capabilities into long-horizon software-engineering performance, yet existing work typically evaluates harnesses as monolithic systems, leaving the effectiveness of individual components unclear.",antonym,4,"Coding harnesses shape how autonomous coding agents translate model capabilities into long-horizon software-engineering performance, yet existing work typically evaluates harnesses as monolithic systems, arrive the effectiveness of individual components unclear.",leaving -> arrive,0.9187526106834412,91.84678024441791
17,cs.CL,"Coding harnesses shape how autonomous coding agents translate model capabilities into long-horizon software-engineering performance, yet existing work typically evaluates harnesses as monolithic systems, leaving the effectiveness of individual components unclear.",negation,5,"It is not the case that coding harnesses shape how autonomous coding agents translate model capabilities into long-horizon software-engineering performance, yet existing work typically evaluates harnesses as monolithic systems, leaving the effectiveness of individual components unclear.",prepended denial,0.8677846193313599,81.3148048525254
18,cs.CL,"To enable component-level comparisons, we study this question with a lightweight coding harness whose execution loop is fixed while three components are varied: planning, action space, and context management.",identical,0,"To enable component-level comparisons, we study this question with a lightweight coding harness whose execution loop is fixed while three components are varied: planning, action space, and context management.",unchanged,1.0,100.00000000000004
18,cs.CL,"To enable component-level comparisons, we study this question with a lightweight coding harness whose execution loop is fixed while three components are varied: planning, action space, and context management.",synonym,1,"To enable component-level comparisons, we study this question with a lightweight coding harness whose execution loop is fixed while three components are varied: planning, activity space, and context management.",action -> activity,0.9797316789627075,92.10500207490826
18,cs.CL,"To enable component-level comparisons, we study this question with a lightweight coding harness whose execution loop is fixed while three components are varied: planning, action space, and context management.",scramble,2,"To loop lightweight varied: action harness planning, three enable components this comparisons, we is question with whose context while coding and component-level study fixed are a execution space,",word order shuffled,0.18096937239170074,9.647541867269785
18,cs.CL,"To enable component-level comparisons, we study this question with a lightweight coding harness whose execution loop is fixed while three components are varied: planning, action space, and context management.",antonym,4,"To enable component-level comparisons, we study this question with a lightweight coding harness whose execution loop differ fixed while three components are varied: planning, action space, and context management.",is -> differ,0.914093017578125,92.10500207490826
18,cs.CL,"To enable component-level comparisons, we study this question with a lightweight coding harness whose execution loop is fixed while three components are varied: planning, action space, and context management.",negation,5,"To enable component-level comparisons, we study this question with a lightweight coding harness whose execution loop is not fixed while three components are varied: planning, action space, and context management.",inserted 'not' after 'is',0.9702210426330566,92.34732618882049
19,cs.CL,"Across four models evaluated on SWE-Bench Verified and Terminal-Bench 2.1, we evaluate 176 matched settings spanning five context-management strategies, four context-window budgets, and targeted ablations of planning and action space.",identical,0,"Across four models evaluated on SWE-Bench Verified and Terminal-Bench 2.1, we evaluate 176 matched settings spanning five context-management strategies, four context-window budgets, and targeted ablations of planning and action space.",unchanged,0.9999992847442627,100.00000000000004
19,cs.CL,"Across four models evaluated on SWE-Bench Verified and Terminal-Bench 2.1, we evaluate 176 matched settings spanning five context-management strategies, four context-window budgets, and targeted ablations of planning and action space.",synonym,1,"Across four models measure on SWE-Bench Verified and Terminal-Bench 2.1, we evaluate 176 matched settings spanning five context-management strategies, four context-window budgets, and targeted ablations of planning and action space.",evaluated -> measure,0.9506230354309082,92.10500207490826
19,cs.CL,"Across four models evaluated on SWE-Bench Verified and Terminal-Bench 2.1, we evaluate 176 matched settings spanning five context-management strategies, four context-window budgets, and targeted ablations of planning and action space.",scramble,2,"ablations on matched Verified models planning we four five four SWE-Bench context-window 2.1, action spanning and of targeted 176 strategies, and and budgets, evaluate settings evaluated context-management Terminal-Bench Across",word order shuffled,0.2804504930973053,6.1642303490192365
19,cs.CL,"Across four models evaluated on SWE-Bench Verified and Terminal-Bench 2.1, we evaluate 176 matched settings spanning five context-management strategies, four context-window budgets, and targeted ablations of planning and action space.",number_swap,3,"Across four models evaluated on SWE-Bench Verified and Terminal-Bench 2.1, we evaluate 179 matched settings spanning five context-management strategies, four context-window budgets, and targeted ablations of planning and action space.",176 -> 179,0.9962515234947205,92.10500207490826
19,cs.CL,"Across four models evaluated on SWE-Bench Verified and Terminal-Bench 2.1, we evaluate 176 matched settings spanning five context-management strategies, four context-window budgets, and targeted ablations of planning and action space.",antonym,4,"Across four models evaluated on SWE-Bench Verified and Terminal-Bench 2.1, we evaluate 176 mismatched settings spanning five context-management strategies, four context-window budgets, and targeted ablations of planning and action space.",matched -> mismatched,0.9626315832138062,92.10500207490826
19,cs.CL,"Across four models evaluated on SWE-Bench Verified and Terminal-Bench 2.1, we evaluate 176 matched settings spanning five context-management strategies, four context-window budgets, and targeted ablations of planning and action space.",negation,5,"It is not the case that across four models evaluated on SWE-Bench Verified and Terminal-Bench 2.1, we evaluate 176 matched settings spanning five context-management strategies, four context-window budgets, and targeted ablations of planning and action space.",prepended denial,0.8897534012794495,81.8011175452639
20,cs.CL,These findings inform model- and budget-aware harness design and provide a modular framework for evaluating future harness components.,identical,0,These findings inform model- and budget-aware harness design and provide a modular framework for evaluating future harness components.,unchanged,0.9999996423721313,100.00000000000004
20,cs.CL,These findings inform model- and budget-aware harness design and provide a modular framework for evaluating future harness components.,synonym,1,These findings inform model- and budget-aware harness design and provide a modular framework for measure future harness components.,evaluating -> measure,0.8959397673606873,84.92326635760686
20,cs.CL,These findings inform model- and budget-aware harness design and provide a modular framework for evaluating future harness components.,scramble,2,design framework and a modular findings future and These evaluating harness budget-aware for model- provide harness inform,word order shuffled,0.2977932393550873,6.943032776134597
20,cs.CL,These findings inform model- and budget-aware harness design and provide a modular framework for evaluating future harness components.,antonym,4,These findings inform model- and budget-aware harness design and provide a modular framework for evaluating past harness components.,future -> past,0.9240483045578003,84.92326635760686
20,cs.CL,These findings inform model- and budget-aware harness design and provide a modular framework for evaluating future harness components.,negation,5,It is not the case that these findings inform model- and budget-aware harness design and provide a modular framework for evaluating future harness components.,prepended denial,0.8291268348693848,70.13062757071812
21,cs.CL,"World modeling enables intelligence to anticipate consequences, guide interventions, and learn from interaction.",identical,0,"World modeling enables intelligence to anticipate consequences, guide interventions, and learn from interaction.",unchanged,1.0000007152557373,100.00000000000004
21,cs.CL,"World modeling enables intelligence to anticipate consequences, guide interventions, and learn from interaction.",synonym,1,"universe modeling enables intelligence to anticipate consequences, guide interventions, and learn from interaction.",World -> universe,0.915627121925354,93.06048591020995
21,cs.CL,"World modeling enables intelligence to anticipate consequences, guide interventions, and learn from interaction.",scramble,2,"to enables modeling interventions, anticipate intelligence consequences, from and World learn guide",word order shuffled,0.3675028085708618,9.523873371779596
21,cs.CL,"World modeling enables intelligence to anticipate consequences, guide interventions, and learn from interaction.",negation,5,"It is not the case that world modeling enables intelligence to anticipate consequences, guide interventions, and learn from interaction.",prepended denial,0.7959977388381958,65.7248464608846
22,cs.CL,"We introduce JEPA-Anything, a domain-agnostic framework based on orthogonal predictive factorization (OPF).",identical,0,"We introduce JEPA-Anything, a domain-agnostic framework based on orthogonal predictive factorization (OPF).",unchanged,0.9999996423721313,100.00000000000004
22,cs.CL,"We introduce JEPA-Anything, a domain-agnostic framework based on orthogonal predictive factorization (OPF).",synonym,1,"We introduce JEPA-Anything, a domain-agnostic model based on orthogonal predictive factorization (OPF).",framework -> model,0.9489737749099731,81.53551038173119
22,cs.CL,"We introduce JEPA-Anything, a domain-agnostic framework based on orthogonal predictive factorization (OPF).",scramble,2,"domain-agnostic orthogonal introduce JEPA-Anything, We predictive factorization on framework based a",word order shuffled,0.36895325779914856,15.190912876630062
22,cs.CL,"We introduce JEPA-Anything, a domain-agnostic framework based on orthogonal predictive factorization (OPF).",negation,5,"It is not the case that we introduce JEPA-Anything, a domain-agnostic framework based on orthogonal predictive factorization (OPF).",prepended denial,0.8477776646614075,65.7248464608846
23,cs.CL,"Extending joint-embedding predictive architectures, OPF decomposes latent targets into complementary factors, learns them through dedicated pathways, and recombines them within a shared predictive design.",identical,0,"Extending joint-embedding predictive architectures, OPF decomposes latent targets into complementary factors, learns them through dedicated pathways, and recombines them within a shared predictive design.",unchanged,1.0000007152557373,100.00000000000004
23,cs.CL,"Extending joint-embedding predictive architectures, OPF decomposes latent targets into complementary factors, learns them through dedicated pathways, and recombines them within a shared predictive design.",synonym,1,"Extending joint-embedding prognostic architectures, OPF decomposes latent targets into complementary factors, learns them through dedicated pathways, and recombines them within a shared predictive design.",predictive -> prognostic,0.9589417576789856,91.3071494040541
23,cs.CL,"Extending joint-embedding predictive architectures, OPF decomposes latent targets into complementary factors, learns them through dedicated pathways, and recombines them within a shared predictive design.",scramble,2,"through within decomposes pathways, predictive joint-embedding factors, OPF Extending dedicated them complementary and latent them predictive into shared a recombines learns architectures, targets",word order shuffled,0.26287612318992615,7.183985740771331
23,cs.CL,"Extending joint-embedding predictive architectures, OPF decomposes latent targets into complementary factors, learns them through dedicated pathways, and recombines them within a shared predictive design.",negation,5,"It is not the case that extending joint-embedding predictive architectures, OPF decomposes latent targets into complementary factors, learns them through dedicated pathways, and recombines them within a shared predictive design.",prepended denial,0.8359728455543518,78.43248197482684
24,cs.CL,"We evaluate JEPA-Anything across seven domains: vision, biology, clinical trajectories, control, molecular dynamics, physical fields, and weather.",identical,0,"We evaluate JEPA-Anything across seven domains: vision, biology, clinical trajectories, control, molecular dynamics, physical fields, and weather.",unchanged,1.0,100.00000000000004
24,cs.CL,"We evaluate JEPA-Anything across seven domains: vision, biology, clinical trajectories, control, molecular dynamics, physical fields, and weather.",synonym,1,"We evaluate JEPA-Anything across seven domains: vision, biology, clinical trajectories, control, molecular dynamics, forcible fields, and weather.",physical -> forcible,0.9289152026176453,88.95260356363632
24,cs.CL,"We evaluate JEPA-Anything across seven domains: vision, biology, clinical trajectories, control, molecular dynamics, physical fields, and weather.",scramble,2,"vision, JEPA-Anything domains: dynamics, molecular and evaluate We fields, clinical biology, trajectories, physical control, seven across",word order shuffled,0.37661826610565186,9.886550131996467
24,cs.CL,"We evaluate JEPA-Anything across seven domains: vision, biology, clinical trajectories, control, molecular dynamics, physical fields, and weather.",antonym,4,"We evaluate JEPA-Anything across seven domains: vision, biology, clinical trajectories, control, molecular dynamics, mental fields, and weather.",physical -> mental,0.9455632567405701,88.95260356363632
24,cs.CL,"We evaluate JEPA-Anything across seven domains: vision, biology, clinical trajectories, control, molecular dynamics, physical fields, and weather.",negation,5,"It is not the case that we evaluate JEPA-Anything across seven domains: vision, biology, clinical trajectories, control, molecular dynamics, physical fields, and weather.",prepended denial,0.8349006772041321,76.23168491128143
25,cs.CL,"Experiments span representation learning, intervention prediction, out-of-distribution generalization, and long-horizon dynamics, including 10 matched dynamics tasks, forecasting of over 1,000 clinical events, and 100-step molecular rollouts across four systems.",identical,0,"Experiments span representation learning, intervention prediction, out-of-distribution generalization, and long-horizon dynamics, including 10 matched dynamics tasks, forecasting of over 1,000 clinical events, and 100-step molecular rollouts across four systems.",unchanged,0.9999996423721313,100.00000000000004
25,cs.CL,"Experiments span representation learning, intervention prediction, out-of-distribution generalization, and long-horizon dynamics, including 10 matched dynamics tasks, forecasting of over 1,000 clinical events, and 100-step molecular rollouts across four systems.",synonym,1,"Experiments span representation learning, intercession prediction, out-of-distribution generalization, and long-horizon dynamics, including 10 matched dynamics tasks, forecasting of over 1,000 clinical events, and 100-step molecular rollouts across four systems.",intervention -> intercession,0.9486382603645325,92.9923845210929
25,cs.CL,"Experiments span representation learning, intervention prediction, out-of-distribution generalization, and long-horizon dynamics, including 10 matched dynamics tasks, forecasting of over 1,000 clinical events, and 100-step molecular rollouts across four systems.",scramble,2,"out-of-distribution and dynamics, events, Experiments long-horizon dynamics span of tasks, four prediction, rollouts intervention clinical 1,000 molecular forecasting 10 over 100-step generalization, learning, matched representation including and across",word order shuffled,0.28581997752189636,9.787244367704039
25,cs.CL,"Experiments span representation learning, intervention prediction, out-of-distribution generalization, and long-horizon dynamics, including 10 matched dynamics tasks, forecasting of over 1,000 clinical events, and 100-step molecular rollouts across four systems.",number_swap,3,"Experiments span representation learning, intervention prediction, out-of-distribution generalization, and long-horizon dynamics, including 17 matched dynamics tasks, forecasting of over 1,000 clinical events, and 100-step molecular rollouts across four systems.",10 -> 17,0.9957154393196106,92.9923845210929
25,cs.CL,"Experiments span representation learning, intervention prediction, out-of-distribution generalization, and long-horizon dynamics, including 10 matched dynamics tasks, forecasting of over 1,000 clinical events, and 100-step molecular rollouts across four systems.",antonym,4,"Experiments span representation learning, intervention prediction, out-of-distribution generalization, and long-horizon dynamics, exclude 10 matched dynamics tasks, forecasting of over 1,000 clinical events, and 100-step molecular rollouts across four systems.",including -> exclude,0.9291747808456421,92.9923845210929
25,cs.CL,"Experiments span representation learning, intervention prediction, out-of-distribution generalization, and long-horizon dynamics, including 10 matched dynamics tasks, forecasting of over 1,000 clinical events, and 100-step molecular rollouts across four systems.",negation,5,"It is not the case that experiments span representation learning, intervention prediction, out-of-distribution generalization, and long-horizon dynamics, including 10 matched dynamics tasks, forecasting of over 1,000 clinical events, and 100-step molecular rollouts across four systems.",prepended denial,0.8791825771331787,83.51687327897677
26,cs.CL,"Against matched JEPA baselines, JEPA-Anything improves reported metrics on all 10 dynamics tasks and reduces single-intervention prediction error on Interventional Pong by 34.8%.",identical,0,"Against matched JEPA baselines, JEPA-Anything improves reported metrics on all 10 dynamics tasks and reduces single-intervention prediction error on Interventional Pong by 34.8%.",unchanged,0.9999996423721313,100.00000000000004
26,cs.CL,"Against matched JEPA baselines, JEPA-Anything improves reported metrics on all 10 dynamics tasks and reduces single-intervention prediction error on Interventional Pong by 34.8%.",synonym,1,"Against matched JEPA baselines, JEPA-Anything improves reported metrics on all 10 dynamics tasks and reduces single-intervention prediction mistake on Interventional Pong by 34.8%.",error -> mistake,0.9179347157478333,89.42255541978513
26,cs.CL,"Against matched JEPA baselines, JEPA-Anything improves reported metrics on all 10 dynamics tasks and reduces single-intervention prediction error on Interventional Pong by 34.8%.",scramble,2,"reported metrics all error baselines, and by Against JEPA on Pong dynamics improves tasks on reduces matched JEPA-Anything prediction single-intervention Interventional 10",word order shuffled,0.2785339057445526,6.330236023415422
26,cs.CL,"Against matched JEPA baselines, JEPA-Anything improves reported metrics on all 10 dynamics tasks and reduces single-intervention prediction error on Interventional Pong by 34.8%.",number_swap,3,"Against matched JEPA baselines, JEPA-Anything improves reported metrics on all 21 dynamics tasks and reduces single-intervention prediction error on Interventional Pong by 34.8%.",10 -> 21,0.9909735321998596,89.42255541978513
26,cs.CL,"Against matched JEPA baselines, JEPA-Anything improves reported metrics on all 10 dynamics tasks and reduces single-intervention prediction error on Interventional Pong by 34.8%.",antonym,4,"Against disagree JEPA baselines, JEPA-Anything improves reported metrics on all 10 dynamics tasks and reduces single-intervention prediction error on Interventional Pong by 34.8%.",matched -> disagree,0.9424137473106384,92.76077030810347
26,cs.CL,"Against matched JEPA baselines, JEPA-Anything improves reported metrics on all 10 dynamics tasks and reduces single-intervention prediction error on Interventional Pong by 34.8%.",negation,5,"It is not the case that against matched JEPA baselines, JEPA-Anything improves reported metrics on all 10 dynamics tasks and reduces single-intervention prediction error on Interventional Pong by 34.8%.",prepended denial,0.8961127996444702,77.01365065543355
27,cs.CL,It achieves the lowest one-step and 100-step molecular errors among compared methods in all four systems.,identical,0,It achieves the lowest one-step and 100-step molecular errors among compared methods in all four systems.,unchanged,1.0,100.00000000000004
27,cs.CL,It achieves the lowest one-step and 100-step molecular errors among compared methods in all four systems.,synonym,1,It achieves the last one-step and 100-step molecular errors among compared methods in all four systems.,lowest -> last,0.86561518907547,84.92326635760686
27,cs.CL,It achieves the lowest one-step and 100-step molecular errors among compared methods in all four systems.,scramble,2,molecular among in compared achieves four 100-step methods lowest the one-step all It and errors,word order shuffled,0.27849680185317993,11.676742744881258
27,cs.CL,It achieves the lowest one-step and 100-step molecular errors among compared methods in all four systems.,antonym,4,It achieves the lowest one-step and 100-step molar errors among compared methods in all four systems.,molecular -> molar,0.9046395421028137,84.92326635760686
27,cs.CL,It achieves the lowest one-step and 100-step molecular errors among compared methods in all four systems.,negation,5,It is not the case that it achieves the lowest one-step and 100-step molecular errors among compared methods in all four systems.,prepended denial,0.8358778357505798,71.08500514766946
28,cs.CL,"These results support a common factorized predictive principle across heterogeneous worlds, connecting world modeling with intervention and experimentally grounded scientific discovery.",identical,0,"These results support a common factorized predictive principle across heterogeneous worlds, connecting world modeling with intervention and experimentally grounded scientific discovery.",unchanged,1.0,100.00000000000004
28,cs.CL,"These results support a common factorized predictive principle across heterogeneous worlds, connecting world modeling with intervention and experimentally grounded scientific discovery.",synonym,1,"These results support a common factorized predictive principle across heterogeneous worlds, connecting universe modeling with intervention and experimentally grounded scientific discovery.",world -> universe,0.9594661593437195,87.87419089273847
28,cs.CL,"These results support a common factorized predictive principle across heterogeneous worlds, connecting world modeling with intervention and experimentally grounded scientific discovery.",scramble,2,"factorized common results scientific These principle worlds, intervention a support modeling and across predictive world heterogeneous experimentally with grounded connecting",word order shuffled,0.2534608244895935,5.944318875981013
28,cs.CL,"These results support a common factorized predictive principle across heterogeneous worlds, connecting world modeling with intervention and experimentally grounded scientific discovery.",antonym,4,"These results support a individual factorized predictive principle across heterogeneous worlds, connecting world modeling with intervention and experimentally grounded scientific discovery.",common -> individual,0.9050068259239197,87.87419089273847
28,cs.CL,"These results support a common factorized predictive principle across heterogeneous worlds, connecting world modeling with intervention and experimentally grounded scientific discovery.",negation,5,"It is not the case that these results support a common factorized predictive principle across heterogeneous worlds, connecting world modeling with intervention and experimentally grounded scientific discovery.",prepended denial,0.850761890411377,74.49602631369359
29,cs.CL,"This recipe, however, is undermined by two findings in agentic tasks: privileged information alone does not always make a teacher reliable, and the benefit of teacher supervision is stage-dependent.",identical,0,"This recipe, however, is undermined by two findings in agentic tasks: privileged information alone does not always make a teacher reliable, and the benefit of teacher supervision is stage-dependent.",unchanged,1.0,100.00000000000004
29,cs.CL,"This recipe, however, is undermined by two findings in agentic tasks: privileged information alone does not always make a teacher reliable, and the benefit of teacher supervision is stage-dependent.",synonym,1,"This recipe, however, is undermined by two findings in agentic tasks: privileged information alone does not always do a teacher reliable, and the benefit of teacher supervision is stage-dependent.",make -> do,0.8925313949584961,92.10500207490826
29,cs.CL,"This recipe, however, is undermined by two findings in agentic tasks: privileged information alone does not always make a teacher reliable, and the benefit of teacher supervision is stage-dependent.",scramble,2,"by and undermined two information privileged reliable, make always a teacher tasks: This in benefit not the however, does alone supervision recipe, is teacher findings agentic of is",word order shuffled,0.04760340601205826,6.821842276127592
29,cs.CL,"This recipe, however, is undermined by two findings in agentic tasks: privileged information alone does not always make a teacher reliable, and the benefit of teacher supervision is stage-dependent.",antonym,4,"This recipe, however, differ undermined by two findings in agentic tasks: privileged information alone does not always make a teacher reliable, and the benefit of teacher supervision is stage-dependent.",is -> differ,0.9553038477897644,92.10500207490826
29,cs.CL,"This recipe, however, is undermined by two findings in agentic tasks: privileged information alone does not always make a teacher reliable, and the benefit of teacher supervision is stage-dependent.",negation,5,"This recipe, however, is not undermined by two findings in agentic tasks: privileged information alone does not always make a teacher reliable, and the benefit of teacher supervision is stage-dependent.",inserted 'not' after 'is',0.9529189467430115,92.34732618882049
30,cs.CL,"We therefore propose RetireOPD (Self-Retiring On-Policy Distillation), which first optimizes a decoupled, skill-conditioned teacher with environment rewards and then trains a skill-free student jointly with RL and OPD.",identical,0,"We therefore propose RetireOPD (Self-Retiring On-Policy Distillation), which first optimizes a decoupled, skill-conditioned teacher with environment rewards and then trains a skill-free student jointly with RL and OPD.",unchanged,1.0,100.00000000000004
30,cs.CL,"We therefore propose RetireOPD (Self-Retiring On-Policy Distillation), which first optimizes a decoupled, skill-conditioned teacher with environment rewards and then trains a skill-free student jointly with RL and OPD.",synonym,1,"We therefore propose RetireOPD (Self-Retiring On-Policy Distillation), which first optimize a decoupled, skill-conditioned teacher with environment rewards and then trains a skill-free student jointly with RL and OPD.",optimizes -> optimize,0.9521133303642273,91.84678024441791
30,cs.CL,"We therefore propose RetireOPD (Self-Retiring On-Policy Distillation), which first optimizes a decoupled, skill-conditioned teacher with environment rewards and then trains a skill-free student jointly with RL and OPD.",scramble,2,"We student with with RetireOPD teacher propose then which jointly trains On-Policy RL and (Self-Retiring a skill-free decoupled, optimizes Distillation), a therefore first environment and skill-conditioned rewards",word order shuffled,0.32182377576828003,9.87624815918664
30,cs.CL,"We therefore propose RetireOPD (Self-Retiring On-Policy Distillation), which first optimizes a decoupled, skill-conditioned teacher with environment rewards and then trains a skill-free student jointly with RL and OPD.",negation,5,"It is not the case that we therefore propose RetireOPD (Self-Retiring On-Policy Distillation), which first optimizes a decoupled, skill-conditioned teacher with environment rewards and then trains a skill-free student jointly with RL and OPD.",prepended denial,0.9094842076301575,81.3148048525254
31,cs.CL,Safety evaluations for large language models rely on surface-form classifiers that report declining harm scores across model generations.,identical,0,Safety evaluations for large language models rely on surface-form classifiers that report declining harm scores across model generations.,unchanged,1.0,100.00000000000004
31,cs.CL,Safety evaluations for large language models rely on surface-form classifiers that report declining harm scores across model generations.,synonym,1,Safety evaluations for large language models rely on surface-form classifiers that describe declining harm scores across model generations.,report -> describe,0.9478033781051636,84.92326635760686
31,cs.CL,Safety evaluations for large language models rely on surface-form classifiers that report declining harm scores across model generations.,scramble,2,language surface-form harm evaluations across large that scores model for declining Safety classifiers rely models report on,word order shuffled,0.28158557415008545,4.128351988538179
31,cs.CL,Safety evaluations for large language models rely on surface-form classifiers that report declining harm scores across model generations.,antonym,4,Safety evaluations for large language models mistrust on surface-form classifiers that report declining harm scores across model generations.,rely -> mistrust,0.8856821656227112,84.92326635760686
31,cs.CL,Safety evaluations for large language models rely on surface-form classifiers that report declining harm scores across model generations.,negation,5,It is not the case that safety evaluations for large language models rely on surface-form classifiers that report declining harm scores across model generations.,prepended denial,0.8292193412780762,70.13062757071812
32,cs.CL,We provide evidence that this methodology is systematically incomplete: explicit discriminatory content is transformed rather than removed.,identical,0,We provide evidence that this methodology is systematically incomplete: explicit discriminatory content is transformed rather than removed.,unchanged,1.0000007152557373,100.00000000000004
32,cs.CL,We provide evidence that this methodology is systematically incomplete: explicit discriminatory content is transformed rather than removed.,synonym,1,We provide evidence that this methodology is systematically incomplete: explicit discriminatory content be transformed rather than removed.,is -> be,0.9134636521339417,84.92326635760686
32,cs.CL,We provide evidence that this methodology is systematically incomplete: explicit discriminatory content is transformed rather than removed.,scramble,2,explicit is systematically content transformed provide We that methodology discriminatory than is this rather incomplete: evidence,word order shuffled,0.13914793729782104,8.256703977076358
32,cs.CL,We provide evidence that this methodology is systematically incomplete: explicit discriminatory content is transformed rather than removed.,antonym,4,We provide evidence that this methodology differ systematically incomplete: explicit discriminatory content is transformed rather than removed.,is -> differ,0.9006781578063965,84.92326635760686
32,cs.CL,We provide evidence that this methodology is systematically incomplete: explicit discriminatory content is transformed rather than removed.,negation,5,We provide evidence that this methodology is not systematically incomplete: explicit discriminatory content is transformed rather than removed.,inserted 'not' after 'is',0.9325174689292908,85.78928092681431
33,cs.CL,"The pattern is most visible at GPT-5: Topic~5 (1,997~documents) frames breast cancer as a men's rights debate, while zero equivalent clusters appear in women-directed output.",identical,0,"The pattern is most visible at GPT-5: Topic~5 (1,997~documents) frames breast cancer as a men's rights debate, while zero equivalent clusters appear in women-directed output.",unchanged,1.0,100.00000000000004
33,cs.CL,"The pattern is most visible at GPT-5: Topic~5 (1,997~documents) frames breast cancer as a men's rights debate, while zero equivalent clusters appear in women-directed output.",synonym,1,"The pattern is about visible at GPT-5: Topic~5 (1,997~documents) frames breast cancer as a men's rights debate, while zero equivalent clusters appear in women-directed output.",most -> about,0.9338895082473755,92.10500207490826
33,cs.CL,"The pattern is most visible at GPT-5: Topic~5 (1,997~documents) frames breast cancer as a men's rights debate, while zero equivalent clusters appear in women-directed output.",scramble,2,"zero The most Topic~5 a at men's as clusters women-directed pattern in appear rights breast visible equivalent while GPT-5: (1,997~documents) is frames debate, cancer",word order shuffled,0.3123876452445984,20.733916813153716
33,cs.CL,"The pattern is most visible at GPT-5: Topic~5 (1,997~documents) frames breast cancer as a men's rights debate, while zero equivalent clusters appear in women-directed output.",antonym,4,"The pattern is most visible at GPT-5: Topic~5 (1,997~documents) frames breast cancer as a men's rights debate, while zero equivalent clusters disappear in women-directed output.",appear -> disappear,0.971157968044281,92.10500207490826
33,cs.CL,"The pattern is most visible at GPT-5: Topic~5 (1,997~documents) frames breast cancer as a men's rights debate, while zero equivalent clusters appear in women-directed output.",negation,5,"The pattern is not most visible at GPT-5: Topic~5 (1,997~documents) frames breast cancer as a men's rights debate, while zero equivalent clusters appear in women-directed output.",inserted 'not' after 'is',0.958935022354126,92.34732618882049
34,cs.CL,Sentiment scores invert at GPT-4: early models demean women; later models over-correct.,identical,0,Sentiment scores invert at GPT-4: early models demean women; later models over-correct.,unchanged,1.0,100.00000000000004
34,cs.CL,Sentiment scores invert at GPT-4: early models demean women; later models over-correct.,synonym,1,Sentiment scores invert at GPT-4: early models demean women; later model over-correct.,models -> model,0.9712445139884949,82.42367502646057
34,cs.CL,Sentiment scores invert at GPT-4: early models demean women; later models over-correct.,scramble,2,women; at demean Sentiment GPT-4: invert scores models later models early,word order shuffled,0.38532865047454834,11.13140023880574
34,cs.CL,Sentiment scores invert at GPT-4: early models demean women; later models over-correct.,antonym,4,Sentiment scores invert at GPT-4: middle models demean women; later models over-correct.,early -> middle,0.9553981423377991,80.03203203845001
34,cs.CL,Sentiment scores invert at GPT-4: early models demean women; later models over-correct.,negation,5,It is not the case that sentiment scores invert at GPT-4: early models demean women; later models over-correct.,prepended denial,0.7937435507774353,63.950284469035694
35,cs.CL,We formalise harm laundering as a three-criteria test and provide a three-stage detection protocol applicable to any generative model.,identical,0,We formalise harm laundering as a three-criteria test and provide a three-stage detection protocol applicable to any generative model.,unchanged,0.9999996423721313,100.00000000000004
35,cs.CL,We formalise harm laundering as a three-criteria test and provide a three-stage detection protocol applicable to any generative model.,synonym,1,We formalize harm laundering as a three-criteria test and provide a three-stage detection protocol applicable to any generative model.,formalise -> formalize,0.9887168407440186,90.36020036098445
35,cs.CL,We formalise harm laundering as a three-criteria test and provide a three-stage detection protocol applicable to any generative model.,scramble,2,a harm and formalise laundering a any protocol detection to provide generative as applicable We three-stage three-criteria test,word order shuffled,0.2785155475139618,6.65744397006014
35,cs.CL,We formalise harm laundering as a three-criteria test and provide a three-stage detection protocol applicable to any generative model.,antonym,4,We formalise harm laundering as a three-criteria test and provide a three-stage detection protocol applicable to any consumptive model.,generative -> consumptive,0.8879590034484863,87.39351325046802
35,cs.CL,We formalise harm laundering as a three-criteria test and provide a three-stage detection protocol applicable to any generative model.,negation,5,It is not the case that we formalise harm laundering as a three-criteria test and provide a three-stage detection protocol applicable to any generative model.,prepended denial,0.8498690724372864,71.35684569113663
36,cs.CL,"Within the OpenAI GPT lineage, toxicity score reduction is not a sufficient proxy for harm reduction.",identical,0,"Within the OpenAI GPT lineage, toxicity score reduction is not a sufficient proxy for harm reduction.",unchanged,1.0,100.00000000000004
36,cs.CL,"Within the OpenAI GPT lineage, toxicity score reduction is not a sufficient proxy for harm reduction.",synonym,1,"Within the OpenAI GPT lineage, toxicity score reduction is not a sufficient proxy for injury reduction.",harm -> injury,0.9499908685684204,85.78928092681431
36,cs.CL,"Within the OpenAI GPT lineage, toxicity score reduction is not a sufficient proxy for harm reduction.",scramble,2,"Within proxy GPT the score lineage, not a harm for is reduction toxicity sufficient OpenAI",word order shuffled,0.373330682516098,8.632916298377145
36,cs.CL,"Within the OpenAI GPT lineage, toxicity score reduction is not a sufficient proxy for harm reduction.",antonym,4,"Within the OpenAI GPT lineage, toxicity score reduction is not a insufficient proxy for harm reduction.",sufficient -> insufficient,0.8616434931755066,83.94327083733333
36,cs.CL,"Within the OpenAI GPT lineage, toxicity score reduction is not a sufficient proxy for harm reduction.",negation,5,"Within the OpenAI GPT lineage, toxicity score reduction is not not a sufficient proxy for harm reduction.",inserted 'not' after 'is',0.9724982380867004,89.49324524211222
37,cs.CL,Adapting a pretrained autoregressive (AR) model is a cost-efficient route to a diffusion language model (DLM).,identical,0,Adapting a pretrained autoregressive (AR) model is a cost-efficient route to a diffusion language model (DLM).,unchanged,1.0000007152557373,100.00000000000004
37,cs.CL,Adapting a pretrained autoregressive (AR) model is a cost-efficient route to a diffusion language model (DLM).,synonym,1,Adapting a pretrained autoregressive (AR) model is a cost-efficient route to a diffusion language framework (DLM).,model -> framework,0.9615134596824646,86.5603055254171
37,cs.CL,Adapting a pretrained autoregressive (AR) model is a cost-efficient route to a diffusion language model (DLM).,scramble,2,(AR) autoregressive language Adapting a model a diffusion is model to cost-efficient pretrained a route,word order shuffled,0.3529641926288605,12.344847878990402
37,cs.CL,Adapting a pretrained autoregressive (AR) model is a cost-efficient route to a diffusion language model (DLM).,antonym,4,Adapting a pretrained autoregressive (AR) model differ a cost-efficient route to a diffusion language model (DLM).,is -> differ,0.8808689117431641,86.5603055254171
37,cs.CL,Adapting a pretrained autoregressive (AR) model is a cost-efficient route to a diffusion language model (DLM).,negation,5,Adapting a pretrained autoregressive (AR) model is not a cost-efficient route to a diffusion language model (DLM).,inserted 'not' after 'is',0.9651457667350769,87.25129388059693
38,cs.CL,"While nearly all such adaptations start from a full-attention transformer, AR modeling has shifted toward hybrid architectures that interleave attention and RNN layers.",identical,0,"While nearly all such adaptations start from a full-attention transformer, AR modeling has shifted toward hybrid architectures that interleave attention and RNN layers.",unchanged,1.0,100.00000000000004
38,cs.CL,"While nearly all such adaptations start from a full-attention transformer, AR modeling has shifted toward hybrid architectures that interleave attention and RNN layers.",synonym,1,"While about all such adaptations start from a full-attention transformer, AR modeling has shifted toward hybrid architectures that interleave attention and RNN layers.",nearly -> about,0.9743773937225342,92.44754047211332
38,cs.CL,"While nearly all such adaptations start from a full-attention transformer, AR modeling has shifted toward hybrid architectures that interleave attention and RNN layers.",scramble,2,"toward such a While all shifted architectures start has and that interleave RNN nearly adaptations full-attention modeling attention AR hybrid from transformer,",word order shuffled,0.22559420764446259,6.611534550436005
38,cs.CL,"While nearly all such adaptations start from a full-attention transformer, AR modeling has shifted toward hybrid architectures that interleave attention and RNN layers.",antonym,4,"While nearly all such adaptations start from a full-attention transformer, AR modeling lack shifted toward hybrid architectures that interleave attention and RNN layers.",has -> lack,0.9549654722213745,88.95260356363632
38,cs.CL,"While nearly all such adaptations start from a full-attention transformer, AR modeling has shifted toward hybrid architectures that interleave attention and RNN layers.",negation,5,"While nearly all such adaptations start from a full-attention transformer, AR modeling has not shifted toward hybrid architectures that interleave attention and RNN layers.",inserted 'not' after 'has',0.9417826533317566,89.42255541978513
39,cs.CL,"This creates an obstacle for adaptation: unlike attention, RNNs are structurally causal and nontrivial to bidirectionalize.",identical,0,"This creates an obstacle for adaptation: unlike attention, RNNs are structurally causal and nontrivial to bidirectionalize.",unchanged,1.0,100.00000000000004
39,cs.CL,"This creates an obstacle for adaptation: unlike attention, RNNs are structurally causal and nontrivial to bidirectionalize.",synonym,1,"This creates an obstruction for adaptation: unlike attention, RNNs are structurally causal and nontrivial to bidirectionalize.",obstacle -> obstruction,0.9562824368476868,84.92326635760686
39,cs.CL,"This creates an obstacle for adaptation: unlike attention, RNNs are structurally causal and nontrivial to bidirectionalize.",scramble,2,"an unlike attention, RNNs are to causal obstacle creates This structurally nontrivial adaptation: for and",word order shuffled,0.29274407029151917,27.32763358138046
39,cs.CL,"This creates an obstacle for adaptation: unlike attention, RNNs are structurally causal and nontrivial to bidirectionalize.",antonym,4,"This creates an obstacle for adaptation: unlike attention, RNNs differ structurally causal and nontrivial to bidirectionalize.",are -> differ,0.8782138824462891,84.92326635760686
39,cs.CL,"This creates an obstacle for adaptation: unlike attention, RNNs are structurally causal and nontrivial to bidirectionalize.",negation,5,"This creates an obstacle for adaptation: unlike attention, RNNs are not structurally causal and nontrivial to bidirectionalize.",inserted 'not' after 'are',0.964199960231781,85.78928092681431
40,cs.CL,"Despite this mismatch, we investigate whether such backbones can become effective DLMs by adapting Qwen3.5 at 0.8B, 2B, 4B, and 9B scales, yielding the dQwen3.5 family.",identical,0,"Despite this mismatch, we investigate whether such backbones can become effective DLMs by adapting Qwen3.5 at 0.8B, 2B, 4B, and 9B scales, yielding the dQwen3.5 family.",unchanged,1.0,100.00000000000004
40,cs.CL,"Despite this mismatch, we investigate whether such backbones can become effective DLMs by adapting Qwen3.5 at 0.8B, 2B, 4B, and 9B scales, yielding the dQwen3.5 family.",synonym,1,"Despite this mismatch, we investigate whether such backbones can go effective DLMs by adapting Qwen3.5 at 0.8B, 2B, 4B, and 9B scales, yielding the dQwen3.5 family.",become -> go,0.9462992548942566,91.57103753711765
40,cs.CL,"Despite this mismatch, we investigate whether such backbones can become effective DLMs by adapting Qwen3.5 at 0.8B, 2B, 4B, and 9B scales, yielding the dQwen3.5 family.",scramble,2,"become 4B, this 9B can the scales, DLMs backbones dQwen3.5 such 2B, Despite and Qwen3.5 yielding at investigate whether we by mismatch, effective 0.8B, adapting",word order shuffled,0.23421277105808258,7.154551300111904
40,cs.CL,"Despite this mismatch, we investigate whether such backbones can become effective DLMs by adapting Qwen3.5 at 0.8B, 2B, 4B, and 9B scales, yielding the dQwen3.5 family.",antonym,4,"Despite this mismatch, we investigate whether such backbones can become ineffective DLMs by adapting Qwen3.5 at 0.8B, 2B, 4B, and 9B scales, yielding the dQwen3.5 family.",effective -> ineffective,0.9801021218299866,91.57103753711765
40,cs.CL,"Despite this mismatch, we investigate whether such backbones can become effective DLMs by adapting Qwen3.5 at 0.8B, 2B, 4B, and 9B scales, yielding the dQwen3.5 family.",negation,5,"Despite this mismatch, we investigate whether such backbones can not become effective DLMs by adapting Qwen3.5 at 0.8B, 2B, 4B, and 9B scales, yielding the dQwen3.5 family.",inserted 'not' after 'can',0.9793205857276917,91.84678024441791
41,cs.CL,"We find that hybrid backbones can be efficient starting points for adaptation: against a full-attention control, the hybrid reaches a given training loss in about half the tokens.",identical,0,"We find that hybrid backbones can be efficient starting points for adaptation: against a full-attention control, the hybrid reaches a given training loss in about half the tokens.",unchanged,1.0,100.00000000000004
41,cs.CL,"We find that hybrid backbones can be efficient starting points for adaptation: against a full-attention control, the hybrid reaches a given training loss in about half the tokens.",synonym,1,"We find that hybrid anchor can be efficient starting points for adaptation: against a full-attention control, the hybrid reaches a given training loss in about half the tokens.",backbones -> anchor,0.9144126176834106,91.27592114472296
41,cs.CL,"We find that hybrid backbones can be efficient starting points for adaptation: against a full-attention control, the hybrid reaches a given training loss in about half the tokens.",scramble,2,"adaptation: about hybrid can given against in be hybrid half for efficient starting We points a a the backbones training find full-attention the that control, reaches loss",word order shuffled,0.020716480910778046,6.16854429254367
41,cs.CL,"We find that hybrid backbones can be efficient starting points for adaptation: against a full-attention control, the hybrid reaches a given training loss in about half the tokens.",antonym,4,"We find that hybrid backbones can be efficient end points for adaptation: against a full-attention control, the hybrid reaches a given training loss in about half the tokens.",starting -> end,0.9497259855270386,91.27592114472296
41,cs.CL,"We find that hybrid backbones can be efficient starting points for adaptation: against a full-attention control, the hybrid reaches a given training loss in about half the tokens.",negation,5,"We find that hybrid backbones can not be efficient starting points for adaptation: against a full-attention control, the hybrid reaches a given training loss in about half the tokens.",inserted 'not' after 'can',0.9497573971748352,91.57103753711765
42,cs.CL,"Across scales, dQwen3.5 resembles full-attention DLMs in any-order decoding behavior and performs strongly under parallel decoding.",identical,0,"Across scales, dQwen3.5 resembles full-attention DLMs in any-order decoding behavior and performs strongly under parallel decoding.",unchanged,1.0,100.00000000000004
42,cs.CL,"Across scales, dQwen3.5 resembles full-attention DLMs in any-order decoding behavior and performs strongly under parallel decoding.",synonym,1,"Across scales, dQwen3.5 resembles full-attention DLMs in any-order decoding behaviour and performs strongly under parallel decoding.",behavior -> behaviour,0.990218460559845,83.94327083733333
42,cs.CL,"Across scales, dQwen3.5 resembles full-attention DLMs in any-order decoding behavior and performs strongly under parallel decoding.",scramble,2,"DLMs strongly parallel under any-order decoding and behavior in Across scales, performs resembles full-attention dQwen3.5",word order shuffled,0.504782497882843,14.518776736981408
42,cs.CL,"Across scales, dQwen3.5 resembles full-attention DLMs in any-order decoding behavior and performs strongly under parallel decoding.",antonym,4,"Across scales, dQwen3.5 resembles full-attention DLMs in any-order decoding behavior and performs weakly under parallel decoding.",strongly -> weakly,0.96138596534729,83.94327083733333
42,cs.CL,"Across scales, dQwen3.5 resembles full-attention DLMs in any-order decoding behavior and performs strongly under parallel decoding.",negation,5,"It is not the case that across scales, dQwen3.5 resembles full-attention DLMs in any-order decoding behavior and performs strongly under parallel decoding.",prepended denial,0.8627870678901672,68.7941939352187
43,cs.CL,"Yet full-attention decoding reads the growing history at every step, regardless of its benefit to the next prediction.",identical,0,"Yet full-attention decoding reads the growing history at every step, regardless of its benefit to the next prediction.",unchanged,1.0,100.00000000000004
43,cs.CL,"Yet full-attention decoding reads the growing history at every step, regardless of its benefit to the next prediction.",synonym,1,"Yet full-attention decoding reads the turn history at every step, regardless of its benefit to the next prediction.",growing -> turn,0.858022153377533,85.78928092681431
43,cs.CL,"Yet full-attention decoding reads the growing history at every step, regardless of its benefit to the next prediction.",scramble,2,"Yet the step, at reads decoding next its of to every history benefit regardless growing full-attention the",word order shuffled,0.21335431933403015,6.65744397006014
43,cs.CL,"Yet full-attention decoding reads the growing history at every step, regardless of its benefit to the next prediction.",negation,5,"It is not the case that yet full-attention decoding reads the growing history at every step, regardless of its benefit to the next prediction.",prepended denial,0.803870439529419,71.35684569113663
44,cs.CL,"We show that a pretrained model's decoding states already contain information predictive of this benefit, before the global read.",identical,0,"We show that a pretrained model's decoding states already contain information predictive of this benefit, before the global read.",unchanged,1.0000007152557373,100.00000000000004
44,cs.CL,"We show that a pretrained model's decoding states already contain information predictive of this benefit, before the global read.",synonym,1,"We show that a pretrained model's decoding states already contain information predictive of this benefit, before the planetary read.",global -> planetary,0.9299234747886658,88.06626677278207
44,cs.CL,"We show that a pretrained model's decoding states already contain information predictive of this benefit, before the global read.",scramble,2,"that information the predictive states already of show contain benefit, We pretrained model's this a before decoding global",word order shuffled,0.3747684061527252,8.420390954207235
44,cs.CL,"We show that a pretrained model's decoding states already contain information predictive of this benefit, before the global read.",antonym,4,"We disprove that a pretrained model's decoding states already contain information predictive of this benefit, before the global read.",show -> disprove,0.9327943325042725,90.86549610666287
44,cs.CL,"We show that a pretrained model's decoding states already contain information predictive of this benefit, before the global read.",negation,5,"It is not the case that we show that a pretrained model's decoding states already contain information predictive of this benefit, before the global read.",prepended denial,0.8466800451278687,72.48600507984249
45,cs.CL,"ODA trains only the recall head, leaving pretrained weights unchanged and the complete historical KV cache available for future recall.",identical,0,"ODA trains only the recall head, leaving pretrained weights unchanged and the complete historical KV cache available for future recall.",unchanged,1.0,100.00000000000004
45,cs.CL,"ODA trains only the recall head, leaving pretrained weights unchanged and the complete historical KV cache available for future recall.",synonym,1,"ODA trains only the recall head, leaving pretrained weights unchanged and the consummate historical KV cache available for future recall.",complete -> consummate,0.8937565088272095,87.25129388059693
45,cs.CL,"ODA trains only the recall head, leaving pretrained weights unchanged and the complete historical KV cache available for future recall.",scramble,2,"ODA the leaving recall trains future head, only unchanged KV available the pretrained historical complete weights and for cache",word order shuffled,0.3858802914619446,6.161398495622037
45,cs.CL,"ODA trains only the recall head, leaving pretrained weights unchanged and the complete historical KV cache available for future recall.",antonym,4,"ODA trains only the recall head, leaving pretrained weights changed and the complete historical KV cache available for future recall.",unchanged -> changed,0.9244505167007446,87.25129388059693
45,cs.CL,"ODA trains only the recall head, leaving pretrained weights unchanged and the complete historical KV cache available for future recall.",negation,5,"It is not the case that oDA trains only the recall head, leaving pretrained weights unchanged and the complete historical KV cache available for future recall.",prepended denial,0.7880064249038696,73.52923728444685
46,cs.CL,"We further implement GPU-side conditional execution in vLLM, translating reduced global reads into practical decoding speedups over full attention at long context lengths.",identical,0,"We further implement GPU-side conditional execution in vLLM, translating reduced global reads into practical decoding speedups over full attention at long context lengths.",unchanged,1.0000007152557373,100.00000000000004
46,cs.CL,"We further implement GPU-side conditional execution in vLLM, translating reduced global reads into practical decoding speedups over full attention at long context lengths.",synonym,1,"We further implement GPU-side conditional execution in vLLM, translating reduced global reads into practical decoding speedups over entire attention at long context lengths.",full -> entire,0.9055715799331665,88.95260356363632
46,cs.CL,"We further implement GPU-side conditional execution in vLLM, translating reduced global reads into practical decoding speedups over full attention at long context lengths.",scramble,2,"speedups We context implement reduced global into attention reads decoding further full at execution practical translating long in vLLM, conditional over GPU-side",word order shuffled,0.3914574384689331,10.347610775509164
46,cs.CL,"We further implement GPU-side conditional execution in vLLM, translating reduced global reads into practical decoding speedups over full attention at long context lengths.",antonym,4,"We further implement GPU-side conditional execution in vLLM, translating oxidize global reads into practical decoding speedups over full attention at long context lengths.",reduced -> oxidize,0.8935428857803345,88.95260356363632
46,cs.CL,"We further implement GPU-side conditional execution in vLLM, translating reduced global reads into practical decoding speedups over full attention at long context lengths.",negation,5,"It is not the case that we further implement GPU-side conditional execution in vLLM, translating reduced global reads into practical decoding speedups over full attention at long context lengths.",prepended denial,0.8579932451248169,76.23168491128143
47,cs.CL,"Experiments across Qwen and Gemma models, including hybrid-attention backbones, show that selective recall recovers most of the performance lost under local attention while substantially reducing global reads.",identical,0,"Experiments across Qwen and Gemma models, including hybrid-attention backbones, show that selective recall recovers most of the performance lost under local attention while substantially reducing global reads.",unchanged,0.9999996423721313,100.00000000000004
47,cs.CL,"Experiments across Qwen and Gemma models, including hybrid-attention backbones, show that selective recall recovers most of the performance lost under local attention while substantially reducing global reads.",synonym,1,"Experiments across Qwen and Gemma models, including hybrid-attention backbones, show that selective callback recovers most of the performance lost under local attention while substantially reducing global reads.",recall -> callback,0.8680212497711182,90.9593063222022
47,cs.CL,"Experiments across Qwen and Gemma models, including hybrid-attention backbones, show that selective recall recovers most of the performance lost under local attention while substantially reducing global reads.",scramble,2,"global backbones, while most local hybrid-attention Experiments lost including substantially show models, reducing of under recovers and across selective the Qwen Gemma recall that performance attention",word order shuffled,0.16714449226856232,5.719982334747291
47,cs.CL,"Experiments across Qwen and Gemma models, including hybrid-attention backbones, show that selective recall recovers most of the performance lost under local attention while substantially reducing global reads.",antonym,4,"Experiments across Qwen and Gemma models, including hybrid-attention backbones, show that selective recall recovers least of the performance lost under local attention while substantially reducing global reads.",most -> least,0.9560924172401428,90.9593063222022
47,cs.CL,"Experiments across Qwen and Gemma models, including hybrid-attention backbones, show that selective recall recovers most of the performance lost under local attention while substantially reducing global reads.",negation,5,"It is not the case that experiments across Qwen and Gemma models, including hybrid-attention backbones, show that selective recall recovers most of the performance lost under local attention while substantially reducing global reads.",prepended denial,0.866792619228363,79.68607481576657
48,cs.CL,These findings support long-context inference in which pretrained models guide their own access to the information they retain.,identical,0,These findings support long-context inference in which pretrained models guide their own access to the information they retain.,unchanged,1.0,100.00000000000004
48,cs.CL,These findings support long-context inference in which pretrained models guide their own access to the information they retain.,synonym,1,These findings support long-context illation in which pretrained models guide their own access to the information they retain.,inference -> illation,0.8561274409294128,84.92326635760686
48,cs.CL,These findings support long-context inference in which pretrained models guide their own access to the information they retain.,scramble,2,the pretrained own to they guide in support long-context models findings information which inference These access their,word order shuffled,0.180522620677948,6.943032776134597
48,cs.CL,These findings support long-context inference in which pretrained models guide their own access to the information they retain.,antonym,4,These findings negate long-context inference in which pretrained models guide their own access to the information they retain.,support -> negate,0.9414573907852173,86.63975517813623
48,cs.CL,These findings support long-context inference in which pretrained models guide their own access to the information they retain.,negation,5,It is not the case that these findings support long-context inference in which pretrained models guide their own access to the information they retain.,prepended denial,0.8442478179931641,70.13062757071812
49,cs.CL,Agent trajectories record what an agent does and what happens next.,identical,0,Agent trajectories record what an agent does and what happens next.,unchanged,1.0,100.00000000000004
49,cs.CL,Agent trajectories record what an agent does and what happens next.,synonym,1,Agent trajectories record what an agent make and what happens next.,does -> make,0.793673574924469,73.48889200874659
49,cs.CL,Agent trajectories record what an agent does and what happens next.,scramble,2,Agent happens what trajectories an what and record does agent,word order shuffled,0.23507802188396454,6.1092581379663455
49,cs.CL,Agent trajectories record what an agent does and what happens next.,antonym,4,Agent trajectories record what an agent does and what dematerialize next.,happens -> dematerialize,0.7905513048171997,76.91605673134588
49,cs.CL,Agent trajectories record what an agent does and what happens next.,negation,5,Agent trajectories record what an agent does not and what happens next.,inserted 'not' after 'does',0.844411313533783,76.11606003349888
50,cs.CL,"Yet standard supervised fine-tuning (SFT) applies loss only to agent-authored action tokens, using environment observations as context but not as prediction targets.",identical,0,"Yet standard supervised fine-tuning (SFT) applies loss only to agent-authored action tokens, using environment observations as context but not as prediction targets.",unchanged,1.0,100.00000000000004
50,cs.CL,"Yet standard supervised fine-tuning (SFT) applies loss only to agent-authored action tokens, using environment observations as context but not as prediction targets.",synonym,1,"Yet standard supervised fine-tuning (SFT) applies loss only to agent-authored activity tokens, using environment observations as context but not as prediction targets.",action -> activity,0.9587298631668091,89.42255541978513
50,cs.CL,"Yet standard supervised fine-tuning (SFT) applies loss only to agent-authored action tokens, using environment observations as context but not as prediction targets.",scramble,2,"standard but fine-tuning context action prediction only applies Yet tokens, as not to loss agent-authored as observations supervised using environment (SFT)",word order shuffled,0.34339138865470886,10.776403374069837
50,cs.CL,"Yet standard supervised fine-tuning (SFT) applies loss only to agent-authored action tokens, using environment observations as context but not as prediction targets.",antonym,4,"Yet nonstandard supervised fine-tuning (SFT) applies loss only to agent-authored action tokens, using environment observations as context but not as prediction targets.",standard -> nonstandard,0.936684787273407,92.76077030810347
50,cs.CL,"Yet standard supervised fine-tuning (SFT) applies loss only to agent-authored action tokens, using environment observations as context but not as prediction targets.",negation,5,"It is not the case that yet standard supervised fine-tuning (SFT) applies loss only to agent-authored action tokens, using environment observations as context but not as prediction targets.",prepended denial,0.8301008343696594,77.01365065543355
51,cs.CL,We ask whether this convention provides the best initialization for subsequent reinforcement learning.,identical,0,We ask whether this convention provides the best initialization for subsequent reinforcement learning.,unchanged,1.0000007152557373,100.00000000000004
51,cs.CL,We ask whether this convention provides the best initialization for subsequent reinforcement learning.,synonym,1,We ask whether this convention provides the best initialisation for subsequent reinforcement learning.,initialization -> initialisation,0.9277186989784241,78.25422900366438
51,cs.CL,We ask whether this convention provides the best initialization for subsequent reinforcement learning.,scramble,2,whether for ask convention the We subsequent provides reinforcement initialization this best,word order shuffled,0.2554784119129181,5.335360807290133
51,cs.CL,We ask whether this convention provides the best initialization for subsequent reinforcement learning.,antonym,4,We ask whether this convention provides the worst initialization for subsequent reinforcement learning.,best -> worst,0.9164602160453796,78.25422900366438
51,cs.CL,We ask whether this convention provides the best initialization for subsequent reinforcement learning.,negation,5,It is not the case that we ask whether this convention provides the best initialization for subsequent reinforcement learning.,prepended denial,0.7930110692977905,61.98021310128996
52,cs.CL,"We introduce ActObs, which also supervises the observation tokens already present in each trajectory.",identical,0,"We introduce ActObs, which also supervises the observation tokens already present in each trajectory.",unchanged,0.9999996423721313,100.00000000000004
52,cs.CL,"We introduce ActObs, which also supervises the observation tokens already present in each trajectory.",synonym,1,"We introduce ActObs, which besides supervises the observation tokens already present in each trajectory.",also -> besides,0.926735520362854,81.53551038173119
52,cs.CL,"We introduce ActObs, which also supervises the observation tokens already present in each trajectory.",scramble,2,"in each supervises also tokens ActObs, introduce which We present the already observation",word order shuffled,0.2457689493894577,9.523873371779596
52,cs.CL,"We introduce ActObs, which also supervises the observation tokens already present in each trajectory.",antonym,4,"We introduce ActObs, which also supervises the observation tokens already future in each trajectory.",present -> future,0.8744802474975586,81.53551038173119
52,cs.CL,"We introduce ActObs, which also supervises the observation tokens already present in each trajectory.",negation,5,"It is not the case that we introduce ActObs, which also supervises the observation tokens already present in each trajectory.",prepended denial,0.7677599787712097,65.7248464608846
53,cs.CL,"Although deployed agents never generate observations, learning to predict them encourages the policy to model action consequences without adding data, parameters, sequence tokens, or forward passes.",identical,0,"Although deployed agents never generate observations, learning to predict them encourages the policy to model action consequences without adding data, parameters, sequence tokens, or forward passes.",unchanged,1.0,100.00000000000004
53,cs.CL,"Although deployed agents never generate observations, learning to predict them encourages the policy to model action consequences without adding data, parameters, sequence tokens, or forward passes.",synonym,1,"Although deployed agents never generate observations, learning to foretell them encourages the policy to model action consequences without adding data, parameters, sequence tokens, or forward passes.",predict -> foretell,0.9714694619178772,91.27592114472296
53,cs.CL,"Although deployed agents never generate observations, learning to predict them encourages the policy to model action consequences without adding data, parameters, sequence tokens, or forward passes.",scramble,2,"predict model the data, never learning deployed policy encourages to Although consequences to adding agents generate them forward sequence tokens, observations, or without parameters, action",word order shuffled,0.29300931096076965,10.374213565867468
53,cs.CL,"Although deployed agents never generate observations, learning to predict them encourages the policy to model action consequences without adding data, parameters, sequence tokens, or forward passes.",antonym,4,"Although deployed agents never generate observations, learning to predict them discourage the policy to model action consequences without adding data, parameters, sequence tokens, or forward passes.",encourages -> discourage,0.9017157554626465,91.27592114472296
53,cs.CL,"Although deployed agents never generate observations, learning to predict them encourages the policy to model action consequences without adding data, parameters, sequence tokens, or forward passes.",negation,5,"It is not the case that although deployed agents never generate observations, learning to predict them encourages the policy to model action consequences without adding data, parameters, sequence tokens, or forward passes.",prepended denial,0.8854166269302368,80.25968769328762
54,cs.CL,The methods perform similarly after SFT but diverge after GRPO.,identical,0,The methods perform similarly after SFT but diverge after GRPO.,unchanged,1.0000007152557373,100.00000000000004
54,cs.CL,The methods perform similarly after SFT but diverge after GRPO.,synonym,1,The methods execute similarly after SFT but diverge after GRPO.,perform -> execute,0.8905957341194153,74.19446627365011
54,cs.CL,The methods perform similarly after SFT but diverge after GRPO.,scramble,2,methods perform after diverge similarly The but SFT after,word order shuffled,0.3414783179759979,11.120717257934473
54,cs.CL,The methods perform similarly after SFT but diverge after GRPO.,negation,5,It is not the case that the methods perform similarly after SFT but diverge after GRPO.,prepended denial,0.8039346933364868,54.50176720923848
55,cs.CL,"On Qwen3-4B, GRPO from ActObs achieves higher pass@k at every evaluated sampling budget than its action-only counterpart on Terminal-Bench 2.0.",identical,0,"On Qwen3-4B, GRPO from ActObs achieves higher pass@k at every evaluated sampling budget than its action-only counterpart on Terminal-Bench 2.0.",unchanged,1.0000007152557373,100.00000000000004
55,cs.CL,"On Qwen3-4B, GRPO from ActObs achieves higher pass@k at every evaluated sampling budget than its action-only counterpart on Terminal-Bench 2.0.",synonym,1,"On Qwen3-4B, GRPO from ActObs achieves high pass@k at every evaluated sampling budget than its action-only counterpart on Terminal-Bench 2.0.",higher -> high,0.9798542261123657,89.42255541978513
55,cs.CL,"On Qwen3-4B, GRPO from ActObs achieves higher pass@k at every evaluated sampling budget than its action-only counterpart on Terminal-Bench 2.0.",scramble,2,"Qwen3-4B, at On every sampling its achieves counterpart GRPO on higher action-only budget from than evaluated Terminal-Bench pass@k ActObs",word order shuffled,0.4061175286769867,17.833605488906652
55,cs.CL,"On Qwen3-4B, GRPO from ActObs achieves higher pass@k at every evaluated sampling budget than its action-only counterpart on Terminal-Bench 2.0.",antonym,4,"On Qwen3-4B, GRPO from ActObs achieves low pass@k at every evaluated sampling budget than its action-only counterpart on Terminal-Bench 2.0.",higher -> low,0.9670902490615845,89.42255541978513
55,cs.CL,"On Qwen3-4B, GRPO from ActObs achieves higher pass@k at every evaluated sampling budget than its action-only counterpart on Terminal-Bench 2.0.",negation,5,"It is not the case that on Qwen3-4B, GRPO from ActObs achieves higher pass@k at every evaluated sampling budget than its action-only counterpart on Terminal-Bench 2.0.",prepended denial,0.8873628973960876,77.01365065543355
56,cs.CL,"The advantage extends to cross-domain code editing on aider-polyglot (+4.2 pp at pass@1 at 4B), whose tasks are unseen during SFT and RL.",identical,0,"The advantage extends to cross-domain code editing on aider-polyglot (+4.2 pp at pass@1 at 4B), whose tasks are unseen during SFT and RL.",unchanged,1.0,100.00000000000004
56,cs.CL,"The advantage extends to cross-domain code editing on aider-polyglot (+4.2 pp at pass@1 at 4B), whose tasks are unseen during SFT and RL.",synonym,1,"The advantage widen to cross-domain code editing on aider-polyglot (+4.2 pp at pass@1 at 4B), whose tasks are unseen during SFT and RL.",extends -> widen,0.9270808696746826,91.9322715224919
56,cs.CL,"The advantage extends to cross-domain code editing on aider-polyglot (+4.2 pp at pass@1 at 4B), whose tasks are unseen during SFT and RL.",scramble,2,"4B), are on to at during pass@1 and The tasks whose pp unseen advantage SFT at extends aider-polyglot code (+4.2 cross-domain editing",word order shuffled,0.29342249035835266,14.011038057864466
56,cs.CL,"The advantage extends to cross-domain code editing on aider-polyglot (+4.2 pp at pass@1 at 4B), whose tasks are unseen during SFT and RL.",antonym,4,"The advantage extends to cross-domain code editing on aider-polyglot (+4.2 pp at pass@1 at 4B), whose tasks differ unseen during SFT and RL.",are -> differ,0.929527223110199,90.9593063222022
56,cs.CL,"The advantage extends to cross-domain code editing on aider-polyglot (+4.2 pp at pass@1 at 4B), whose tasks are unseen during SFT and RL.",negation,5,"The advantage extends to cross-domain code editing on aider-polyglot (+4.2 pp at pass@1 at 4B), whose tasks are not unseen during SFT and RL.",inserted 'not' after 'are',0.9745345711708069,91.27592114472296
57,cs.CL,"ActObs retains more entropy during RL while requiring less policy movement, leaving the final policy closer to its SFT initialization.",identical,0,"ActObs retains more entropy during RL while requiring less policy movement, leaving the final policy closer to its SFT initialization.",unchanged,1.0,100.00000000000004
57,cs.CL,"ActObs retains more entropy during RL while requiring less policy movement, leaving the final policy closer to its SFT initialization.",synonym,1,"ActObs retains more entropy during RL while requiring less insurance movement, leaving the final policy closer to its SFT initialization.",policy -> insurance,0.8966919779777527,87.25129388059693
57,cs.CL,"ActObs retains more entropy during RL while requiring less policy movement, leaving the final policy closer to its SFT initialization.",scramble,2,"SFT ActObs entropy requiring less leaving the movement, RL closer policy its more to retains while policy final during",word order shuffled,0.27581101655960083,8.108856443532748
57,cs.CL,"ActObs retains more entropy during RL while requiring less policy movement, leaving the final policy closer to its SFT initialization.",antonym,4,"ActObs retains less entropy during RL while requiring less policy movement, leaving the final policy closer to its SFT initialization.",more -> less,0.985397458076477,88.67047947918728
57,cs.CL,"ActObs retains more entropy during RL while requiring less policy movement, leaving the final policy closer to its SFT initialization.",negation,5,"It is not the case that actObs retains more entropy during RL while requiring less policy movement, leaving the final policy closer to its SFT initialization.",prepended denial,0.821312427520752,73.52923728444685
58,cs.CL,"Joint supervision prevents this one-sided specialization, preserving consequence prediction and preparing the policy for downstream exploration.",identical,0,"Joint supervision prevents this one-sided specialization, preserving consequence prediction and preparing the policy for downstream exploration.",unchanged,1.0,100.00000000000004
58,cs.CL,"Joint supervision prevents this one-sided specialization, preserving consequence prediction and preparing the policy for downstream exploration.",synonym,1,"Joint supervision prevents this one-sided specialization, preserving consequence prediction and preparing the insurance for downstream exploration.",policy -> insurance,0.8783349990844727,83.94327083733333
58,cs.CL,"Joint supervision prevents this one-sided specialization, preserving consequence prediction and preparing the policy for downstream exploration.",scramble,2,"this preserving specialization, one-sided for prediction prevents preparing the and Joint supervision downstream consequence policy",word order shuffled,0.37987053394317627,9.55389238170021
58,cs.CL,"Joint supervision prevents this one-sided specialization, preserving consequence prediction and preparing the policy for downstream exploration.",antonym,4,"separate supervision prevents this one-sided specialization, preserving consequence prediction and preparing the policy for downstream exploration.",Joint -> separate,0.8972771763801575,93.91044157537529
58,cs.CL,"Joint supervision prevents this one-sided specialization, preserving consequence prediction and preparing the policy for downstream exploration.",negation,5,"It is not the case that joint supervision prevents this one-sided specialization, preserving consequence prediction and preparing the policy for downstream exploration.",prepended denial,0.8317130208015442,68.7941939352187
59,cs.CL,Shown mode is the higher-load condition the doctrine is designed to measure.,identical,0,Shown mode is the higher-load condition the doctrine is designed to measure.,unchanged,1.0,100.00000000000004
59,cs.CL,Shown mode is the higher-load condition the doctrine is designed to measure.,synonym,1,Shown mode is the higher-load condition the philosophy is designed to measure.,doctrine -> philosophy,0.8942837715148926,76.11606003349888
59,cs.CL,Shown mode is the higher-load condition the doctrine is designed to measure.,scramble,2,is condition the is Shown designed higher-load doctrine to the mode,word order shuffled,0.34567952156066895,9.570436500358502
59,cs.CL,Shown mode is the higher-load condition the doctrine is designed to measure.,antonym,4,Shown mode is the higher-load condition the doctrine differ designed to measure.,is -> differ,0.8972111344337463,76.11606003349888
59,cs.CL,Shown mode is the higher-load condition the doctrine is designed to measure.,negation,5,Shown mode is not the higher-load condition the doctrine is designed to measure.,inserted 'not' after 'is',0.8107242584228516,78.25422900366438
60,cs.CL,The claim is that LLMs fail along this axis in a specific direction.,identical,0,The claim is that LLMs fail along this axis in a specific direction.,unchanged,1.0,100.00000000000004
60,cs.CL,The claim is that LLMs fail along this axis in a specific direction.,synonym,1,The claim is that LLMs fail along this bloc in a specific direction.,axis -> bloc,0.8272144198417664,78.25422900366438
60,cs.CL,The claim is that LLMs fail along this axis in a specific direction.,scramble,2,along in a is claim LLMs that The fail axis specific this,word order shuffled,0.20324788987636566,8.972971553870876
60,cs.CL,The claim is that LLMs fail along this axis in a specific direction.,antonym,4,The claim differ that LLMs fail along this axis in a specific direction.,is -> differ,0.8823253512382507,80.91067115702207
60,cs.CL,The claim is that LLMs fail along this axis in a specific direction.,negation,5,The claim is not that LLMs fail along this axis in a specific direction.,inserted 'not' after 'is',0.8732727766036987,80.03203203845001
61,cs.CL,"Large language models are increasingly used in healthcare communication, yet most evaluations emphasize response quality while assuming that the user's concern has been interpreted correctly.",identical,0,"Large language models are increasingly used in healthcare communication, yet most evaluations emphasize response quality while assuming that the user's concern has been interpreted correctly.",unchanged,1.0000014305114746,100.00000000000004
61,cs.CL,"Large language models are increasingly used in healthcare communication, yet most evaluations emphasize response quality while assuming that the user's concern has been interpreted correctly.",synonym,1,"Large language models be increasingly used in healthcare communication, yet most evaluations emphasize response quality while assuming that the user's concern has been interpreted correctly.",are -> be,0.9563336372375488,89.85396083419644
61,cs.CL,"Large language models are increasingly used in healthcare communication, yet most evaluations emphasize response quality while assuming that the user's concern has been interpreted correctly.",scramble,2,"assuming while in language communication, the that healthcare response evaluations interpreted user's increasingly are used Large has been most concern yet quality models emphasize",word order shuffled,0.27145901322364807,6.218004098675045
61,cs.CL,"Large language models are increasingly used in healthcare communication, yet most evaluations emphasize response quality while assuming that the user's concern has been interpreted correctly.",antonym,4,"Large language models are increasingly used in healthcare communication, yet most evaluations emphasize response quality while assuming that the user's concern has differ interpreted correctly.",been -> differ,0.9177626967430115,89.85396083419644
61,cs.CL,"Large language models are increasingly used in healthcare communication, yet most evaluations emphasize response quality while assuming that the user's concern has been interpreted correctly.",negation,5,"Large language models are not increasingly used in healthcare communication, yet most evaluations emphasize response quality while assuming that the user's concern has been interpreted correctly.",inserted 'not' after 'are',0.9370485544204712,90.25139799587889
62,cs.CL,"We introduce HerHealthEval, a controlled evaluation framework for multilingual understanding of women's-health communication.",identical,0,"We introduce HerHealthEval, a controlled evaluation framework for multilingual understanding of women's-health communication.",unchanged,1.0,100.00000000000004
62,cs.CL,"We introduce HerHealthEval, a controlled evaluation framework for multilingual understanding of women's-health communication.",synonym,1,"We introduce HerHealthEval, a controlled evaluation framework for multilingual apprehension of women's-health communication.",understanding -> apprehension,0.8694766163825989,80.03203203845001
62,cs.CL,"We introduce HerHealthEval, a controlled evaluation framework for multilingual understanding of women's-health communication.",scramble,2,"multilingual a controlled HerHealthEval, for understanding evaluation women's-health We introduce framework of",word order shuffled,0.5796757936477661,11.13140023880574
62,cs.CL,"We introduce HerHealthEval, a controlled evaluation framework for multilingual understanding of women's-health communication.",antonym,4,"We introduce HerHealthEval, a controlled evaluation framework for monolingual understanding of women's-health communication.",multilingual -> monolingual,0.9165082573890686,80.03203203845001
62,cs.CL,"We introduce HerHealthEval, a controlled evaluation framework for multilingual understanding of women's-health communication.",negation,5,"It is not the case that we introduce HerHealthEval, a controlled evaluation framework for multilingual understanding of women's-health communication.",prepended denial,0.8423756957054138,63.950284469035694
63,cs.CL,"For each clinical case, HerHealthEval provides matched versions in English, French, and Modern Standard Arabic using six communicative forms: canonical, clinical, layperson, indirect or hedged, emotionally concerned, and deliberately under-specified.",identical,0,"For each clinical case, HerHealthEval provides matched versions in English, French, and Modern Standard Arabic using six communicative forms: canonical, clinical, layperson, indirect or hedged, emotionally concerned, and deliberately under-specified.",unchanged,1.0,100.00000000000004
63,cs.CL,"For each clinical case, HerHealthEval provides matched versions in English, French, and Modern Standard Arabic using six communicative forms: canonical, clinical, layperson, indirect or hedged, emotionally concerned, and deliberately under-specified.",synonym,1,"For each clinical case, HerHealthEval provides matched version in English, French, and Modern Standard Arabic using six communicative forms: canonical, clinical, layperson, indirect or hedged, emotionally concerned, and deliberately under-specified.",versions -> version,0.9739638566970825,93.36510695862633
63,cs.CL,"For each clinical case, HerHealthEval provides matched versions in English, French, and Modern Standard Arabic using six communicative forms: canonical, clinical, layperson, indirect or hedged, emotionally concerned, and deliberately under-specified.",scramble,2,"hedged, indirect HerHealthEval deliberately forms: matched French, using or clinical, Standard clinical canonical, emotionally concerned, case, versions communicative Arabic and For provides in English, layperson, each six Modern and",word order shuffled,0.16803446412086487,17.662262503963767
63,cs.CL,"For each clinical case, HerHealthEval provides matched versions in English, French, and Modern Standard Arabic using six communicative forms: canonical, clinical, layperson, indirect or hedged, emotionally concerned, and deliberately under-specified.",antonym,4,"For each clinical case, HerHealthEval provides matched versions in English, French, and Modern Standard Arabic using six uncommunicative forms: canonical, clinical, layperson, indirect or hedged, emotionally concerned, and deliberately under-specified.",communicative -> uncommunicative,0.9498845338821411,93.36510695862633
63,cs.CL,"For each clinical case, HerHealthEval provides matched versions in English, French, and Modern Standard Arabic using six communicative forms: canonical, clinical, layperson, indirect or hedged, emotionally concerned, and deliberately under-specified.",negation,5,"It is not the case that for each clinical case, HerHealthEval provides matched versions in English, French, and Modern Standard Arabic using six communicative forms: canonical, clinical, layperson, indirect or hedged, emotionally concerned, and deliberately under-specified.",prepended denial,0.8899826407432556,84.25879380217197
64,cs.CL,"We evaluate a multilingual instruction model and QLoRA-adapted variants on concern classification, risk calibration, clarification behavior, parse compliance, and cross-form consistency.",identical,0,"We evaluate a multilingual instruction model and QLoRA-adapted variants on concern classification, risk calibration, clarification behavior, parse compliance, and cross-form consistency.",unchanged,1.0,100.00000000000004
64,cs.CL,"We evaluate a multilingual instruction model and QLoRA-adapted variants on concern classification, risk calibration, clarification behavior, parse compliance, and cross-form consistency.",synonym,1,"We evaluate a multilingual instruction model and QLoRA-adapted variants on concern classification, hazard calibration, clarification behavior, parse compliance, and cross-form consistency.",risk -> hazard,0.9802310466766357,89.42255541978513
64,cs.CL,"We evaluate a multilingual instruction model and QLoRA-adapted variants on concern classification, risk calibration, clarification behavior, parse compliance, and cross-form consistency.",scramble,2,"classification, multilingual evaluate clarification on cross-form a and behavior, model compliance, We variants risk concern QLoRA-adapted parse and calibration, instruction",word order shuffled,0.3212442398071289,7.6200679026063725
64,cs.CL,"We evaluate a multilingual instruction model and QLoRA-adapted variants on concern classification, risk calibration, clarification behavior, parse compliance, and cross-form consistency.",antonym,4,"We evaluate a monolingual instruction model and QLoRA-adapted variants on concern classification, risk calibration, clarification behavior, parse compliance, and cross-form consistency.",multilingual -> monolingual,0.9458016753196716,89.42255541978513
64,cs.CL,"We evaluate a multilingual instruction model and QLoRA-adapted variants on concern classification, risk calibration, clarification behavior, parse compliance, and cross-form consistency.",negation,5,"It is not the case that we evaluate a multilingual instruction model and QLoRA-adapted variants on concern classification, risk calibration, clarification behavior, parse compliance, and cross-form consistency.",prepended denial,0.8536012768745422,77.01365065543355
65,cs.CL,Results reveal that aggregate accuracy and consistency can conceal safety-relevant failures.,identical,0,Results reveal that aggregate accuracy and consistency can conceal safety-relevant failures.,unchanged,1.0,100.00000000000004
65,cs.CL,Results reveal that aggregate accuracy and consistency can conceal safety-relevant failures.,synonym,1,consequence reveal that aggregate accuracy and consistency can conceal safety-relevant failures.,Results -> consequence,0.8310660123825073,90.36020036098445
65,cs.CL,Results reveal that aggregate accuracy and consistency can conceal safety-relevant failures.,scramble,2,conceal that aggregate can reveal consistency accuracy safety-relevant Results and,word order shuffled,0.387503445148468,10.274506536150966
65,cs.CL,Results reveal that aggregate accuracy and consistency can conceal safety-relevant failures.,antonym,4,Results reveal that aggregate accuracy and consistency can show safety-relevant failures.,conceal -> show,0.8898276090621948,73.48889200874659
65,cs.CL,Results reveal that aggregate accuracy and consistency can conceal safety-relevant failures.,negation,5,Results reveal that aggregate accuracy and consistency can not conceal safety-relevant failures.,inserted 'not' after 'can',0.9352216124534607,76.11606003349888
66,cs.CL,A multilingual adaptation model reaches 0.994 under-triage in French and Arabic under language-asymmetric risk supervision.,identical,0,A multilingual adaptation model reaches 0.994 under-triage in French and Arabic under language-asymmetric risk supervision.,unchanged,1.0000007152557373,100.00000000000004
66,cs.CL,A multilingual adaptation model reaches 0.994 under-triage in French and Arabic under language-asymmetric risk supervision.,synonym,1,A multilingual adaptation model reaches 0.994 under-triage in Gallic and Arabic under language-asymmetric risk supervision.,French -> Gallic,0.9439376592636108,81.53551038173119
66,cs.CL,A multilingual adaptation model reaches 0.994 under-triage in French and Arabic under language-asymmetric risk supervision.,scramble,2,A model in reaches French and adaptation language-asymmetric risk under-triage Arabic under 0.994 multilingual,word order shuffled,0.514035701751709,10.539898466063816
66,cs.CL,A multilingual adaptation model reaches 0.994 under-triage in French and Arabic under language-asymmetric risk supervision.,number_swap,3,A multilingual adaptation model reaches 25.994 under-triage in French and Arabic under language-asymmetric risk supervision.,0.994 -> 25.994,0.9342762231826782,81.53551038173119
66,cs.CL,A multilingual adaptation model reaches 0.994 under-triage in French and Arabic under language-asymmetric risk supervision.,antonym,4,A monolingual adaptation model reaches 0.994 under-triage in French and Arabic under language-asymmetric risk supervision.,multilingual -> monolingual,0.9297539591789246,87.61560783209455
66,cs.CL,A multilingual adaptation model reaches 0.994 under-triage in French and Arabic under language-asymmetric risk supervision.,negation,5,It is not the case that a multilingual adaptation model reaches 0.994 under-triage in French and Arabic under language-asymmetric risk supervision.,prepended denial,0.8591668009757996,65.7248464608846
67,cs.CL,"A controlled re-adaptation using source-derived, language-invariant risk labels reduces under-triage to 0.572 and 0.558, respectively.",identical,0,"A controlled re-adaptation using source-derived, language-invariant risk labels reduces under-triage to 0.572 and 0.558, respectively.",unchanged,1.0,100.00000000000004
67,cs.CL,"A controlled re-adaptation using source-derived, language-invariant risk labels reduces under-triage to 0.572 and 0.558, respectively.",synonym,1,"A controlled re-adaptation use source-derived, language-invariant risk labels reduces under-triage to 0.572 and 0.558, respectively.",using -> use,0.9381316900253296,83.94327083733333
67,cs.CL,"A controlled re-adaptation using source-derived, language-invariant risk labels reduces under-triage to 0.572 and 0.558, respectively.",scramble,2,"under-triage source-derived, risk and A 0.558, to reduces 0.572 using controlled language-invariant re-adaptation labels",word order shuffled,0.4647057056427002,8.632916298377145
67,cs.CL,"A controlled re-adaptation using source-derived, language-invariant risk labels reduces under-triage to 0.572 and 0.558, respectively.",number_swap,3,"A controlled re-adaptation using source-derived, language-invariant risk labels reduces under-triage to 11.572 and 0.558, respectively.",0.572 -> 11.572,0.9400264024734497,83.94327083733333
67,cs.CL,"A controlled re-adaptation using source-derived, language-invariant risk labels reduces under-triage to 0.572 and 0.558, respectively.",antonym,4,"A controlled re-adaptation using source-derived, language-invariant risk labels oxidize under-triage to 0.572 and 0.558, respectively.",reduces -> oxidize,0.9144924283027649,83.94327083733333
67,cs.CL,"A controlled re-adaptation using source-derived, language-invariant risk labels reduces under-triage to 0.572 and 0.558, respectively.",negation,5,"It is not the case that a controlled re-adaptation using source-derived, language-invariant risk labels reduces under-triage to 0.572 and 0.558, respectively.",prepended denial,0.8559901118278503,68.7941939352187
68,cs.CL,"These findings show that robust multilingual healthcare evaluation requires explicit testing of register variation, uncertainty handling, and the provenance and invariance of adaptation labels.",identical,0,"These findings show that robust multilingual healthcare evaluation requires explicit testing of register variation, uncertainty handling, and the provenance and invariance of adaptation labels.",unchanged,0.9999996423721313,100.00000000000004
68,cs.CL,"These findings show that robust multilingual healthcare evaluation requires explicit testing of register variation, uncertainty handling, and the provenance and invariance of adaptation labels.",synonym,1,"These findings show that robust multilingual healthcare evaluation requires explicit testing of register variation, uncertainness handling, and the provenance and invariance of adaptation labels.",uncertainty -> uncertainness,0.9594842195510864,89.85396083419644
68,cs.CL,"These findings show that robust multilingual healthcare evaluation requires explicit testing of register variation, uncertainty handling, and the provenance and invariance of adaptation labels.",scramble,2,"of and and register robust uncertainty evaluation requires that provenance findings of invariance healthcare explicit multilingual variation, These handling, testing adaptation the show",word order shuffled,0.2529639005661011,6.881352712626167
68,cs.CL,"These findings show that robust multilingual healthcare evaluation requires explicit testing of register variation, uncertainty handling, and the provenance and invariance of adaptation labels.",antonym,4,"These findings show that robust multilingual healthcare evaluation obviate explicit testing of register variation, uncertainty handling, and the provenance and invariance of adaptation labels.",requires -> obviate,0.8674123883247375,89.85396083419644
68,cs.CL,"These findings show that robust multilingual healthcare evaluation requires explicit testing of register variation, uncertainty handling, and the provenance and invariance of adaptation labels.",negation,5,"It is not the case that these findings show that robust multilingual healthcare evaluation requires explicit testing of register variation, uncertainty handling, and the provenance and invariance of adaptation labels.",prepended denial,0.8544425368309021,77.74570245775203
69,cs.CL,"Allen's interval algebra is a qualitative calculus for temporal relations, but its thirteen base relations are crisp predicates over exact interval boundaries.",identical,0,"Allen's interval algebra is a qualitative calculus for temporal relations, but its thirteen base relations are crisp predicates over exact interval boundaries.",unchanged,1.0,100.00000000000004
69,cs.CL,"Allen's interval algebra is a qualitative calculus for temporal relations, but its thirteen base relations are crisp predicates over exact interval boundaries.",synonym,1,"Allen's interval algebra is a qualitative calculus for temporal relations, but its thirteen base relations are crisp predicate over exact interval boundaries.",predicates -> predicate,0.92897629737854,88.43865924896839
69,cs.CL,"Allen's interval algebra is a qualitative calculus for temporal relations, but its thirteen base relations are crisp predicates over exact interval boundaries.",scramble,2,"crisp base thirteen are is a calculus qualitative over interval but its algebra Allen's relations, predicates for interval exact relations temporal",word order shuffled,0.40114960074424744,7.560069318136687
69,cs.CL,"Allen's interval algebra is a qualitative calculus for temporal relations, but its thirteen base relations are crisp predicates over exact interval boundaries.",antonym,4,"Allen's interval algebra is a quantitative calculus for temporal relations, but its thirteen base relations are crisp predicates over exact interval boundaries.",qualitative -> quantitative,0.9799584150314331,88.43865924896839
69,cs.CL,"Allen's interval algebra is a qualitative calculus for temporal relations, but its thirteen base relations are crisp predicates over exact interval boundaries.",negation,5,"Allen's interval algebra is not a qualitative calculus for temporal relations, but its thirteen base relations are crisp predicates over exact interval boundaries.",inserted 'not' after 'is',0.9317468404769897,88.95260356363632
70,cs.CL,We develop the probabilistic Allen algebra (PAA): a generative and complete extension in which relation probabilities are derived from distributions over interval boundaries rather than assigned as scores.,identical,0,We develop the probabilistic Allen algebra (PAA): a generative and complete extension in which relation probabilities are derived from distributions over interval boundaries rather than assigned as scores.,unchanged,0.9999996423721313,100.00000000000004
70,cs.CL,We develop the probabilistic Allen algebra (PAA): a generative and complete extension in which relation probabilities are derived from distributions over interval boundaries rather than assigned as scores.,synonym,1,We develop the probabilistic Allen algebra (PAA): a generative and complete extension in which relation probability are derived from distributions over interval boundaries rather than assigned as scores.,probabilities -> probability,0.9461774230003357,91.57103753711765
70,cs.CL,We develop the probabilistic Allen algebra (PAA): a generative and complete extension in which relation probabilities are derived from distributions over interval boundaries rather than assigned as scores.,scramble,2,generative relation algebra probabilities distributions the develop We are in derived a complete (PAA): assigned which extension and over boundaries interval probabilistic rather than from as Allen,word order shuffled,0.1367948204278946,12.929733779421076
70,cs.CL,We develop the probabilistic Allen algebra (PAA): a generative and complete extension in which relation probabilities are derived from distributions over interval boundaries rather than assigned as scores.,antonym,4,We develop the probabilistic Allen algebra (PAA): a generative and complete extension in which relation probabilities differ derived from distributions over interval boundaries rather than assigned as scores.,are -> differ,0.9290080666542053,91.57103753711765
70,cs.CL,We develop the probabilistic Allen algebra (PAA): a generative and complete extension in which relation probabilities are derived from distributions over interval boundaries rather than assigned as scores.,negation,5,We develop the probabilistic Allen algebra (PAA): a generative and complete extension in which relation probabilities are not derived from distributions over interval boundaries rather than assigned as scores.,inserted 'not' after 'are',0.9537855982780457,91.84678024441791
71,cs.CL,Time points are Gaussian; intervals have Gaussian midpoints and truncated-Gaussian durations.,identical,0,Time points are Gaussian; intervals have Gaussian midpoints and truncated-Gaussian durations.,unchanged,1.0,100.00000000000004
71,cs.CL,Time points are Gaussian; intervals have Gaussian midpoints and truncated-Gaussian durations.,synonym,1,Time points are Gaussian; interval have Gaussian midpoints and truncated-Gaussian durations.,intervals -> interval,0.9473053812980652,76.11606003349888
71,cs.CL,Time points are Gaussian; intervals have Gaussian midpoints and truncated-Gaussian durations.,scramble,2,midpoints are Gaussian; Time have and truncated-Gaussian Gaussian intervals points,word order shuffled,0.5251352190971375,17.812589421923427
71,cs.CL,Time points are Gaussian; intervals have Gaussian midpoints and truncated-Gaussian durations.,antonym,4,Time points are Gaussian; intervals lack Gaussian midpoints and truncated-Gaussian durations.,have -> lack,0.8574143648147583,76.11606003349888
71,cs.CL,Time points are Gaussian; intervals have Gaussian midpoints and truncated-Gaussian durations.,negation,5,Time points are not Gaussian; intervals have Gaussian midpoints and truncated-Gaussian durations.,inserted 'not' after 'are',0.9163864254951477,78.25422900366438
72,cs.CL,Each relation further decomposes into correlation-aware temporal primitives in the spirit of CIDOC CRM.,identical,0,Each relation further decomposes into correlation-aware temporal primitives in the spirit of CIDOC CRM.,unchanged,0.9999996423721313,100.00000000000004
72,cs.CL,Each relation further decomposes into correlation-aware temporal primitives in the spirit of CIDOC CRM.,synonym,1,Each relation further decomposes into correlation-aware temporal primitives in the tone of CIDOC CRM.,spirit -> tone,0.8296830654144287,80.03203203845001
72,cs.CL,Each relation further decomposes into correlation-aware temporal primitives in the spirit of CIDOC CRM.,scramble,2,decomposes relation primitives of Each temporal CIDOC into further spirit correlation-aware in the,word order shuffled,0.3228207528591156,8.458035132715262
72,cs.CL,Each relation further decomposes into correlation-aware temporal primitives in the spirit of CIDOC CRM.,antonym,4,Each relation further decomposes into correlation-aware unworldly primitives in the spirit of CIDOC CRM.,temporal -> unworldly,0.8568567633628845,80.03203203845001
72,cs.CL,Each relation further decomposes into correlation-aware temporal primitives in the spirit of CIDOC CRM.,negation,5,It is not the case that each relation further decomposes into correlation-aware temporal primitives in the spirit of CIDOC CRM.,prepended denial,0.8396503329277039,63.950284469035694
73,cs.CL,"The algebra is scale-invariant and separates graded expressions such as ""shortly before"" from contact relations.",identical,0,"The algebra is scale-invariant and separates graded expressions such as ""shortly before"" from contact relations.",unchanged,0.9999992847442627,100.00000000000004
73,cs.CL,"The algebra is scale-invariant and separates graded expressions such as ""shortly before"" from contact relations.",synonym,1,"The algebra is scale-invariant and separates rate expressions such as ""shortly before"" from contact relations.",graded -> rate,0.9198336601257324,83.94327083733333
73,cs.CL,"The algebra is scale-invariant and separates graded expressions such as ""shortly before"" from contact relations.",scramble,2,"""shortly algebra before"" is separates The as graded such from contact scale-invariant and expressions",word order shuffled,0.3600715696811676,10.266325485253054
73,cs.CL,"The algebra is scale-invariant and separates graded expressions such as ""shortly before"" from contact relations.",antonym,4,"The algebra differ scale-invariant and separates graded expressions such as ""shortly before"" from contact relations.",is -> differ,0.8603915572166443,85.78928092681431
73,cs.CL,"The algebra is scale-invariant and separates graded expressions such as ""shortly before"" from contact relations.",negation,5,"The algebra is not scale-invariant and separates graded expressions such as ""shortly before"" from contact relations.",inserted 'not' after 'is',0.9474145174026489,84.92326635760686
74,cs.CL,"All results are Monte-Carlo validated and shipped as an open, tested Python package.",identical,0,"All results are Monte-Carlo validated and shipped as an open, tested Python package.",unchanged,1.0,100.00000000000004
74,cs.CL,"All results are Monte-Carlo validated and shipped as an open, tested Python package.",synonym,1,"All results be Monte-Carlo validated and shipped as an open, tested Python package.",are -> be,0.8703736662864685,82.42367502646057
74,cs.CL,"All results are Monte-Carlo validated and shipped as an open, tested Python package.",scramble,2,"an validated open, as results and are Monte-Carlo All tested Python shipped",word order shuffled,0.3690051734447479,11.13140023880574
74,cs.CL,"All results are Monte-Carlo validated and shipped as an open, tested Python package.",antonym,4,"All results are Monte-Carlo validated and disembark as an open, tested Python package.",shipped -> disembark,0.8414624333381653,80.03203203845001
74,cs.CL,"All results are Monte-Carlo validated and shipped as an open, tested Python package.",negation,5,"All results are not Monte-Carlo validated and shipped as an open, tested Python package.",inserted 'not' after 'are',0.9019767045974731,81.53551038173119
75,cs.CL,Search advertising connects user intent with commercial content and plays a critical role in platform monetization.,identical,0,Search advertising connects user intent with commercial content and plays a critical role in platform monetization.,unchanged,1.0,100.00000000000004
75,cs.CL,Search advertising connects user intent with commercial content and plays a critical role in platform monetization.,synonym,1,Search advertising connects user intent with commercial content and plays a critical role in program monetization.,platform -> program,0.9300866723060608,84.82198619370465
75,cs.CL,Search advertising connects user intent with commercial content and plays a critical role in platform monetization.,scramble,2,with commercial connects user in intent and platform advertising role critical plays a Search content,word order shuffled,0.3888112008571625,10.018177623221181
75,cs.CL,Search advertising connects user intent with commercial content and plays a critical role in platform monetization.,antonym,4,Search advertising connects user intent with commercial content and plays a uncritical role in platform monetization.,critical -> uncritical,0.8375182747840881,82.82477531331043
75,cs.CL,Search advertising connects user intent with commercial content and plays a critical role in platform monetization.,negation,5,It is not the case that search advertising connects user intent with commercial content and plays a critical role in platform monetization.,prepended denial,0.8104212284088135,67.331874553513
76,cs.CL,"Recent systems typically align pretrained generative models with a single business reward, such as eCPM, or use naive reward fusion for preliminary multi-objective alignment.",identical,0,"Recent systems typically align pretrained generative models with a single business reward, such as eCPM, or use naive reward fusion for preliminary multi-objective alignment.",unchanged,0.9999996423721313,100.00000000000004
76,cs.CL,"Recent systems typically align pretrained generative models with a single business reward, such as eCPM, or use naive reward fusion for preliminary multi-objective alignment.",synonym,1,"Recent systems typically align pretrained generative models with a single business reward, such as eCPM, or use naive wages fusion for preliminary multi-objective alignment.",reward -> wages,0.9092539548873901,89.85396083419644
76,cs.CL,"Recent systems typically align pretrained generative models with a single business reward, such as eCPM, or use naive reward fusion for preliminary multi-objective alignment.",scramble,2,"pretrained with single for reward typically generative eCPM, fusion or use align a as multi-objective business preliminary reward, models naive systems Recent such",word order shuffled,0.31937354803085327,6.881352712626167
76,cs.CL,"Recent systems typically align pretrained generative models with a single business reward, such as eCPM, or use naive reward fusion for preliminary multi-objective alignment.",antonym,4,"Recent systems typically skew pretrained generative models with a single business reward, such as eCPM, or use naive reward fusion for preliminary multi-objective alignment.",align -> skew,0.9308727979660034,89.85396083419644
76,cs.CL,"Recent systems typically align pretrained generative models with a single business reward, such as eCPM, or use naive reward fusion for preliminary multi-objective alignment.",negation,5,"It is not the case that recent systems typically align pretrained generative models with a single business reward, such as eCPM, or use naive reward fusion for preliminary multi-objective alignment.",prepended denial,0.8763329386711121,77.74570245775203
77,cs.CL,"UniPolicy combines objective-specific prefix tokens, sparse MoE-LoRA routing, and objective-specific residual FFNs to hierarchically decouple parameters within a shared backbone, providing differentiated parameter and policy-expression spaces for different business objectives.",identical,0,"UniPolicy combines objective-specific prefix tokens, sparse MoE-LoRA routing, and objective-specific residual FFNs to hierarchically decouple parameters within a shared backbone, providing differentiated parameter and policy-expression spaces for different business objectives.",unchanged,1.0,100.00000000000004
77,cs.CL,"UniPolicy combines objective-specific prefix tokens, sparse MoE-LoRA routing, and objective-specific residual FFNs to hierarchically decouple parameters within a shared backbone, providing differentiated parameter and policy-expression spaces for different business objectives.",synonym,1,"UniPolicy combines objective-specific prefix tokens, sparse MoE-LoRA routing, and objective-specific residual FFNs to hierarchically decouple parameters within a shared backbone, providing differentiated parameter and policy-expression space for different business objectives.",spaces -> space,0.9930010437965393,92.10500207490826
77,cs.CL,"UniPolicy combines objective-specific prefix tokens, sparse MoE-LoRA routing, and objective-specific residual FFNs to hierarchically decouple parameters within a shared backbone, providing differentiated parameter and policy-expression spaces for different business objectives.",scramble,2,"routing, residual and within sparse backbone, to different spaces combines policy-expression objective-specific FFNs decouple shared for business hierarchically objective-specific UniPolicy providing differentiated MoE-LoRA tokens, parameter parameters and a prefix",word order shuffled,0.37010666728019714,6.1642303490192365
77,cs.CL,"UniPolicy combines objective-specific prefix tokens, sparse MoE-LoRA routing, and objective-specific residual FFNs to hierarchically decouple parameters within a shared backbone, providing differentiated parameter and policy-expression spaces for different business objectives.",antonym,4,"UniPolicy combines objective-specific prefix tokens, sparse MoE-LoRA routing, and objective-specific residual FFNs to hierarchically decouple parameters within a shared backbone, providing differentiated parameter and policy-expression spaces for same business objectives.",different -> same,0.9656044840812683,92.10500207490826
77,cs.CL,"UniPolicy combines objective-specific prefix tokens, sparse MoE-LoRA routing, and objective-specific residual FFNs to hierarchically decouple parameters within a shared backbone, providing differentiated parameter and policy-expression spaces for different business objectives.",negation,5,"It is not the case that uniPolicy combines objective-specific prefix tokens, sparse MoE-LoRA routing, and objective-specific residual FFNs to hierarchically decouple parameters within a shared backbone, providing differentiated parameter and policy-expression spaces for different business objectives.",prepended denial,0.8969918489456177,81.8011175452639
78,cs.CL,"It further constructs pairwise preferences from multi-stage behavioral feedback, supplementing the relative preference information in exposed-but-unclicked samples and strengthening the relative advantage of clicked candidates in the generation distribution.",identical,0,"It further constructs pairwise preferences from multi-stage behavioral feedback, supplementing the relative preference information in exposed-but-unclicked samples and strengthening the relative advantage of clicked candidates in the generation distribution.",unchanged,1.0,100.00000000000004
78,cs.CL,"It further constructs pairwise preferences from multi-stage behavioral feedback, supplementing the relative preference information in exposed-but-unclicked samples and strengthening the relative advantage of clicked candidates in the generation distribution.",synonym,1,"It further constructs pairwise preference from multi-stage behavioral feedback, supplementing the relative preference information in exposed-but-unclicked samples and strengthening the relative advantage of clicked candidates in the generation distribution.",preferences -> preference,0.9924235939979553,91.27592114472296
78,cs.CL,"It further constructs pairwise preferences from multi-stage behavioral feedback, supplementing the relative preference information in exposed-but-unclicked samples and strengthening the relative advantage of clicked candidates in the generation distribution.",scramble,2,"exposed-but-unclicked relative preferences samples It and advantage supplementing further candidates of multi-stage behavioral information in strengthening the in generation preference pairwise from the relative constructs clicked feedback, the",word order shuffled,0.29648828506469727,7.008819488100678
78,cs.CL,"It further constructs pairwise preferences from multi-stage behavioral feedback, supplementing the relative preference information in exposed-but-unclicked samples and strengthening the relative advantage of clicked candidates in the generation distribution.",antonym,4,"It further constructs pairwise preferences from multi-stage behavioral feedback, supplementing the relative preference information in exposed-but-unclicked samples and strengthening the absolute advantage of clicked candidates in the generation distribution.",relative -> absolute,0.965049684047699,91.27592114472296
78,cs.CL,"It further constructs pairwise preferences from multi-stage behavioral feedback, supplementing the relative preference information in exposed-but-unclicked samples and strengthening the relative advantage of clicked candidates in the generation distribution.",negation,5,"It is not the case that it further constructs pairwise preferences from multi-stage behavioral feedback, supplementing the relative preference information in exposed-but-unclicked samples and strengthening the relative advantage of clicked candidates in the generation distribution.",prepended denial,0.8730036616325378,80.92031696829528
79,cs.CL,"At inference, UniPolicy supports parallel, business-customizable multi-policy beam search, flexibly allocating candidate quotas across objectives under a fixed retrieval budget.",identical,0,"At inference, UniPolicy supports parallel, business-customizable multi-policy beam search, flexibly allocating candidate quotas across objectives under a fixed retrieval budget.",unchanged,1.0,100.00000000000004
79,cs.CL,"At inference, UniPolicy supports parallel, business-customizable multi-policy beam search, flexibly allocating candidate quotas across objectives under a fixed retrieval budget.",synonym,1,"At inference, UniPolicy supports parallel, business-customizable multi-policy beam search, flexibly allocating candidate quotas across objectives under a set retrieval budget.",fixed -> set,0.9655476212501526,88.43865924896839
79,cs.CL,"At inference, UniPolicy supports parallel, business-customizable multi-policy beam search, flexibly allocating candidate quotas across objectives under a fixed retrieval budget.",scramble,2,"across retrieval objectives a quotas inference, fixed flexibly multi-policy candidate supports search, At parallel, business-customizable beam allocating under UniPolicy",word order shuffled,0.3657613694667816,11.48882090783992
79,cs.CL,"At inference, UniPolicy supports parallel, business-customizable multi-policy beam search, flexibly allocating candidate quotas across objectives under a fixed retrieval budget.",antonym,4,"At inference, UniPolicy supports parallel, business-customizable multi-policy beam search, flexibly allocating candidate quotas across objectives under a unfixed retrieval budget.",fixed -> unfixed,0.9229234457015991,88.43865924896839
79,cs.CL,"At inference, UniPolicy supports parallel, business-customizable multi-policy beam search, flexibly allocating candidate quotas across objectives under a fixed retrieval budget.",negation,5,"It is not the case that at inference, UniPolicy supports parallel, business-customizable multi-policy beam search, flexibly allocating candidate quotas across objectives under a fixed retrieval budget.",prepended denial,0.8500279784202576,75.39450423083841
80,cs.CL,"Large-scale offline experiments show that UniPolicy delivers balanced improvements across multiple metrics while preserving retrieval quality, outperforming single-objective reinforcement learning and naive reward-fusion baselines.",identical,0,"Large-scale offline experiments show that UniPolicy delivers balanced improvements across multiple metrics while preserving retrieval quality, outperforming single-objective reinforcement learning and naive reward-fusion baselines.",unchanged,1.0000007152557373,100.00000000000004
80,cs.CL,"Large-scale offline experiments show that UniPolicy delivers balanced improvements across multiple metrics while preserving retrieval quality, outperforming single-objective reinforcement learning and naive reward-fusion baselines.",synonym,1,"Large-scale offline experiments show that UniPolicy delivers balanced improvements across multiple metrics while preserving retrieval quality, outperforming single-objective reinforcement learning and naif reward-fusion baselines.",naive -> naif,0.947371780872345,89.42255541978513
80,cs.CL,"Large-scale offline experiments show that UniPolicy delivers balanced improvements across multiple metrics while preserving retrieval quality, outperforming single-objective reinforcement learning and naive reward-fusion baselines.",scramble,2,"reinforcement UniPolicy improvements naive while retrieval learning quality, that offline delivers preserving balanced experiments reward-fusion show and outperforming single-objective across metrics multiple Large-scale",word order shuffled,0.2758961319923401,6.40768778329159
80,cs.CL,"Large-scale offline experiments show that UniPolicy delivers balanced improvements across multiple metrics while preserving retrieval quality, outperforming single-objective reinforcement learning and naive reward-fusion baselines.",antonym,4,"Large-scale offline experiments show that UniPolicy delivers unbalance improvements across multiple metrics while preserving retrieval quality, outperforming single-objective reinforcement learning and naive reward-fusion baselines.",balanced -> unbalance,0.95536208152771,89.42255541978513
80,cs.CL,"Large-scale offline experiments show that UniPolicy delivers balanced improvements across multiple metrics while preserving retrieval quality, outperforming single-objective reinforcement learning and naive reward-fusion baselines.",negation,5,"It is not the case that large-scale offline experiments show that UniPolicy delivers balanced improvements across multiple metrics while preserving retrieval quality, outperforming single-objective reinforcement learning and naive reward-fusion baselines.",prepended denial,0.8665114641189575,77.01365065543355
81,cs.CL,"In a 7-day online A/B test on a real search advertising system, UniPolicy improves CTR by 0.71%, RPS by 1.58%, and advertising revenue by 1.32%, while maintaining stable serving latency.",identical,0,"In a 7-day online A/B test on a real search advertising system, UniPolicy improves CTR by 0.71%, RPS by 1.58%, and advertising revenue by 1.32%, while maintaining stable serving latency.",unchanged,1.0,100.00000000000004
81,cs.CL,"In a 7-day online A/B test on a real search advertising system, UniPolicy improves CTR by 0.71%, RPS by 1.58%, and advertising revenue by 1.32%, while maintaining stable serving latency.",synonym,1,"In a 7-day online A/B test on a existent search advertising system, UniPolicy improves CTR by 0.71%, RPS by 1.58%, and advertising revenue by 1.32%, while maintaining stable serving latency.",real -> existent,0.9237300753593445,93.70011451812971
81,cs.CL,"In a 7-day online A/B test on a real search advertising system, UniPolicy improves CTR by 0.71%, RPS by 1.58%, and advertising revenue by 1.32%, while maintaining stable serving latency.",scramble,2,"7-day improves CTR while In online by by serving a real maintaining UniPolicy a advertising advertising 0.71%, test A/B system, search 1.58%, stable 1.32%, on and RPS by revenue",word order shuffled,0.27509233355522156,15.11958270863643
81,cs.CL,"In a 7-day online A/B test on a real search advertising system, UniPolicy improves CTR by 0.71%, RPS by 1.58%, and advertising revenue by 1.32%, while maintaining stable serving latency.",antonym,4,"In a 7-day online A/B test on a real search advertising system, UniPolicy worsen CTR by 0.71%, RPS by 1.58%, and advertising revenue by 1.32%, while maintaining stable serving latency.",improves -> worsen,0.8812627196311951,93.70011451812971
81,cs.CL,"In a 7-day online A/B test on a real search advertising system, UniPolicy improves CTR by 0.71%, RPS by 1.58%, and advertising revenue by 1.32%, while maintaining stable serving latency.",negation,5,"It is not the case that in a 7-day online A/B test on a real search advertising system, UniPolicy improves CTR by 0.71%, RPS by 1.58%, and advertising revenue by 1.32%, while maintaining stable serving latency.",prepended denial,0.8889997601509094,84.9367526404302
82,cs.CL,"Record-and-replay makes a run reproducible, but existing agent tooling records runs only to trace or score them, not to test a code change against them.",identical,0,"Record-and-replay makes a run reproducible, but existing agent tooling records runs only to trace or score them, not to test a code change against them.",unchanged,1.0,100.00000000000004
82,cs.CL,"Record-and-replay makes a run reproducible, but existing agent tooling records runs only to trace or score them, not to test a code change against them.",synonym,1,"Record-and-replay makes a run reproducible, but existing agent tooling records runs only to trace or hit them, not to test a code change against them.",score -> hit,0.9367833137512207,90.25139799587889
82,cs.CL,"Record-and-replay makes a run reproducible, but existing agent tooling records runs only to trace or score them, not to test a code change against them.",scramble,2,"existing score a agent test to runs Record-and-replay not records only change or tooling reproducible, trace makes to run them, against but a code",word order shuffled,0.30465835332870483,6.685452038081999
82,cs.CL,"Record-and-replay makes a run reproducible, but existing agent tooling records runs only to trace or score them, not to test a code change against them.",antonym,4,"Record-and-replay makes a run reproducible, but existing agent tooling records malfunction only to trace or score them, not to test a code change against them.",runs -> malfunction,0.9090120792388916,90.25139799587889
82,cs.CL,"Record-and-replay makes a run reproducible, but existing agent tooling records runs only to trace or score them, not to test a code change against them.",negation,5,"It is not the case that record-and-replay makes a run reproducible, but existing agent tooling records runs only to trace or score them, not to test a code change against them.",prepended denial,0.8586713075637817,78.43248197482684
83,cs.CL,"We present Chronicle, which records an agent run at its non-deterministic boundaries as immutable envelopes and replays it from the record.",identical,0,"We present Chronicle, which records an agent run at its non-deterministic boundaries as immutable envelopes and replays it from the record.",unchanged,0.9999996423721313,100.00000000000004
83,cs.CL,"We present Chronicle, which records an agent run at its non-deterministic boundaries as immutable envelopes and replays it from the record.",synonym,1,"We show Chronicle, which records an agent run at its non-deterministic boundaries as immutable envelopes and replays it from the record.",present -> show,0.9612358808517456,91.73176373893106
83,cs.CL,"We present Chronicle, which records an agent run at its non-deterministic boundaries as immutable envelopes and replays it from the record.",scramble,2,"and its agent the Chronicle, from replays run an immutable We envelopes boundaries at records it which as non-deterministic present",word order shuffled,0.2871439754962921,5.944318875981013
83,cs.CL,"We present Chronicle, which records an agent run at its non-deterministic boundaries as immutable envelopes and replays it from the record.",antonym,4,"We present Chronicle, which erase an agent run at its non-deterministic boundaries as immutable envelopes and replays it from the record.",records -> erase,0.8554200530052185,87.87419089273847
83,cs.CL,"We present Chronicle, which records an agent run at its non-deterministic boundaries as immutable envelopes and replays it from the record.",negation,5,"It is not the case that we present Chronicle, which records an agent run at its non-deterministic boundaries as immutable envelopes and replays it from the record.",prepended denial,0.8580977320671082,74.49602631369359
84,cs.CL,On-policy self-distillation (OPSD) lets a language model learn from a frozen copy of itself that sees an answer or a worked solution.,identical,0,On-policy self-distillation (OPSD) lets a language model learn from a frozen copy of itself that sees an answer or a worked solution.,unchanged,0.9999992847442627,100.00000000000004
84,cs.CL,On-policy self-distillation (OPSD) lets a language model learn from a frozen copy of itself that sees an answer or a worked solution.,synonym,1,On-policy self-distillation (OPSD) lets a speech model learn from a frozen copy of itself that sees an answer or a worked solution.,language -> speech,0.9643369913101196,88.95260356363632
84,cs.CL,On-policy self-distillation (OPSD) lets a language model learn from a frozen copy of itself that sees an answer or a worked solution.,scramble,2,or a learn itself model that sees frozen from language self-distillation an a copy a (OPSD) worked answer lets of On-policy,word order shuffled,0.32246264815330505,11.119231405575432
84,cs.CL,On-policy self-distillation (OPSD) lets a language model learn from a frozen copy of itself that sees an answer or a worked solution.,antonym,4,On-policy self-distillation (OPSD) prevent a language model learn from a frozen copy of itself that sees an answer or a worked solution.,lets -> prevent,0.8738827109336853,88.95260356363632
84,cs.CL,On-policy self-distillation (OPSD) lets a language model learn from a frozen copy of itself that sees an answer or a worked solution.,negation,5,It is not the case that on-policy self-distillation (OPSD) lets a language model learn from a frozen copy of itself that sees an answer or a worked solution.,prepended denial,0.8628576993942261,76.23168491128143
85,cs.CL,"With a thinking-enabled teacher supervising direct-response rollouts, reference-free distillation accounts for much of Qwen3-1.7B's improvement under thinking-enabled evaluation, both in domain and on external benchmarks.",identical,0,"With a thinking-enabled teacher supervising direct-response rollouts, reference-free distillation accounts for much of Qwen3-1.7B's improvement under thinking-enabled evaluation, both in domain and on external benchmarks.",unchanged,1.0,100.00000000000004
85,cs.CL,"With a thinking-enabled teacher supervising direct-response rollouts, reference-free distillation accounts for much of Qwen3-1.7B's improvement under thinking-enabled evaluation, both in domain and on external benchmarks.",synonym,1,"With a thinking-enabled teacher oversee direct-response rollouts, reference-free distillation accounts for much of Qwen3-1.7B's improvement under thinking-enabled evaluation, both in domain and on external benchmarks.",supervising -> oversee,0.8681413531303406,90.9593063222022
85,cs.CL,"With a thinking-enabled teacher supervising direct-response rollouts, reference-free distillation accounts for much of Qwen3-1.7B's improvement under thinking-enabled evaluation, both in domain and on external benchmarks.",scramble,2,"of a Qwen3-1.7B's rollouts, supervising thinking-enabled With on and for direct-response reference-free both much under teacher distillation in accounts thinking-enabled external domain improvement evaluation,",word order shuffled,0.3889337480068207,9.61982528120714
85,cs.CL,"With a thinking-enabled teacher supervising direct-response rollouts, reference-free distillation accounts for much of Qwen3-1.7B's improvement under thinking-enabled evaluation, both in domain and on external benchmarks.",antonym,4,"With a thinking-enabled teacher supervising direct-response rollouts, reference-free distillation accounts for much of Qwen3-1.7B's improvement under thinking-enabled evaluation, both in domain and on internal benchmarks.",external -> internal,0.9819527268409729,91.9322715224919
85,cs.CL,"With a thinking-enabled teacher supervising direct-response rollouts, reference-free distillation accounts for much of Qwen3-1.7B's improvement under thinking-enabled evaluation, both in domain and on external benchmarks.",negation,5,"It is not the case that with a thinking-enabled teacher supervising direct-response rollouts, reference-free distillation accounts for much of Qwen3-1.7B's improvement under thinking-enabled evaluation, both in domain and on external benchmarks.",prepended denial,0.884673535823822,79.68607481576657
86,cs.CL,"Evidence for an additional reference benefit is modest in Qwen, strongest for a polished solution, whereas complete traces add two percentage points in SmolLM3-3B at step 50.",identical,0,"Evidence for an additional reference benefit is modest in Qwen, strongest for a polished solution, whereas complete traces add two percentage points in SmolLM3-3B at step 50.",unchanged,0.9999996423721313,100.00000000000004
86,cs.CL,"Evidence for an additional reference benefit is modest in Qwen, strongest for a polished solution, whereas complete traces add two percentage points in SmolLM3-3B at step 50.",synonym,1,"Evidence for an additional reference benefit is small in Qwen, strongest for a polished solution, whereas complete traces add two percentage points in SmolLM3-3B at step 50.",modest -> small,0.9849652051925659,91.57103753711765
86,cs.CL,"Evidence for an additional reference benefit is modest in Qwen, strongest for a polished solution, whereas complete traces add two percentage points in SmolLM3-3B at step 50.",scramble,2,"additional polished solution, percentage two strongest add Evidence benefit is step points SmolLM3-3B complete an Qwen, modest a for reference whereas in at in traces for",word order shuffled,0.19713819026947021,12.032473082025806
86,cs.CL,"Evidence for an additional reference benefit is modest in Qwen, strongest for a polished solution, whereas complete traces add two percentage points in SmolLM3-3B at step 50.",antonym,4,"Evidence for an additional reference benefit is modest in Qwen, strongest for a unpolished solution, whereas complete traces add two percentage points in SmolLM3-3B at step 50.",polished -> unpolished,0.92140132188797,91.57103753711765
86,cs.CL,"Evidence for an additional reference benefit is modest in Qwen, strongest for a polished solution, whereas complete traces add two percentage points in SmolLM3-3B at step 50.",negation,5,"Evidence for an additional reference benefit is not modest in Qwen, strongest for a polished solution, whereas complete traces add two percentage points in SmolLM3-3B at step 50.",inserted 'not' after 'is',0.9528532028198242,91.84678024441791
87,cs.CL,"At the same checkpoint, replacing short direct-response rollouts with long thinking-enabled rollouts turns gains into losses in both families while the problems, references, and evaluation stay fixed.",identical,0,"At the same checkpoint, replacing short direct-response rollouts with long thinking-enabled rollouts turns gains into losses in both families while the problems, references, and evaluation stay fixed.",unchanged,1.0,100.00000000000004
87,cs.CL,"At the same checkpoint, replacing short direct-response rollouts with long thinking-enabled rollouts turns gains into losses in both families while the problems, references, and evaluation stay fixed.",synonym,1,"At the same checkpoint, replacing short direct-response rollouts with long thinking-enabled rollouts turns gains into losings in both families while the problems, references, and evaluation stay fixed.",losses -> losings,0.9719451665878296,91.27592114472296
87,cs.CL,"At the same checkpoint, replacing short direct-response rollouts with long thinking-enabled rollouts turns gains into losses in both families while the problems, references, and evaluation stay fixed.",scramble,2,"references, thinking-enabled rollouts both evaluation turns stay losses checkpoint, the long the gains problems, families direct-response with and same rollouts short into replacing in At while",word order shuffled,0.12416715919971466,6.628532219889149
87,cs.CL,"At the same checkpoint, replacing short direct-response rollouts with long thinking-enabled rollouts turns gains into losses in both families while the problems, references, and evaluation stay fixed.",antonym,4,"At the same checkpoint, replacing short direct-response rollouts with long thinking-enabled rollouts unbend gains into losses in both families while the problems, references, and evaluation stay fixed.",turns -> unbend,0.9190104007720947,91.27592114472296
87,cs.CL,"At the same checkpoint, replacing short direct-response rollouts with long thinking-enabled rollouts turns gains into losses in both families while the problems, references, and evaluation stay fixed.",negation,5,"It is not the case that at the same checkpoint, replacing short direct-response rollouts with long thinking-enabled rollouts turns gains into losses in both families while the problems, references, and evaluation stay fixed.",prepended denial,0.8768167495727539,80.25968769328762
88,cs.CL,Teacher profiles and matched loss interventions in Qwen further show that changing token-level supervision can leave student behavior largely unchanged.,identical,0,Teacher profiles and matched loss interventions in Qwen further show that changing token-level supervision can leave student behavior largely unchanged.,unchanged,1.0,100.00000000000004
88,cs.CL,Teacher profiles and matched loss interventions in Qwen further show that changing token-level supervision can leave student behavior largely unchanged.,synonym,1,instructor profiles and matched loss interventions in Qwen further show that changing token-level supervision can leave student behavior largely unchanged.,Teacher -> instructor,0.9104504585266113,94.85438370694514
88,cs.CL,Teacher profiles and matched loss interventions in Qwen further show that changing token-level supervision can leave student behavior largely unchanged.,scramble,2,show interventions that supervision leave student largely can and in changing further matched Teacher profiles loss behavior token-level Qwen,word order shuffled,0.24251067638397217,7.608682137399868
88,cs.CL,Teacher profiles and matched loss interventions in Qwen further show that changing token-level supervision can leave student behavior largely unchanged.,antonym,4,Teacher profiles and matched loss interventions in Qwen further show that stay token-level supervision can leave student behavior largely unchanged.,changing -> stay,0.9100976586341858,86.5603055254171
88,cs.CL,Teacher profiles and matched loss interventions in Qwen further show that changing token-level supervision can leave student behavior largely unchanged.,negation,5,Teacher profiles and matched loss interventions in Qwen further show that changing token-level supervision can not leave student behavior largely unchanged.,inserted 'not' after 'can',0.9539285898208618,87.25129388059693
89,cs.CL,"Together, these findings suggest that OPSD can improve access to existing reasoning capabilities through parameters shared by direct-response and thinking-enabled inference.",identical,0,"Together, these findings suggest that OPSD can improve access to existing reasoning capabilities through parameters shared by direct-response and thinking-enabled inference.",unchanged,0.9999996423721313,100.00000000000004
89,cs.CL,"Together, these findings suggest that OPSD can improve access to existing reasoning capabilities through parameters shared by direct-response and thinking-enabled inference.",synonym,1,"Together, these findings suggest that OPSD can improve access to exist reasoning capabilities through parameters shared by direct-response and thinking-enabled inference.",existing -> exist,0.8925759196281433,87.87419089273847
89,cs.CL,"Together, these findings suggest that OPSD can improve access to existing reasoning capabilities through parameters shared by direct-response and thinking-enabled inference.",scramble,2,"Together, improve findings shared these direct-response parameters and OPSD can access capabilities by to existing thinking-enabled that suggest reasoning through",word order shuffled,0.29123255610466003,7.8231635973815825
89,cs.CL,"Together, these findings suggest that OPSD can improve access to existing reasoning capabilities through parameters shared by direct-response and thinking-enabled inference.",antonym,4,"Together, these findings suggest that OPSD can worsen access to existing reasoning capabilities through parameters shared by direct-response and thinking-enabled inference.",improve -> worsen,0.8889284133911133,87.87419089273847
89,cs.CL,"Together, these findings suggest that OPSD can improve access to existing reasoning capabilities through parameters shared by direct-response and thinking-enabled inference.",negation,5,"Together, these findings suggest that OPSD can not improve access to existing reasoning capabilities through parameters shared by direct-response and thinking-enabled inference.",inserted 'not' after 'can',0.9372533559799194,88.43865924896839
90,cs.CL,"The value of a privileged reference is what it adds to this cross-mode transfer, not how much of the solution it reveals.",identical,0,"The value of a privileged reference is what it adds to this cross-mode transfer, not how much of the solution it reveals.",unchanged,1.0000007152557373,100.00000000000004
90,cs.CL,"The value of a privileged reference is what it adds to this cross-mode transfer, not how much of the solution it reveals.",synonym,1,"The value of a inside reference is what it adds to this cross-mode transfer, not how much of the solution it reveals.",privileged -> inside,0.8862804174423218,88.43865924896839
90,cs.CL,"The value of a privileged reference is what it adds to this cross-mode transfer, not how much of the solution it reveals.",scramble,2,"solution is of the how of this not privileged it a The transfer, what to reference value adds much it cross-mode",word order shuffled,0.15138429403305054,6.8312937832976255
90,cs.CL,"The value of a privileged reference is what it adds to this cross-mode transfer, not how much of the solution it reveals.",antonym,4,"The value of a privileged reference is what it subtract to this cross-mode transfer, not how much of the solution it reveals.",adds -> subtract,0.8937897086143494,88.43865924896839
90,cs.CL,"The value of a privileged reference is what it adds to this cross-mode transfer, not how much of the solution it reveals.",negation,5,"The value of a privileged reference is not what it adds to this cross-mode transfer, not how much of the solution it reveals.",inserted 'not' after 'is',0.9283808469772339,88.95260356363632
91,cs.CL,"Word-in-Context (WiC) remains challenging for language models, despite recent progress on lexical-semantic tasks.",identical,0,"Word-in-Context (WiC) remains challenging for language models, despite recent progress on lexical-semantic tasks.",unchanged,1.0000007152557373,100.00000000000004
91,cs.CL,"Word-in-Context (WiC) remains challenging for language models, despite recent progress on lexical-semantic tasks.",synonym,1,"Word-in-Context (WiC) stay challenging for language models, despite recent progress on lexical-semantic tasks.",remains -> stay,0.9364929795265198,82.82477531331043
91,cs.CL,"Word-in-Context (WiC) remains challenging for language models, despite recent progress on lexical-semantic tasks.",scramble,2,"challenging language despite on progress Word-in-Context lexical-semantic (WiC) recent models, remains for",word order shuffled,0.501707911491394,14.167842665022047
91,cs.CL,"Word-in-Context (WiC) remains challenging for language models, despite recent progress on lexical-semantic tasks.",antonym,4,"Word-in-Context (WiC) change challenging for language models, despite recent progress on lexical-semantic tasks.",remains -> change,0.884527325630188,82.82477531331043
91,cs.CL,"Word-in-Context (WiC) remains challenging for language models, despite recent progress on lexical-semantic tasks.",negation,5,"It is not the case that word-in-Context (WiC) remains challenging for language models, despite recent progress on lexical-semantic tasks.",prepended denial,0.8529009819030762,67.331874553513
92,cs.CL,We evaluate open LLMs on WiC and traditional Word Sense Disambiguation (WSD) under similar settings.,identical,0,We evaluate open LLMs on WiC and traditional Word Sense Disambiguation (WSD) under similar settings.,unchanged,1.0,100.00000000000004
92,cs.CL,We evaluate open LLMs on WiC and traditional Word Sense Disambiguation (WSD) under similar settings.,synonym,1,We evaluate unfastened LLMs on WiC and traditional Word Sense Disambiguation (WSD) under similar settings.,open -> unfastened,0.8981438279151917,85.78928092681431
92,cs.CL,We evaluate open LLMs on WiC and traditional Word Sense Disambiguation (WSD) under similar settings.,scramble,2,evaluate similar traditional and open (WSD) Disambiguation Sense LLMs on We under Word WiC,word order shuffled,0.42556652426719666,13.51124417965343
92,cs.CL,We evaluate open LLMs on WiC and traditional Word Sense Disambiguation (WSD) under similar settings.,antonym,4,We evaluate shut LLMs on WiC and traditional Word Sense Disambiguation (WSD) under similar settings.,open -> shut,0.9307329058647156,85.78928092681431
92,cs.CL,We evaluate open LLMs on WiC and traditional Word Sense Disambiguation (WSD) under similar settings.,negation,5,It is not the case that we evaluate open LLMs on WiC and traditional Word Sense Disambiguation (WSD) under similar settings.,prepended denial,0.8573186993598938,68.7941939352187
93,cs.CL,"We find that providing candidate senses, similar to what is done in traditional WSD, improves WiC performance in all settings.",identical,0,"We find that providing candidate senses, similar to what is done in traditional WSD, improves WiC performance in all settings.",unchanged,1.0,100.00000000000004
93,cs.CL,"We find that providing candidate senses, similar to what is done in traditional WSD, improves WiC performance in all settings.",synonym,1,"We find that supply candidate senses, similar to what is done in traditional WSD, improves WiC performance in all settings.",providing -> supply,0.9148325324058533,87.87419089273847
93,cs.CL,"We find that providing candidate senses, similar to what is done in traditional WSD, improves WiC performance in all settings.",scramble,2,"all find WSD, to senses, is in We improves providing similar candidate performance traditional that in what WiC done",word order shuffled,0.28595948219299316,7.069026301161597
93,cs.CL,"We find that providing candidate senses, similar to what is done in traditional WSD, improves WiC performance in all settings.",antonym,4,"We find that providing candidate senses, similar to what differ done in traditional WSD, improves WiC performance in all settings.",is -> differ,0.901016116142273,87.87419089273847
93,cs.CL,"We find that providing candidate senses, similar to what is done in traditional WSD, improves WiC performance in all settings.",negation,5,"We find that providing candidate senses, similar to what is not done in traditional WSD, improves WiC performance in all settings.",inserted 'not' after 'is',0.9176260232925415,88.43865924896839
94,cs.CL,"In general, explicit sense information helps models make more consistent and targeted judgements.",identical,0,"In general, explicit sense information helps models make more consistent and targeted judgements.",unchanged,0.9999992847442627,100.00000000000004
94,cs.CL,"In general, explicit sense information helps models make more consistent and targeted judgements.",synonym,1,"In general, expressed sense information helps models make more consistent and targeted judgements.",explicit -> expressed,0.9208980798721313,80.03203203845001
94,cs.CL,"In general, explicit sense information helps models make more consistent and targeted judgements.",scramble,2,"more sense In targeted and general, consistent explicit make information models helps",word order shuffled,0.2735341787338257,8.458035132715262
94,cs.CL,"In general, explicit sense information helps models make more consistent and targeted judgements.",antonym,4,"In general, implicit sense information helps models make more consistent and targeted judgements.",explicit -> implicit,0.9485061764717102,80.03203203845001
94,cs.CL,"In general, explicit sense information helps models make more consistent and targeted judgements.",negation,5,"It is not the case that in general, explicit sense information helps models make more consistent and targeted judgements.",prepended denial,0.804110586643219,63.950284469035694
95,cs.CL,Human evaluation further shows that many apparent WiC errors reflect label ambiguity or mismatches between model and annotator sense boundaries rather than simple failures of lexical understanding.,identical,0,Human evaluation further shows that many apparent WiC errors reflect label ambiguity or mismatches between model and annotator sense boundaries rather than simple failures of lexical understanding.,unchanged,1.0,100.00000000000004
95,cs.CL,Human evaluation further shows that many apparent WiC errors reflect label ambiguity or mismatches between model and annotator sense boundaries rather than simple failures of lexical understanding.,synonym,1,Human evaluation further shows that many evident WiC errors reflect label ambiguity or mismatches between model and annotator sense boundaries rather than simple failures of lexical understanding.,apparent -> evident,0.9813922643661499,90.25139799587889
95,cs.CL,Human evaluation further shows that many apparent WiC errors reflect label ambiguity or mismatches between model and annotator sense boundaries rather than simple failures of lexical understanding.,scramble,2,rather model than sense boundaries further that of evaluation or WiC failures label between and reflect many apparent simple shows mismatches Human ambiguity errors lexical annotator,word order shuffled,0.26396313309669495,6.040987856648413
95,cs.CL,Human evaluation further shows that many apparent WiC errors reflect label ambiguity or mismatches between model and annotator sense boundaries rather than simple failures of lexical understanding.,antonym,4,Human evaluation further disprove that many apparent WiC errors reflect label ambiguity or mismatches between model and annotator sense boundaries rather than simple failures of lexical understanding.,shows -> disprove,0.9443872570991516,90.25139799587889
95,cs.CL,Human evaluation further shows that many apparent WiC errors reflect label ambiguity or mismatches between model and annotator sense boundaries rather than simple failures of lexical understanding.,negation,5,It is not the case that human evaluation further shows that many apparent WiC errors reflect label ambiguity or mismatches between model and annotator sense boundaries rather than simple failures of lexical understanding.,prepended denial,0.87213134765625,78.43248197482684
96,cs.CL,"In particular, results show that LLMs overthink the sense distinction often leading to errors based on overly fine-grained distinctions.",identical,0,"In particular, results show that LLMs overthink the sense distinction often leading to errors based on overly fine-grained distinctions.",unchanged,1.0,100.00000000000004
96,cs.CL,"In particular, results show that LLMs overthink the sense distinction often leading to errors based on overly fine-grained distinctions.",synonym,1,"In particular, results show that LLMs overthink the sense distinction often leading to errors establish on overly fine-grained distinctions.",based -> establish,0.8928329944610596,86.5603055254171
96,cs.CL,"In particular, results show that LLMs overthink the sense distinction often leading to errors based on overly fine-grained distinctions.",scramble,2,"overly fine-grained sense the leading LLMs often show errors overthink based on distinction that particular, results to In",word order shuffled,0.22175993025302887,12.796227068289042
96,cs.CL,"In particular, results show that LLMs overthink the sense distinction often leading to errors based on overly fine-grained distinctions.",antonym,4,"In particular, results show that LLMs overthink the sense distinction often follow to errors based on overly fine-grained distinctions.",leading -> follow,0.8680862188339233,86.5603055254171
96,cs.CL,"In particular, results show that LLMs overthink the sense distinction often leading to errors based on overly fine-grained distinctions.",negation,5,"It is not the case that in particular, results show that LLMs overthink the sense distinction often leading to errors based on overly fine-grained distinctions.",prepended denial,0.8500516414642334,72.48600507984249
97,cs.CL,"Large language models (LLMs) are increasingly considered for safety-critical engineering, yet their reliability in regulated functional-safety workflows remains underexplored.",identical,0,"Large language models (LLMs) are increasingly considered for safety-critical engineering, yet their reliability in regulated functional-safety workflows remains underexplored.",unchanged,1.0,100.00000000000004
97,cs.CL,"Large language models (LLMs) are increasingly considered for safety-critical engineering, yet their reliability in regulated functional-safety workflows remains underexplored.",synonym,1,"big language models (LLMs) are increasingly considered for safety-critical engineering, yet their reliability in regulated functional-safety workflows remains underexplored.",Large -> big,0.9260401129722595,95.33589351059682
97,cs.CL,"Large language models (LLMs) are increasingly considered for safety-critical engineering, yet their reliability in regulated functional-safety workflows remains underexplored.",scramble,2,"their regulated considered language models (LLMs) yet in engineering, reliability remains safety-critical for functional-safety increasingly are workflows Large",word order shuffled,0.3556241989135742,23.396716301277532
97,cs.CL,"Large language models (LLMs) are increasingly considered for safety-critical engineering, yet their reliability in regulated functional-safety workflows remains underexplored.",antonym,4,"Large language models (LLMs) differ increasingly considered for safety-critical engineering, yet their reliability in regulated functional-safety workflows remains underexplored.",are -> differ,0.9460312128067017,87.87419089273847
97,cs.CL,"Large language models (LLMs) are increasingly considered for safety-critical engineering, yet their reliability in regulated functional-safety workflows remains underexplored.",negation,5,"Large language models (LLMs) are not increasingly considered for safety-critical engineering, yet their reliability in regulated functional-safety workflows remains underexplored.",inserted 'not' after 'are',0.9557986259460449,88.43865924896839
98,cs.CL,"We introduce SAFARI (Safety-Aware Functional Automotive Risk Inference), the first industrial benchmark for LLM-assisted automotive Hazard Analysis and Risk Assessment (HARA) under ISO 26262.",identical,0,"We introduce SAFARI (Safety-Aware Functional Automotive Risk Inference), the first industrial benchmark for LLM-assisted automotive Hazard Analysis and Risk Assessment (HARA) under ISO 26262.",unchanged,1.0,100.00000000000004
98,cs.CL,"We introduce SAFARI (Safety-Aware Functional Automotive Risk Inference), the first industrial benchmark for LLM-assisted automotive Hazard Analysis and Risk Assessment (HARA) under ISO 26262.",synonym,1,"We introduce SAFARI (Safety-Aware Functional Automotive Risk Inference), the first industrial benchmark for LLM-assisted automotive Hazard psychoanalysis and Risk Assessment (HARA) under ISO 26262.",Analysis -> psychoanalysis,0.9359491467475891,90.9593063222022
98,cs.CL,"We introduce SAFARI (Safety-Aware Functional Automotive Risk Inference), the first industrial benchmark for LLM-assisted automotive Hazard Analysis and Risk Assessment (HARA) under ISO 26262.",scramble,2,"and for benchmark (HARA) LLM-assisted industrial Assessment Risk Risk ISO under Hazard Analysis SAFARI introduce Inference), We automotive Functional the first (Safety-Aware Automotive",word order shuffled,0.28972843289375305,13.1578277094344
98,cs.CL,"We introduce SAFARI (Safety-Aware Functional Automotive Risk Inference), the first industrial benchmark for LLM-assisted automotive Hazard Analysis and Risk Assessment (HARA) under ISO 26262.",antonym,4,"We introduce SAFARI (Safety-Aware Functional Automotive Risk Inference), the last industrial benchmark for LLM-assisted automotive Hazard Analysis and Risk Assessment (HARA) under ISO 26262.",first -> last,0.9766054749488831,90.9593063222022
98,cs.CL,"We introduce SAFARI (Safety-Aware Functional Automotive Risk Inference), the first industrial benchmark for LLM-assisted automotive Hazard Analysis and Risk Assessment (HARA) under ISO 26262.",negation,5,"It is not the case that we introduce SAFARI (Safety-Aware Functional Automotive Risk Inference), the first industrial benchmark for LLM-assisted automotive Hazard Analysis and Risk Assessment (HARA) under ISO 26262.",prepended denial,0.8967185020446777,79.68607481576657
99,cs.CL,"It contains 3,000 de-identified industrial HARA cases and evaluates two coupled tasks: open-ended hazard analysis and standards-grounded risk assessment.",identical,0,"It contains 3,000 de-identified industrial HARA cases and evaluates two coupled tasks: open-ended hazard analysis and standards-grounded risk assessment.",unchanged,0.9999992847442627,100.00000000000004
99,cs.CL,"It contains 3,000 de-identified industrial HARA cases and evaluates two coupled tasks: open-ended hazard analysis and standards-grounded risk assessment.",synonym,1,"It contains 3,000 de-identified industrial HARA cases and evaluates two coupled tasks: open-ended hazard psychoanalysis and standards-grounded risk assessment.",analysis -> psychoanalysis,0.9499735236167908,86.5603055254171
99,cs.CL,"It contains 3,000 de-identified industrial HARA cases and evaluates two coupled tasks: open-ended hazard analysis and standards-grounded risk assessment.",scramble,2,"standards-grounded open-ended analysis two tasks: evaluates and hazard contains industrial 3,000 It HARA risk coupled and de-identified cases",word order shuffled,0.4120948016643524,6.398113534144522
99,cs.CL,"It contains 3,000 de-identified industrial HARA cases and evaluates two coupled tasks: open-ended hazard analysis and standards-grounded risk assessment.",number_swap,3,"It contains 103,000 de-identified industrial HARA cases and evaluates two coupled tasks: open-ended hazard analysis and standards-grounded risk assessment.","3,000 -> 103,000",0.9758090972900391,88.06626677278207
99,cs.CL,"It contains 3,000 de-identified industrial HARA cases and evaluates two coupled tasks: open-ended hazard analysis and standards-grounded risk assessment.",antonym,4,"It contains 3,000 de-identified nonindustrial HARA cases and evaluates two coupled tasks: open-ended hazard analysis and standards-grounded risk assessment.",industrial -> nonindustrial,0.9469688534736633,86.5603055254171
99,cs.CL,"It contains 3,000 de-identified industrial HARA cases and evaluates two coupled tasks: open-ended hazard analysis and standards-grounded risk assessment.",negation,5,"It is not the case that it contains 3,000 de-identified industrial HARA cases and evaluates two coupled tasks: open-ended hazard analysis and standards-grounded risk assessment.",prepended denial,0.8448785543441772,73.37557032700684
100,cs.CL,"To evaluate open-ended HARA artifacts, we propose the first reference-anchored LLM-as-a-judge protocol with high expert correlation.",identical,0,"To evaluate open-ended HARA artifacts, we propose the first reference-anchored LLM-as-a-judge protocol with high expert correlation.",unchanged,1.0,100.00000000000004
100,cs.CL,"To evaluate open-ended HARA artifacts, we propose the first reference-anchored LLM-as-a-judge protocol with high expert correlation.",synonym,1,"To evaluate open-ended HARA artifacts, we suggest the first reference-anchored LLM-as-a-judge protocol with high expert correlation.",propose -> suggest,0.9798527956008911,83.94327083733333
100,cs.CL,"To evaluate open-ended HARA artifacts, we propose the first reference-anchored LLM-as-a-judge protocol with high expert correlation.",scramble,2,"To reference-anchored we open-ended propose evaluate LLM-as-a-judge HARA with high artifacts, first expert protocol the",word order shuffled,0.4910392165184021,8.632916298377145
100,cs.CL,"To evaluate open-ended HARA artifacts, we propose the first reference-anchored LLM-as-a-judge protocol with high expert correlation.",antonym,4,"To evaluate open-ended HARA artifacts, we propose the first reference-anchored LLM-as-a-judge protocol with low expert correlation.",high -> low,0.9844068288803101,83.94327083733333
100,cs.CL,"To evaluate open-ended HARA artifacts, we propose the first reference-anchored LLM-as-a-judge protocol with high expert correlation.",negation,5,"It is not the case that to evaluate open-ended HARA artifacts, we propose the first reference-anchored LLM-as-a-judge protocol with high expert correlation.",prepended denial,0.8630985021591187,68.7941939352187
101,cs.CL,"Experiments with nine frontier LLMs show that models often produce plausible hazard narratives but remain weak at ISO 26262 risk classification, with the best ASIL macro-F1 reaching only 0.261.",identical,0,"Experiments with nine frontier LLMs show that models often produce plausible hazard narratives but remain weak at ISO 26262 risk classification, with the best ASIL macro-F1 reaching only 0.261.",unchanged,1.0,100.00000000000004
101,cs.CL,"Experiments with nine frontier LLMs show that models often produce plausible hazard narratives but remain weak at ISO 26262 risk classification, with the best ASIL macro-F1 reaching only 0.261.",synonym,1,"Experiments with nine frontier LLMs show that models often produce plausible hazard narratives but remain watery at ISO 26262 risk classification, with the best ASIL macro-F1 reaching only 0.261.",weak -> watery,0.9556058049201965,91.27592114472296
101,cs.CL,"Experiments with nine frontier LLMs show that models often produce plausible hazard narratives but remain weak at ISO 26262 risk classification, with the best ASIL macro-F1 reaching only 0.261.",scramble,2,"nine ISO models risk at remain plausible 26262 ASIL Experiments macro-F1 but hazard produce often classification, narratives best with the weak frontier that only show LLMs reaching with",word order shuffled,0.2575783133506775,5.5739089820985335
101,cs.CL,"Experiments with nine frontier LLMs show that models often produce plausible hazard narratives but remain weak at ISO 26262 risk classification, with the best ASIL macro-F1 reaching only 0.261.",number_swap,3,"Experiments with nine frontier LLMs show that models often produce plausible hazard narratives but remain weak at ISO 26265 risk classification, with the best ASIL macro-F1 reaching only 0.261.",26262 -> 26265,0.9847589135169983,91.27592114472296
101,cs.CL,"Experiments with nine frontier LLMs show that models often produce plausible hazard narratives but remain weak at ISO 26262 risk classification, with the best ASIL macro-F1 reaching only 0.261.",antonym,4,"Experiments with nine frontier LLMs disprove that models often produce plausible hazard narratives but remain weak at ISO 26262 risk classification, with the best ASIL macro-F1 reaching only 0.261.",show -> disprove,0.9463801383972168,91.27592114472296
101,cs.CL,"Experiments with nine frontier LLMs show that models often produce plausible hazard narratives but remain weak at ISO 26262 risk classification, with the best ASIL macro-F1 reaching only 0.261.",negation,5,"It is not the case that experiments with nine frontier LLMs show that models often produce plausible hazard narratives but remain weak at ISO 26262 risk classification, with the best ASIL macro-F1 reaching only 0.261.",prepended denial,0.8955435156822205,80.25968769328762
102,cs.CL,Chain-of-Thought prompting provides limited benefit and often degrades categorical risk assessment.,identical,0,Chain-of-Thought prompting provides limited benefit and often degrades categorical risk assessment.,unchanged,1.0,100.00000000000004
102,cs.CL,Chain-of-Thought prompting provides limited benefit and often degrades categorical risk assessment.,synonym,1,Chain-of-Thought prompting provides limited benefit and often degrade categorical risk assessment.,degrades -> degrade,0.8326295018196106,73.48889200874659
102,cs.CL,Chain-of-Thought prompting provides limited benefit and often degrades categorical risk assessment.,scramble,2,Chain-of-Thought and degrades limited benefit categorical risk provides prompting often,word order shuffled,0.3613298833370209,12.218516275932691
102,cs.CL,Chain-of-Thought prompting provides limited benefit and often degrades categorical risk assessment.,antonym,4,Chain-of-Thought prompting provides unlimited benefit and often degrades categorical risk assessment.,limited -> unlimited,0.9106987714767456,73.48889200874659
102,cs.CL,Chain-of-Thought prompting provides limited benefit and often degrades categorical risk assessment.,negation,5,It is not the case that chain-of-Thought prompting provides limited benefit and often degrades categorical risk assessment.,prepended denial,0.7939331531524658,57.30574043798692
103,cs.CL,"Error analysis further localizes major failures to scenario-critical context omissions during hazard generation and to controllability misjudgments during risk assessment, indicating where expert oversight should be concentrated.",identical,0,"Error analysis further localizes major failures to scenario-critical context omissions during hazard generation and to controllability misjudgments during risk assessment, indicating where expert oversight should be concentrated.",unchanged,0.9999996423721313,100.00000000000004
103,cs.CL,"Error analysis further localizes major failures to scenario-critical context omissions during hazard generation and to controllability misjudgments during risk assessment, indicating where expert oversight should be concentrated.",synonym,1,"Error analysis further place major failures to scenario-critical context omissions during hazard generation and to controllability misjudgments during risk assessment, indicating where expert oversight should be concentrated.",localizes -> place,0.8962501883506775,90.61874434879648
103,cs.CL,"Error analysis further localizes major failures to scenario-critical context omissions during hazard generation and to controllability misjudgments during risk assessment, indicating where expert oversight should be concentrated.",scramble,2,"controllability should omissions to oversight be hazard where assessment, and risk generation further failures scenario-critical analysis localizes major indicating misjudgments during context expert Error during to",word order shuffled,0.23572607338428497,6.502145831547096
103,cs.CL,"Error analysis further localizes major failures to scenario-critical context omissions during hazard generation and to controllability misjudgments during risk assessment, indicating where expert oversight should be concentrated.",antonym,4,"Error analysis further localizes major failures to scenario-critical context omissions during hazard generation and to controllability misjudgments during risk assessment, indicating where expert oversight should differ concentrated.",be -> differ,0.935893714427948,91.63140145331569
103,cs.CL,"Error analysis further localizes major failures to scenario-critical context omissions during hazard generation and to controllability misjudgments during risk assessment, indicating where expert oversight should be concentrated.",negation,5,"Error analysis further localizes major failures to scenario-critical context omissions during hazard generation and to controllability misjudgments during risk assessment, indicating where expert oversight should not be concentrated.",inserted 'not' after 'should',0.9679180383682251,90.9593063222022
104,cs.CL,"Recent advancements in large language models have revolutionized the field of psychological counseling, especially in the context of Cognitive Behavioral Therapy (CBT).",identical,0,"Recent advancements in large language models have revolutionized the field of psychological counseling, especially in the context of Cognitive Behavioral Therapy (CBT).",unchanged,0.9999996423721313,100.00000000000004
104,cs.CL,"Recent advancements in large language models have revolutionized the field of psychological counseling, especially in the context of Cognitive Behavioral Therapy (CBT).",synonym,1,"Recent advancements in large language model have revolutionized the field of psychological counseling, especially in the context of Cognitive Behavioral Therapy (CBT).",models -> model,0.9725391864776611,89.42255541978513
104,cs.CL,"Recent advancements in large language models have revolutionized the field of psychological counseling, especially in the context of Cognitive Behavioral Therapy (CBT).",scramble,2,"models Recent field in language psychological context large revolutionized Therapy Behavioral especially Cognitive have of the counseling, advancements the in of",word order shuffled,0.19817788898944855,5.245225300093629
104,cs.CL,"Recent advancements in large language models have revolutionized the field of psychological counseling, especially in the context of Cognitive Behavioral Therapy (CBT).",antonym,4,"Recent advancements in large language models lack revolutionized the field of psychological counseling, especially in the context of Cognitive Behavioral Therapy (CBT).",have -> lack,0.9372572302818298,89.42255541978513
104,cs.CL,"Recent advancements in large language models have revolutionized the field of psychological counseling, especially in the context of Cognitive Behavioral Therapy (CBT).",negation,5,"Recent advancements in large language models have not revolutionized the field of psychological counseling, especially in the context of Cognitive Behavioral Therapy (CBT).",inserted 'not' after 'have',0.9351344108581543,89.85396083419644
105,cs.CL,We conduct extensive experiments to demonstrate the effectiveness of strategy-aligned generation and evaluate its efficacy in delivering professional and effective counseling with LLM-simulated clients to reflect real-world scenarios.,identical,0,We conduct extensive experiments to demonstrate the effectiveness of strategy-aligned generation and evaluate its efficacy in delivering professional and effective counseling with LLM-simulated clients to reflect real-world scenarios.,unchanged,1.0,100.00000000000004
105,cs.CL,We conduct extensive experiments to demonstrate the effectiveness of strategy-aligned generation and evaluate its efficacy in delivering professional and effective counseling with LLM-simulated clients to reflect real-world scenarios.,synonym,1,We conduct extensive experiments to demonstrate the effectiveness of strategy-aligned generation and evaluate its efficacy in delivering professional and effective counseling with LLM-simulated client to reflect real-world scenarios.,clients -> client,0.9390174150466919,90.61874434879648
105,cs.CL,We conduct extensive experiments to demonstrate the effectiveness of strategy-aligned generation and evaluate its efficacy in delivering professional and effective counseling with LLM-simulated clients to reflect real-world scenarios.,scramble,2,experiments demonstrate and evaluate effectiveness conduct extensive its effective strategy-aligned counseling real-world reflect efficacy and to in of delivering LLM-simulated with to professional clients the generation We,word order shuffled,0.2743489146232605,5.875352001149356
105,cs.CL,We conduct extensive experiments to demonstrate the effectiveness of strategy-aligned generation and evaluate its efficacy in delivering professional and effective counseling with LLM-simulated clients to reflect real-world scenarios.,antonym,4,We conduct extensive experiments to demonstrate the effectiveness of strategy-aligned generation and evaluate its efficacy in delivering nonprofessional and effective counseling with LLM-simulated clients to reflect real-world scenarios.,professional -> nonprofessional,0.9595121145248413,90.61874434879648
105,cs.CL,We conduct extensive experiments to demonstrate the effectiveness of strategy-aligned generation and evaluate its efficacy in delivering professional and effective counseling with LLM-simulated clients to reflect real-world scenarios.,negation,5,It is not the case that we conduct extensive experiments to demonstrate the effectiveness of strategy-aligned generation and evaluate its efficacy in delivering professional and effective counseling with LLM-simulated clients to reflect real-world scenarios.,prepended denial,0.8767393827438354,79.07807125125278
106,cs.CL,"Full-consensus rates are often treated as indicators of collective cognition, yet depend on how participation and final states are operationalized.",identical,0,"Full-consensus rates are often treated as indicators of collective cognition, yet depend on how participation and final states are operationalized.",unchanged,1.0000007152557373,100.00000000000004
106,cs.CL,"Full-consensus rates are often treated as indicators of collective cognition, yet depend on how participation and final states are operationalized.",synonym,1,"Full-consensus rates are frequently treated as indicators of collective cognition, yet depend on how participation and final states are operationalized.",often -> frequently,0.9931542873382568,87.25129388059693
106,cs.CL,"Full-consensus rates are often treated as indicators of collective cognition, yet depend on how participation and final states are operationalized.",scramble,2,"states depend final how treated cognition, and often are rates participation yet indicators as are of collective Full-consensus on",word order shuffled,0.17822036147117615,7.327178929360789
106,cs.CL,"Full-consensus rates are often treated as indicators of collective cognition, yet depend on how participation and final states are operationalized.",antonym,4,"Full-consensus rates are infrequently treated as indicators of collective cognition, yet depend on how participation and final states are operationalized.",often -> infrequently,0.9339389204978943,87.25129388059693
106,cs.CL,"Full-consensus rates are often treated as indicators of collective cognition, yet depend on how participation and final states are operationalized.",negation,5,"Full-consensus rates are not often treated as indicators of collective cognition, yet depend on how participation and final states are operationalized.",inserted 'not' after 'are',0.9489592909812927,87.87419089273847
107,cs.CL,"Across human scoring definitions, estimates ranged from 24.0% to 57.0%; about one fifth of participants never posted, whereas agents almost always did.",identical,0,"Across human scoring definitions, estimates ranged from 24.0% to 57.0%; about one fifth of participants never posted, whereas agents almost always did.",unchanged,0.9999992847442627,100.00000000000004
107,cs.CL,"Across human scoring definitions, estimates ranged from 24.0% to 57.0%; about one fifth of participants never posted, whereas agents almost always did.",synonym,1,"Across human scoring definitions, estimate ranged from 24.0% to 57.0%; about one fifth of participants never posted, whereas agents almost always did.",estimates -> estimate,0.9395669102668762,90.25139799587889
107,cs.CL,"Across human scoring definitions, estimates ranged from 24.0% to 57.0%; about one fifth of participants never posted, whereas agents almost always did.",scramble,2,"fifth always participants of whereas from one 57.0%; scoring never human almost agents about definitions, posted, 24.0% to Across ranged estimates",word order shuffled,0.15181338787078857,13.370904076163992
107,cs.CL,"Across human scoring definitions, estimates ranged from 24.0% to 57.0%; about one fifth of participants never posted, whereas agents almost always did.",number_swap,3,"Across human scoring definitions, estimates ranged from 49.0% to 57.0%; about one fifth of participants never posted, whereas agents almost always did.",24.0% -> 49.0%,0.9776995778083801,90.25139799587889
107,cs.CL,"Across human scoring definitions, estimates ranged from 24.0% to 57.0%; about one fifth of participants never posted, whereas agents almost always did.",antonym,4,"Across human scoring definitions, estimates ranged from 24.0% to 57.0%; about one fifth of participants ever posted, whereas agents almost always did.",never -> ever,0.9501712918281555,90.25139799587889
107,cs.CL,"Across human scoring definitions, estimates ranged from 24.0% to 57.0%; about one fifth of participants never posted, whereas agents almost always did.",negation,5,"It is not the case that across human scoring definitions, estimates ranged from 24.0% to 57.0%; about one fifth of participants never posted, whereas agents almost always did.",prepended denial,0.8679354190826416,78.43248197482684
108,cs.CL,These complementary routes reduced different measurement asymmetries yet converged within 0.5 percentage points.,identical,0,These complementary routes reduced different measurement asymmetries yet converged within 0.5 percentage points.,unchanged,1.0000007152557373,100.00000000000004
108,cs.CL,These complementary routes reduced different measurement asymmetries yet converged within 0.5 percentage points.,synonym,1,These complemental routes reduced different measurement asymmetries yet converged within 0.5 percentage points.,complementary -> complemental,0.9536224007606506,85.5526185871245
108,cs.CL,These complementary routes reduced different measurement asymmetries yet converged within 0.5 percentage points.,scramble,2,complementary 0.5 routes converged different within measurement asymmetries reduced These percentage yet,word order shuffled,0.36590757966041565,8.972971553870876
108,cs.CL,These complementary routes reduced different measurement asymmetries yet converged within 0.5 percentage points.,number_swap,3,These complementary routes reduced different measurement asymmetries yet converged within 7.5 percentage points.,0.5 -> 7.5,0.9603059887886047,78.25422900366438
108,cs.CL,These complementary routes reduced different measurement asymmetries yet converged within 0.5 percentage points.,antonym,4,These complementary routes reduced different measurement asymmetries yet diverge within 0.5 percentage points.,converged -> diverge,0.903567373752594,78.25422900366438
108,cs.CL,These complementary routes reduced different measurement asymmetries yet converged within 0.5 percentage points.,negation,5,It is not the case that these complementary routes reduced different measurement asymmetries yet converged within 0.5 percentage points.,prepended denial,0.8390076160430908,61.98021310128996
109,cs.CL,"The gap persisted without early stopping and under a reparameterization removing the memorizable answer; reasoning-mode groups then agreed nearly unanimously, mostly on incorrect answers.",identical,0,"The gap persisted without early stopping and under a reparameterization removing the memorizable answer; reasoning-mode groups then agreed nearly unanimously, mostly on incorrect answers.",unchanged,1.0,100.00000000000004
109,cs.CL,"The gap persisted without early stopping and under a reparameterization removing the memorizable answer; reasoning-mode groups then agreed nearly unanimously, mostly on incorrect answers.",synonym,1,"The spread persisted without early stopping and under a reparameterization removing the memorizable answer; reasoning-mode groups then agreed nearly unanimously, mostly on incorrect answers.",gap -> spread,0.9552525877952576,93.04899483313594
109,cs.CL,"The gap persisted without early stopping and under a reparameterization removing the memorizable answer; reasoning-mode groups then agreed nearly unanimously, mostly on incorrect answers.",scramble,2,"on under early unanimously, reparameterization gap agreed answer; removing groups nearly The mostly a and stopping memorizable then incorrect the reasoning-mode without persisted",word order shuffled,0.24859952926635742,6.218004098675045
109,cs.CL,"The gap persisted without early stopping and under a reparameterization removing the memorizable answer; reasoning-mode groups then agreed nearly unanimously, mostly on incorrect answers.",antonym,4,"The gap persisted without early stopping and under a reparameterization removing the memorizable answer; reasoning-mode groups then disagree nearly unanimously, mostly on incorrect answers.",agreed -> disagree,0.9702482223510742,89.85396083419644
109,cs.CL,"The gap persisted without early stopping and under a reparameterization removing the memorizable answer; reasoning-mode groups then agreed nearly unanimously, mostly on incorrect answers.",negation,5,"It is not the case that the gap persisted without early stopping and under a reparameterization removing the memorizable answer; reasoning-mode groups then agreed nearly unanimously, mostly on incorrect answers.",prepended denial,0.8693011403083801,77.74570245775203
110,cs.CL,"Simulated consensus did not track collective accuracy, and belief-anchored agent groups were biased estimators of the human group-outcome distribution in this setting.",identical,0,"Simulated consensus did not track collective accuracy, and belief-anchored agent groups were biased estimators of the human group-outcome distribution in this setting.",unchanged,1.0,100.00000000000004
110,cs.CL,"Simulated consensus did not track collective accuracy, and belief-anchored agent groups were biased estimators of the human group-outcome distribution in this setting.",synonym,1,"Simulated consensus did not track collective accuracy, and belief-anchored agent groups be biased estimators of the human group-outcome distribution in this setting.",were -> be,0.9262223243713379,88.43865924896839
110,cs.CL,"Simulated consensus did not track collective accuracy, and belief-anchored agent groups were biased estimators of the human group-outcome distribution in this setting.",scramble,2,"distribution accuracy, Simulated and biased the group-outcome of belief-anchored were human agent track this in collective estimators not consensus did groups",word order shuffled,0.3331168591976166,6.8312937832976255
110,cs.CL,"Simulated consensus did not track collective accuracy, and belief-anchored agent groups were biased estimators of the human group-outcome distribution in this setting.",antonym,4,"Simulated consensus did not track collective accuracy, and belief-anchored agent groups were biased estimators of the nonhuman group-outcome distribution in this setting.",human -> nonhuman,0.9565183520317078,88.43865924896839
110,cs.CL,"Simulated consensus did not track collective accuracy, and belief-anchored agent groups were biased estimators of the human group-outcome distribution in this setting.",negation,5,"Simulated consensus did not not track collective accuracy, and belief-anchored agent groups were biased estimators of the human group-outcome distribution in this setting.",inserted 'not' after 'did',0.994441568851471,92.28955492114514
111,cs.CL,These analyses provide a scoring-explicit basis for assessing simulated-group estimates of human deliberative outcomes.,identical,0,These analyses provide a scoring-explicit basis for assessing simulated-group estimates of human deliberative outcomes.,unchanged,1.0,100.00000000000004
111,cs.CL,These analyses provide a scoring-explicit basis for assessing simulated-group estimates of human deliberative outcomes.,synonym,1,These analysis provide a scoring-explicit basis for assessing simulated-group estimates of human deliberative outcomes.,analyses -> analysis,0.9351623058319092,86.66415730847507
111,cs.CL,These analyses provide a scoring-explicit basis for assessing simulated-group estimates of human deliberative outcomes.,scramble,2,a for These basis deliberative analyses scoring-explicit provide estimates assessing of human simulated-group,word order shuffled,0.3263004720211029,8.458035132715262
111,cs.CL,These analyses provide a scoring-explicit basis for assessing simulated-group estimates of human deliberative outcomes.,antonym,4,These analyses provide a scoring-explicit basis for assessing simulated-group estimates of nonhuman deliberative outcomes.,human -> nonhuman,0.9438461661338806,80.03203203845001
111,cs.CL,These analyses provide a scoring-explicit basis for assessing simulated-group estimates of human deliberative outcomes.,negation,5,It is not the case that these analyses provide a scoring-explicit basis for assessing simulated-group estimates of human deliberative outcomes.,prepended denial,0.8213883638381958,63.950284469035694
112,cs.CL,"Large language models can report a numerical confidence together with generated content, but it is unclear whether this report is more than calibrated rhetoric.",identical,0,"Large language models can report a numerical confidence together with generated content, but it is unclear whether this report is more than calibrated rhetoric.",unchanged,1.0,100.00000000000004
112,cs.CL,"Large language models can report a numerical confidence together with generated content, but it is unclear whether this report is more than calibrated rhetoric.",synonym,1,"Large language models can describe a numerical confidence together with generated content, but it is unclear whether this report is more than calibrated rhetoric.",report -> describe,0.9409061074256897,89.42255541978513
112,cs.CL,"Large language models can report a numerical confidence together with generated content, but it is unclear whether this report is more than calibrated rhetoric.",scramble,2,"confidence can models language whether calibrated with a is together Large content, numerical it but report generated this is than unclear report more",word order shuffled,-0.0006095575517974794,5.388201687034919
112,cs.CL,"Large language models can report a numerical confidence together with generated content, but it is unclear whether this report is more than calibrated rhetoric.",antonym,4,"Large language models can report a numerical confidence together with generated content, but it is unclear whether this report is less than calibrated rhetoric.",more -> less,0.9050948023796082,89.42255541978513
112,cs.CL,"Large language models can report a numerical confidence together with generated content, but it is unclear whether this report is more than calibrated rhetoric.",negation,5,"Large language models can not report a numerical confidence together with generated content, but it is unclear whether this report is more than calibrated rhetoric.",inserted 'not' after 'can',0.9384721517562866,89.85396083419644
113,cs.CL,"Direct verbalization is a surprisingly strong baseline: after auditing benchmark errors, it reaches AUROC 0.956 and 0.937 for correctness prediction.",identical,0,"Direct verbalization is a surprisingly strong baseline: after auditing benchmark errors, it reaches AUROC 0.956 and 0.937 for correctness prediction.",unchanged,1.0,100.00000000000004
113,cs.CL,"Direct verbalization is a surprisingly strong baseline: after auditing benchmark errors, it reaches AUROC 0.956 and 0.937 for correctness prediction.",synonym,1,"Direct verbalization be a surprisingly strong baseline: after auditing benchmark errors, it reaches AUROC 0.956 and 0.937 for correctness prediction.",is -> be,0.9403318762779236,89.21616972156076
113,cs.CL,"Direct verbalization is a surprisingly strong baseline: after auditing benchmark errors, it reaches AUROC 0.956 and 0.937 for correctness prediction.",scramble,2,"for AUROC strong after surprisingly baseline: it Direct a 0.956 correctness auditing verbalization reaches is errors, benchmark 0.937 and",word order shuffled,0.37924402952194214,7.069026301161597
113,cs.CL,"Direct verbalization is a surprisingly strong baseline: after auditing benchmark errors, it reaches AUROC 0.956 and 0.937 for correctness prediction.",number_swap,3,"Direct verbalization is a surprisingly strong baseline: after auditing benchmark errors, it reaches AUROC 3.956 and 0.937 for correctness prediction.",0.956 -> 3.956,0.9613527655601501,87.87419089273847
113,cs.CL,"Direct verbalization is a surprisingly strong baseline: after auditing benchmark errors, it reaches AUROC 0.956 and 0.937 for correctness prediction.",antonym,4,"Direct verbalization is a surprisingly weak baseline: after auditing benchmark errors, it reaches AUROC 0.956 and 0.937 for correctness prediction.",strong -> weak,0.9683175086975098,87.87419089273847
113,cs.CL,"Direct verbalization is a surprisingly strong baseline: after auditing benchmark errors, it reaches AUROC 0.956 and 0.937 for correctness prediction.",negation,5,"Direct verbalization is not a surprisingly strong baseline: after auditing benchmark errors, it reaches AUROC 0.956 and 0.937 for correctness prediction.",inserted 'not' after 'is',0.9515345096588135,88.43865924896839
114,cs.CL,"Four of nine errors from one model and two of eight from the other receive unanimous sample support, showing that self-consistency can amplify shared misconceptions.",identical,0,"Four of nine errors from one model and two of eight from the other receive unanimous sample support, showing that self-consistency can amplify shared misconceptions.",unchanged,0.9999992847442627,100.00000000000004
114,cs.CL,"Four of nine errors from one model and two of eight from the other receive unanimous sample support, showing that self-consistency can amplify shared misconceptions.",synonym,1,"Four of nine errors from one model and two of eight from the other receive consentaneous sample support, showing that self-consistency can amplify shared misconceptions.",unanimous -> consentaneous,0.8583940863609314,89.85396083419644
114,cs.CL,"Four of nine errors from one model and two of eight from the other receive unanimous sample support, showing that self-consistency can amplify shared misconceptions.",scramble,2,"shared one nine and self-consistency two errors other from the model showing sample can amplify unanimous Four from of receive support, eight that of",word order shuffled,0.18229903280735016,6.881352712626167
114,cs.CL,"Four of nine errors from one model and two of eight from the other receive unanimous sample support, showing that self-consistency can amplify shared misconceptions.",antonym,4,"Four of nine errors from one model and two of eight from the other receive unanimous sample support, showing that self-consistency can understate shared misconceptions.",amplify -> understate,0.9425182938575745,89.85396083419644
114,cs.CL,"Four of nine errors from one model and two of eight from the other receive unanimous sample support, showing that self-consistency can amplify shared misconceptions.",negation,5,"Four of nine errors from one model and two of eight from the other receive unanimous sample support, showing that self-consistency can not amplify shared misconceptions.",inserted 'not' after 'can',0.9685626029968262,90.25139799587889
115,cs.CL,An exploratory audit of 100 confidence-tagged biography claims further finds only a modest confidence gap between supported and contradicted claims.,identical,0,An exploratory audit of 100 confidence-tagged biography claims further finds only a modest confidence gap between supported and contradicted claims.,unchanged,1.0,100.00000000000004
115,cs.CL,An exploratory audit of 100 confidence-tagged biography claims further finds only a modest confidence gap between supported and contradicted claims.,synonym,1,An exploratory audit of 100 confidence-tagged biography claims further finds only a modest confidence gap between support and contradicted claims.,supported -> support,0.960297167301178,86.5603055254171
115,cs.CL,An exploratory audit of 100 confidence-tagged biography claims further finds only a modest confidence gap between supported and contradicted claims.,scramble,2,An between a confidence-tagged gap exploratory confidence and supported finds biography claims further 100 contradicted audit only of modest,word order shuffled,0.22063617408275604,10.760301470496806
115,cs.CL,An exploratory audit of 100 confidence-tagged biography claims further finds only a modest confidence gap between supported and contradicted claims.,number_swap,3,An exploratory audit of 103 confidence-tagged biography claims further finds only a modest confidence gap between supported and contradicted claims.,100 -> 103,0.9681249856948853,86.5603055254171
115,cs.CL,An exploratory audit of 100 confidence-tagged biography claims further finds only a modest confidence gap between supported and contradicted claims.,antonym,4,An exploratory audit of 100 confidence-tagged biography claims further finds only a modest confidence gap between negate and contradicted claims.,supported -> negate,0.9068171381950378,86.5603055254171
115,cs.CL,An exploratory audit of 100 confidence-tagged biography claims further finds only a modest confidence gap between supported and contradicted claims.,negation,5,It is not the case that an exploratory audit of 100 confidence-tagged biography claims further finds only a modest confidence gap between supported and contradicted claims.,prepended denial,0.8491842746734619,72.48600507984249
116,cs.CL,"These results argue that useful self-reports remain sensitive to elicitation, correlated errors, and benchmark noise.",identical,0,"These results argue that useful self-reports remain sensitive to elicitation, correlated errors, and benchmark noise.",unchanged,0.9999996423721313,100.00000000000004
116,cs.CL,"These results argue that useful self-reports remain sensitive to elicitation, correlated errors, and benchmark noise.",synonym,1,"These results argue that useful self-reports remain sensitive to elicitation, correlative errors, and benchmark noise.",correlated -> correlative,0.9497542381286621,83.94327083733333
116,cs.CL,"These results argue that useful self-reports remain sensitive to elicitation, correlated errors, and benchmark noise.",scramble,2,"results self-reports errors, remain that to useful sensitive benchmark argue These correlated and elicitation,",word order shuffled,0.24538929760456085,8.632916298377145
116,cs.CL,"These results argue that useful self-reports remain sensitive to elicitation, correlated errors, and benchmark noise.",antonym,4,"These results argue that useful self-reports remain insensitive to elicitation, correlated errors, and benchmark noise.",sensitive -> insensitive,0.9651722311973572,83.94327083733333
116,cs.CL,"These results argue that useful self-reports remain sensitive to elicitation, correlated errors, and benchmark noise.",negation,5,"It is not the case that these results argue that useful self-reports remain sensitive to elicitation, correlated errors, and benchmark noise.",prepended denial,0.8512139320373535,68.7941939352187
117,cs.CL,"We present Relational BabyLM, a system submission to the BabyLM 2026 challenge that combines two cognitively motivated inductive biases in a single decoder-only Transformer.",identical,0,"We present Relational BabyLM, a system submission to the BabyLM 2026 challenge that combines two cognitively motivated inductive biases in a single decoder-only Transformer.",unchanged,1.0000007152557373,100.00000000000004
117,cs.CL,"We present Relational BabyLM, a system submission to the BabyLM 2026 challenge that combines two cognitively motivated inductive biases in a single decoder-only Transformer.",synonym,1,"We present Relational BabyLM, a scheme submission to the BabyLM 2026 challenge that combines two cognitively motivated inductive biases in a single decoder-only Transformer.",system -> scheme,0.9699596762657166,89.42255541978513
117,cs.CL,"We present Relational BabyLM, a system submission to the BabyLM 2026 challenge that combines two cognitively motivated inductive biases in a single decoder-only Transformer.",scramble,2,"a biases to two BabyLM, system the BabyLM present We in Relational 2026 motivated decoder-only single combines challenge that inductive submission a cognitively",word order shuffled,0.15072846412658691,7.091272216853437
117,cs.CL,"We present Relational BabyLM, a system submission to the BabyLM 2026 challenge that combines two cognitively motivated inductive biases in a single decoder-only Transformer.",number_swap,3,"We present Relational BabyLM, a system submission to the BabyLM 2033 challenge that combines two cognitively motivated inductive biases in a single decoder-only Transformer.",2026 -> 2033,0.9878025054931641,89.42255541978513
117,cs.CL,"We present Relational BabyLM, a system submission to the BabyLM 2026 challenge that combines two cognitively motivated inductive biases in a single decoder-only Transformer.",antonym,4,"We present Relational BabyLM, a system submission to the BabyLM 2026 challenge that combines two cognitively motivated deductive biases in a single decoder-only Transformer.",inductive -> deductive,0.9768834114074707,89.42255541978513
117,cs.CL,"We present Relational BabyLM, a system submission to the BabyLM 2026 challenge that combines two cognitively motivated inductive biases in a single decoder-only Transformer.",negation,5,"It is not the case that we present Relational BabyLM, a system submission to the BabyLM 2026 challenge that combines two cognitively motivated inductive biases in a single decoder-only Transformer.",prepended denial,0.8784748315811157,77.01365065543355
118,cs.CL,BabyLM's data-constrained training and comprehensive evaluation is an ideal testing ground for whether that data efficiency transfers.,identical,0,BabyLM's data-constrained training and comprehensive evaluation is an ideal testing ground for whether that data efficiency transfers.,unchanged,1.0,100.00000000000004
118,cs.CL,BabyLM's data-constrained training and comprehensive evaluation is an ideal testing ground for whether that data efficiency transfers.,synonym,1,BabyLM's data-constrained preparation and comprehensive evaluation is an ideal testing ground for whether that data efficiency transfers.,training -> preparation,0.947182834148407,85.78928092681431
118,cs.CL,BabyLM's data-constrained training and comprehensive evaluation is an ideal testing ground for whether that data efficiency transfers.,scramble,2,whether BabyLM's for training comprehensive is evaluation ground an and that testing efficiency data-constrained ideal data,word order shuffled,0.2570192813873291,4.3164581491885725
118,cs.CL,BabyLM's data-constrained training and comprehensive evaluation is an ideal testing ground for whether that data efficiency transfers.,antonym,4,BabyLM's data-constrained training and noncomprehensive evaluation is an ideal testing ground for whether that data efficiency transfers.,comprehensive -> noncomprehensive,0.8340516686439514,83.94327083733333
118,cs.CL,BabyLM's data-constrained training and comprehensive evaluation is an ideal testing ground for whether that data efficiency transfers.,negation,5,BabyLM's data-constrained training and comprehensive evaluation is not an ideal testing ground for whether that data efficiency transfers.,inserted 'not' after 'is',0.9220712780952454,84.92326635760686
119,cs.CL,Architecture is the dominant factor for structural linguistic generalization; the objective is secondary but still significant.,identical,0,Architecture is the dominant factor for structural linguistic generalization; the objective is secondary but still significant.,unchanged,1.0,100.00000000000004
119,cs.CL,Architecture is the dominant factor for structural linguistic generalization; the objective is secondary but still significant.,synonym,1,Architecture is the prevailing factor for structural linguistic generalization; the objective is secondary but still significant.,dominant -> prevailing,0.962885856628418,83.94327083733333
119,cs.CL,Architecture is the dominant factor for structural linguistic generalization; the objective is secondary but still significant.,scramble,2,is dominant for linguistic Architecture structural secondary the but objective factor still generalization; the is,word order shuffled,0.2702483534812927,12.208787311996696
119,cs.CL,Architecture is the dominant factor for structural linguistic generalization; the objective is secondary but still significant.,antonym,4,Architecture differ the dominant factor for structural linguistic generalization; the objective is secondary but still significant.,is -> differ,0.8913811445236206,89.15993127600096
119,cs.CL,Architecture is the dominant factor for structural linguistic generalization; the objective is secondary but still significant.,negation,5,Architecture is not the dominant factor for structural linguistic generalization; the objective is secondary but still significant.,inserted 'not' after 'is',0.8933154344558716,86.63975517813623
120,cs.CL,DAT's three relational attention types (full RA vs. the simpler RCA and DisRCA variants) are largely interchangeable at 10M words; full RA pulls ahead at 100M.,identical,0,DAT's three relational attention types (full RA vs. the simpler RCA and DisRCA variants) are largely interchangeable at 10M words; full RA pulls ahead at 100M.,unchanged,1.0,100.00000000000004
120,cs.CL,DAT's three relational attention types (full RA vs. the simpler RCA and DisRCA variants) are largely interchangeable at 10M words; full RA pulls ahead at 100M.,synonym,1,DAT's three relational attention types (full RA vs. the simpler RCA and DisRCA variants) are largely interchangeable at 10M words; full RA pull ahead at 100M.,pulls -> pull,0.9743491411209106,91.27592114472296
120,cs.CL,DAT's three relational attention types (full RA vs. the simpler RCA and DisRCA variants) are largely interchangeable at 10M words; full RA pulls ahead at 100M.,scramble,2,attention vs. and RA 10M full relational pulls RA (full at three words; at ahead RCA DisRCA are simpler DAT's variants) interchangeable types the largely,word order shuffled,0.26486828923225403,6.628532219889149
120,cs.CL,DAT's three relational attention types (full RA vs. the simpler RCA and DisRCA variants) are largely interchangeable at 10M words; full RA pulls ahead at 100M.,antonym,4,DAT's three relational attention types (full RA vs. the simpler RCA and DisRCA variants) are largely interchangeable at 10M words; full RA push ahead at 100M.,pulls -> push,0.9362779259681702,91.27592114472296
120,cs.CL,DAT's three relational attention types (full RA vs. the simpler RCA and DisRCA variants) are largely interchangeable at 10M words; full RA pulls ahead at 100M.,negation,5,DAT's three relational attention types (full RA vs. the simpler RCA and DisRCA variants) are not largely interchangeable at 10M words; full RA pulls ahead at 100M.,inserted 'not' after 'are',0.9642021059989929,91.57103753711765
121,cs.CL,"We also introduce a novel symbol-retrieval mechanism (RoPE-based, as opposed to learned, relative symbols) that matches learned symbol libraries while adding no parameters.",identical,0,"We also introduce a novel symbol-retrieval mechanism (RoPE-based, as opposed to learned, relative symbols) that matches learned symbol libraries while adding no parameters.",unchanged,0.9999992847442627,100.00000000000004
121,cs.CL,"We also introduce a novel symbol-retrieval mechanism (RoPE-based, as opposed to learned, relative symbols) that matches learned symbol libraries while adding no parameters.",synonym,1,"We also introduce a novel symbol-retrieval mechanism (RoPE-based, as opposed to learned, relative symbols) that match learned symbol libraries while adding no parameters.",matches -> match,0.9842987656593323,90.25139799587889
121,cs.CL,"We also introduce a novel symbol-retrieval mechanism (RoPE-based, as opposed to learned, relative symbols) that matches learned symbol libraries while adding no parameters.",scramble,2,"learned no (RoPE-based, a libraries opposed introduce learned, matches symbol mechanism We novel also relative symbol-retrieval while to symbols) as that adding",word order shuffled,0.2754673957824707,10.159690066493743
121,cs.CL,"We also introduce a novel symbol-retrieval mechanism (RoPE-based, as opposed to learned, relative symbols) that matches learned symbol libraries while adding no parameters.",antonym,4,"We also introduce a novel symbol-retrieval mechanism (RoPE-based, as opposed to learned, relative symbols) that matches learned symbol libraries while subtract no parameters.",adding -> subtract,0.9340929388999939,90.25139799587889
121,cs.CL,"We also introduce a novel symbol-retrieval mechanism (RoPE-based, as opposed to learned, relative symbols) that matches learned symbol libraries while adding no parameters.",negation,5,"It is not the case that we also introduce a novel symbol-retrieval mechanism (RoPE-based, as opposed to learned, relative symbols) that matches learned symbol libraries while adding no parameters.",prepended denial,0.8632673621177673,78.43248197482684
122,cs.CL,"FarmerChat is Digital Green's AI-powered agricultural advisory assistant for smallholder farmers, who access it in their own language through text, voice, or photographs.",identical,0,"FarmerChat is Digital Green's AI-powered agricultural advisory assistant for smallholder farmers, who access it in their own language through text, voice, or photographs.",unchanged,1.0,100.00000000000004
122,cs.CL,"FarmerChat is Digital Green's AI-powered agricultural advisory assistant for smallholder farmers, who access it in their own language through text, voice, or photographs.",synonym,1,"FarmerChat is Digital Green's AI-powered agricultural advisory assistant for smallholder farmers, who access it in their own speech through text, voice, or photographs.",language -> speech,0.9414418339729309,89.85396083419644
122,cs.CL,"FarmerChat is Digital Green's AI-powered agricultural advisory assistant for smallholder farmers, who access it in their own language through text, voice, or photographs.",scramble,2,"assistant AI-powered in text, Digital voice, it or for agricultural is access own FarmerChat advisory smallholder farmers, who language through Green's their",word order shuffled,0.2780214548110962,16.36670721339662
122,cs.CL,"FarmerChat is Digital Green's AI-powered agricultural advisory assistant for smallholder farmers, who access it in their own language through text, voice, or photographs.",antonym,4,"FarmerChat differ Digital Green's AI-powered agricultural advisory assistant for smallholder farmers, who access it in their own language through text, voice, or photographs.",is -> differ,0.9225268363952637,93.04899483313594
122,cs.CL,"FarmerChat is Digital Green's AI-powered agricultural advisory assistant for smallholder farmers, who access it in their own language through text, voice, or photographs.",negation,5,"FarmerChat is not Digital Green's AI-powered agricultural advisory assistant for smallholder farmers, who access it in their own language through text, voice, or photographs.",inserted 'not' after 'is',0.9266334176063538,91.3071494040541
123,cs.CL,"These conditions disproportionately affect crop, pest, chemical, and quantity terms that carry the meaning of a farmer's query.",identical,0,"These conditions disproportionately affect crop, pest, chemical, and quantity terms that carry the meaning of a farmer's query.",unchanged,0.9999992847442627,100.00000000000004
123,cs.CL,"These conditions disproportionately affect crop, pest, chemical, and quantity terms that carry the meaning of a farmer's query.",synonym,1,"These weather disproportionately affect crop, pest, chemical, and quantity terms that carry the meaning of a farmer's query.",conditions -> weather,0.9250067472457886,91.32027013286006
123,cs.CL,"These conditions disproportionately affect crop, pest, chemical, and quantity terms that carry the meaning of a farmer's query.",scramble,2,"carry crop, chemical, and a the pest, These conditions affect terms disproportionately quantity meaning that of farmer's",word order shuffled,0.3452882170677185,19.286219554369602
123,cs.CL,"These conditions disproportionately affect crop, pest, chemical, and quantity terms that carry the meaning of a farmer's query.",antonym,4,"These conditions proportionately affect crop, pest, chemical, and quantity terms that carry the meaning of a farmer's query.",disproportionately -> proportionately,0.9451645612716675,88.67047947918728
123,cs.CL,"These conditions disproportionately affect crop, pest, chemical, and quantity terms that carry the meaning of a farmer's query.",negation,5,"It is not the case that these conditions disproportionately affect crop, pest, chemical, and quantity terms that carry the meaning of a farmer's query.",prepended denial,0.87029629945755,73.52923728444685
124,cs.CL,"We present a modular, model-agnostic pipeline for improving ASR quality in FarmerChat without fine-tuning or replacing the underlying ASR model.",identical,0,"We present a modular, model-agnostic pipeline for improving ASR quality in FarmerChat without fine-tuning or replacing the underlying ASR model.",unchanged,0.9999996423721313,100.00000000000004
124,cs.CL,"We present a modular, model-agnostic pipeline for improving ASR quality in FarmerChat without fine-tuning or replacing the underlying ASR model.",synonym,1,"We present a modular, model-agnostic pipeline for improving ASR quality in FarmerChat without fine-tuning or replace the underlying ASR model.",replacing -> replace,0.9180536866188049,87.25129388059693
124,cs.CL,"We present a modular, model-agnostic pipeline for improving ASR quality in FarmerChat without fine-tuning or replacing the underlying ASR model.",scramble,2,"for in without replacing the quality present We ASR improving or underlying pipeline FarmerChat a fine-tuning model-agnostic ASR modular,",word order shuffled,0.2938847839832306,7.327178929360789
124,cs.CL,"We present a modular, model-agnostic pipeline for improving ASR quality in FarmerChat without fine-tuning or replacing the underlying ASR model.",antonym,4,"We present a modular, model-agnostic pipeline for worsen ASR quality in FarmerChat without fine-tuning or replacing the underlying ASR model.",improving -> worsen,0.929972231388092,87.25129388059693
124,cs.CL,"We present a modular, model-agnostic pipeline for improving ASR quality in FarmerChat without fine-tuning or replacing the underlying ASR model.",negation,5,"It is not the case that we present a modular, model-agnostic pipeline for improving ASR quality in FarmerChat without fine-tuning or replacing the underlying ASR model.",prepended denial,0.8550312519073486,73.52923728444685
125,cs.CL,"The pipeline combines gated audio enhancement, speaker diarization and target-speaker selection, ASR, domain-aware correction using a weighted agricultural lexicon, and a quality gate for detecting unreliable transcripts.",identical,0,"The pipeline combines gated audio enhancement, speaker diarization and target-speaker selection, ASR, domain-aware correction using a weighted agricultural lexicon, and a quality gate for detecting unreliable transcripts.",unchanged,0.9999992847442627,100.00000000000004
125,cs.CL,"The pipeline combines gated audio enhancement, speaker diarization and target-speaker selection, ASR, domain-aware correction using a weighted agricultural lexicon, and a quality gate for detecting unreliable transcripts.",synonym,1,"The pipeline combines gated audio enhancement, speaker diarization and target-speaker selection, ASR, domain-aware correction using a weighted agricultural lexicon, and a quality gate for detecting undependable transcripts.",unreliable -> undependable,0.9707860946655273,92.47332419808174
125,cs.CL,"The pipeline combines gated audio enhancement, speaker diarization and target-speaker selection, ASR, domain-aware correction using a weighted agricultural lexicon, and a quality gate for detecting unreliable transcripts.",scramble,2,"ASR, combines target-speaker and unreliable using The diarization correction domain-aware for gate quality agricultural selection, weighted detecting lexicon, enhancement, a a audio gated speaker pipeline and",word order shuffled,0.39357924461364746,6.464866889710537
125,cs.CL,"The pipeline combines gated audio enhancement, speaker diarization and target-speaker selection, ASR, domain-aware correction using a weighted agricultural lexicon, and a quality gate for detecting unreliable transcripts.",antonym,4,"The pipeline combines gated audio enhancement, speaker diarization and target-speaker selection, ASR, domain-aware correction using a weighted agricultural lexicon, and a quality gate for detecting reliable transcripts.",unreliable -> reliable,0.9824715256690979,92.47332419808174
125,cs.CL,"The pipeline combines gated audio enhancement, speaker diarization and target-speaker selection, ASR, domain-aware correction using a weighted agricultural lexicon, and a quality gate for detecting unreliable transcripts.",negation,5,"It is not the case that the pipeline combines gated audio enhancement, speaker diarization and target-speaker selection, ASR, domain-aware correction using a weighted agricultural lexicon, and a quality gate for detecting unreliable transcripts.",prepended denial,0.8839280009269714,80.80175208290358
126,cs.CL,Only the diarization stage is fine-tuned; all other stages use off-the-shelf models behind common interfaces.,identical,0,Only the diarization stage is fine-tuned; all other stages use off-the-shelf models behind common interfaces.,unchanged,1.0,100.00000000000004
126,cs.CL,Only the diarization stage is fine-tuned; all other stages use off-the-shelf models behind common interfaces.,synonym,1,Only the diarization stage be fine-tuned; all other stages use off-the-shelf models behind common interfaces.,is -> be,0.9149872064590454,82.82477531331043
126,cs.CL,Only the diarization stage is fine-tuned; all other stages use off-the-shelf models behind common interfaces.,scramble,2,the common all stages other models use Only diarization behind stage is fine-tuned; off-the-shelf,word order shuffled,0.4502027630805969,20.036355246442355
126,cs.CL,Only the diarization stage is fine-tuned; all other stages use off-the-shelf models behind common interfaces.,antonym,4,Only the diarization stage differ fine-tuned; all other stages use off-the-shelf models behind common interfaces.,is -> differ,0.9003747701644897,82.82477531331043
126,cs.CL,Only the diarization stage is fine-tuned; all other stages use off-the-shelf models behind common interfaces.,negation,5,Only the diarization stage is not fine-tuned; all other stages use off-the-shelf models behind common interfaces.,inserted 'not' after 'is',0.9588562846183777,83.94327083733333
127,cs.CL,"We evaluate the pipeline on human-annotated FarmerChat recordings in Hindi, Telugu, and Odia using word error rate (WER) and a domain-weighted error rate that gives greater importance to agricultural terminology.",identical,0,"We evaluate the pipeline on human-annotated FarmerChat recordings in Hindi, Telugu, and Odia using word error rate (WER) and a domain-weighted error rate that gives greater importance to agricultural terminology.",unchanged,1.0,100.00000000000004
127,cs.CL,"We evaluate the pipeline on human-annotated FarmerChat recordings in Hindi, Telugu, and Odia using word error rate (WER) and a domain-weighted error rate that gives greater importance to agricultural terminology.",synonym,1,"We evaluate the pipeline on human-annotated FarmerChat recordings in Hindi, Telugu, and Odia using word error rate (WER) and a domain-weighted error pace that gives greater importance to agricultural terminology.",rate -> pace,0.9385046362876892,92.34732618882049
127,cs.CL,"We evaluate the pipeline on human-annotated FarmerChat recordings in Hindi, Telugu, and Odia using word error rate (WER) and a domain-weighted error rate that gives greater importance to agricultural terminology.",scramble,2,"in domain-weighted rate Hindi, Odia that and a error and evaluate Telugu, gives importance human-annotated on FarmerChat using We (WER) the recordings agricultural word pipeline rate to greater error",word order shuffled,0.2646811306476593,9.010645269692086
127,cs.CL,"We evaluate the pipeline on human-annotated FarmerChat recordings in Hindi, Telugu, and Odia using word error rate (WER) and a domain-weighted error rate that gives greater importance to agricultural terminology.",antonym,4,"We evaluate the pipeline on human-annotated FarmerChat recordings in Hindi, Telugu, and Odia using word error rate (WER) and a domain-weighted error rate that gives lesser importance to agricultural terminology.",greater -> lesser,0.9827547669410706,92.34732618882049
127,cs.CL,"We evaluate the pipeline on human-annotated FarmerChat recordings in Hindi, Telugu, and Odia using word error rate (WER) and a domain-weighted error rate that gives greater importance to agricultural terminology.",negation,5,"It is not the case that we evaluate the pipeline on human-annotated FarmerChat recordings in Hindi, Telugu, and Odia using word error rate (WER) and a domain-weighted error rate that gives greater importance to agricultural terminology.",prepended denial,0.8983670473098755,82.2627302431194
128,cs.CL,"The largest improvements occur on multi-speaker recordings, where target-speaker selection prevents competing speech from entering the transcript.",identical,0,"The largest improvements occur on multi-speaker recordings, where target-speaker selection prevents competing speech from entering the transcript.",unchanged,1.0,100.00000000000004
128,cs.CL,"The largest improvements occur on multi-speaker recordings, where target-speaker selection prevents competing speech from entering the transcript.",synonym,1,"The largest improvements happen on multi-speaker recordings, where target-speaker selection prevents competing speech from entering the transcript.",occur -> happen,0.9893680810928345,84.92326635760686
128,cs.CL,"The largest improvements occur on multi-speaker recordings, where target-speaker selection prevents competing speech from entering the transcript.",scramble,2,"largest from The recordings, speech on improvements target-speaker multi-speaker entering the selection competing where prevents occur",word order shuffled,0.25895142555236816,8.256703977076358
128,cs.CL,"The largest improvements occur on multi-speaker recordings, where target-speaker selection prevents competing speech from entering the transcript.",antonym,4,"The small improvements occur on multi-speaker recordings, where target-speaker selection prevents competing speech from entering the transcript.",largest -> small,0.93967604637146,89.79542144404238
128,cs.CL,"The largest improvements occur on multi-speaker recordings, where target-speaker selection prevents competing speech from entering the transcript.",negation,5,"It is not the case that the largest improvements occur on multi-speaker recordings, where target-speaker selection prevents competing speech from entering the transcript.",prepended denial,0.8620065450668335,70.13062757071812
129,cs.CL,"Across the full corpus, the pipeline reduces WER by 16-23% relative on three cloud ASR models and by 5% on an on-device model.",identical,0,"Across the full corpus, the pipeline reduces WER by 16-23% relative on three cloud ASR models and by 5% on an on-device model.",unchanged,1.0,100.00000000000004
129,cs.CL,"Across the full corpus, the pipeline reduces WER by 16-23% relative on three cloud ASR models and by 5% on an on-device model.",synonym,1,"Across the full corpus, the pipeline reduces WER by 16-23% relation on three cloud ASR models and by 5% on an on-device model.",relative -> relation,0.8883697390556335,90.61874434879648
129,cs.CL,"Across the full corpus, the pipeline reduces WER by 16-23% relative on three cloud ASR models and by 5% on an on-device model.",scramble,2,"models the the an and on WER 5% by pipeline relative by corpus, three on-device on full reduces 16-23% Across ASR cloud",word order shuffled,0.3020145893096924,14.775728034799462
129,cs.CL,"Across the full corpus, the pipeline reduces WER by 16-23% relative on three cloud ASR models and by 5% on an on-device model.",number_swap,3,"Across the full corpus, the pipeline reduces WER by 16-23% relative on three cloud ASR models and by 30% on an on-device model.",5% -> 30%,0.9699095487594604,90.61874434879648
129,cs.CL,"Across the full corpus, the pipeline reduces WER by 16-23% relative on three cloud ASR models and by 5% on an on-device model.",antonym,4,"Across the empty corpus, the pipeline reduces WER by 16-23% relative on three cloud ASR models and by 5% on an on-device model.",full -> empty,0.9396287202835083,91.63140145331569
129,cs.CL,"Across the full corpus, the pipeline reduces WER by 16-23% relative on three cloud ASR models and by 5% on an on-device model.",negation,5,"It is not the case that across the full corpus, the pipeline reduces WER by 16-23% relative on three cloud ASR models and by 5% on an on-device model.",prepended denial,0.8915969133377075,79.07807125125278
130,cs.CL,"On multi-speaker recordings, the reductions are 32-42% for the cloud models and 16% for the on-device model.",identical,0,"On multi-speaker recordings, the reductions are 32-42% for the cloud models and 16% for the on-device model.",unchanged,1.0,100.00000000000004
130,cs.CL,"On multi-speaker recordings, the reductions are 32-42% for the cloud models and 16% for the on-device model.",synonym,1,"On multi-speaker recordings, the reductions are 32-42% for the cloud model and 16% for the on-device model.",models -> model,0.968144416809082,87.87419089273847
130,cs.CL,"On multi-speaker recordings, the reductions are 32-42% for the cloud models and 16% for the on-device model.",scramble,2,"32-42% models cloud 16% for the On multi-speaker reductions on-device the the for are recordings, and",word order shuffled,0.3553946614265442,28.27610520464639
130,cs.CL,"On multi-speaker recordings, the reductions are 32-42% for the cloud models and 16% for the on-device model.",number_swap,3,"On multi-speaker recordings, the reductions are 32-42% for the cloud models and 23% for the on-device model.",16% -> 23%,0.9847190380096436,87.87419089273847
130,cs.CL,"On multi-speaker recordings, the reductions are 32-42% for the cloud models and 16% for the on-device model.",antonym,4,"On multi-speaker recordings, the reductions differ 32-42% for the cloud models and 16% for the on-device model.",are -> differ,0.9311482310295105,87.87419089273847
130,cs.CL,"On multi-speaker recordings, the reductions are 32-42% for the cloud models and 16% for the on-device model.",negation,5,"On multi-speaker recordings, the reductions are not 32-42% for the cloud models and 16% for the on-device model.",inserted 'not' after 'are',0.9287488460540771,88.43865924896839
131,cs.CL,"These results show that targeted preprocessing, speaker selection, and domain-aware post-processing can substantially improve agricultural speech transcription while preserving the underlying ASR model.",identical,0,"These results show that targeted preprocessing, speaker selection, and domain-aware post-processing can substantially improve agricultural speech transcription while preserving the underlying ASR model.",unchanged,1.0,100.00000000000004
131,cs.CL,"These results show that targeted preprocessing, speaker selection, and domain-aware post-processing can substantially improve agricultural speech transcription while preserving the underlying ASR model.",synonym,1,"These results show that target preprocessing, speaker selection, and domain-aware post-processing can substantially improve agricultural speech transcription while preserving the underlying ASR model.",targeted -> target,0.9760891795158386,89.42255541978513
131,cs.CL,"These results show that targeted preprocessing, speaker selection, and domain-aware post-processing can substantially improve agricultural speech transcription while preserving the underlying ASR model.",scramble,2,"targeted can results preserving selection, that improve underlying while preprocessing, the These and agricultural domain-aware post-processing speech speaker substantially transcription show ASR",word order shuffled,0.3302904963493347,7.091272216853437
131,cs.CL,"These results show that targeted preprocessing, speaker selection, and domain-aware post-processing can substantially improve agricultural speech transcription while preserving the underlying ASR model.",antonym,4,"These results show that targeted preprocessing, speaker selection, and domain-aware post-processing can substantially worsen agricultural speech transcription while preserving the underlying ASR model.",improve -> worsen,0.9480604529380798,89.42255541978513
131,cs.CL,"These results show that targeted preprocessing, speaker selection, and domain-aware post-processing can substantially improve agricultural speech transcription while preserving the underlying ASR model.",negation,5,"These results show that targeted preprocessing, speaker selection, and domain-aware post-processing can not substantially improve agricultural speech transcription while preserving the underlying ASR model.",inserted 'not' after 'can',0.9477719068527222,89.85396083419644
132,cs.CL,"Despite the widely recognized potential of AI in education, most prior work has focused on individualized student assistance.",identical,0,"Despite the widely recognized potential of AI in education, most prior work has focused on individualized student assistance.",unchanged,1.0,100.00000000000004
132,cs.CL,"Despite the widely recognized potential of AI in education, most prior work has focused on individualized student assistance.",synonym,1,"Despite the widely recognized potential of AI in education, most prior work has concentrate on individualized student assistance.",focused -> concentrate,0.9271790385246277,85.78928092681431
132,cs.CL,"Despite the widely recognized potential of AI in education, most prior work has focused on individualized student assistance.",scramble,2,"individualized widely most the on prior recognized work has Despite in education, potential student focused of AI",word order shuffled,0.3014378547668457,13.31488794012028
132,cs.CL,"Despite the widely recognized potential of AI in education, most prior work has focused on individualized student assistance.",antonym,4,"Despite the widely recognized potential of AI in education, most prior work lack focused on individualized student assistance.",has -> lack,0.9147195219993591,85.78928092681431
132,cs.CL,"Despite the widely recognized potential of AI in education, most prior work has focused on individualized student assistance.",negation,5,"Despite the widely recognized potential of AI in education, most prior work has not focused on individualized student assistance.",inserted 'not' after 'has',0.9222227931022644,86.5603055254171
133,cs.CL,"In contrast, the majority of educational practice worldwide still takes place in collective classroom settings.",identical,0,"In contrast, the majority of educational practice worldwide still takes place in collective classroom settings.",unchanged,1.0,100.00000000000004
133,cs.CL,"In contrast, the majority of educational practice worldwide still takes place in collective classroom settings.",synonym,1,"In contrast, the majority of educational practice worldwide still takes spot in collective classroom settings.",place -> spot,0.8585438132286072,82.82477531331043
133,cs.CL,"In contrast, the majority of educational practice worldwide still takes place in collective classroom settings.",scramble,2,"collective practice place still contrast, worldwide majority educational in In takes the of classroom",word order shuffled,0.22211875021457672,7.612168863319705
133,cs.CL,"In contrast, the majority of educational practice worldwide still takes place in collective classroom settings.",antonym,4,"In contrast, the majority of educational practice worldwide still takes place in distributive classroom settings.",collective -> distributive,0.9256618618965149,82.82477531331043
133,cs.CL,"In contrast, the majority of educational practice worldwide still takes place in collective classroom settings.",negation,5,"It is not the case that in contrast, the majority of educational practice worldwide still takes place in collective classroom settings.",prepended denial,0.8399254679679871,67.331874553513
134,cs.CL,"Among many other applications, Edustories enables evaluating LLMs' ability to predict the success of teacher interventions, crucial for providing practicing teachers with useful feedback.",identical,0,"Among many other applications, Edustories enables evaluating LLMs' ability to predict the success of teacher interventions, crucial for providing practicing teachers with useful feedback.",unchanged,0.9999996423721313,100.00000000000004
134,cs.CL,"Among many other applications, Edustories enables evaluating LLMs' ability to predict the success of teacher interventions, crucial for providing practicing teachers with useful feedback.",synonym,1,"Among many other applications, Edustories enables evaluating LLMs' ability to predict the success of instructor interventions, crucial for providing practicing teachers with useful feedback.",teacher -> instructor,0.956457257270813,89.85396083419644
134,cs.CL,"Among many other applications, Edustories enables evaluating LLMs' ability to predict the success of teacher interventions, crucial for providing practicing teachers with useful feedback.",scramble,2,"to with interventions, the teacher ability predict enables of Among other success many practicing providing applications, teachers for useful LLMs' crucial Edustories evaluating",word order shuffled,0.15904931724071503,6.218004098675045
134,cs.CL,"Among many other applications, Edustories enables evaluating LLMs' ability to predict the success of teacher interventions, crucial for providing practicing teachers with useful feedback.",antonym,4,"Among few other applications, Edustories enables evaluating LLMs' ability to predict the success of teacher interventions, crucial for providing practicing teachers with useful feedback.",many -> few,0.9647053480148315,93.04899483313594
134,cs.CL,"Among many other applications, Edustories enables evaluating LLMs' ability to predict the success of teacher interventions, crucial for providing practicing teachers with useful feedback.",negation,5,"It is not the case that among many other applications, Edustories enables evaluating LLMs' ability to predict the success of teacher interventions, crucial for providing practicing teachers with useful feedback.",prepended denial,0.8518714904785156,77.74570245775203
135,cs.CL,This gap highlights both the limitations and the emerging potential of AI as assistants for practicing teachers.,identical,0,This gap highlights both the limitations and the emerging potential of AI as assistants for practicing teachers.,unchanged,0.9999996423721313,100.00000000000004
135,cs.CL,This gap highlights both the limitations and the emerging potential of AI as assistants for practicing teachers.,synonym,1,This gap highlights both the restriction and the emerging potential of AI as assistants for practicing teachers.,limitations -> restriction,0.8729715347290039,83.94327083733333
135,cs.CL,This gap highlights both the limitations and the emerging potential of AI as assistants for practicing teachers.,scramble,2,both as for and the potential AI emerging assistants the highlights gap This practicing of limitations,word order shuffled,0.2206665426492691,7.259388368490708
135,cs.CL,This gap highlights both the limitations and the emerging potential of AI as assistants for practicing teachers.,antonym,4,This gap background both the limitations and the emerging potential of AI as assistants for practicing teachers.,highlights -> background,0.8875331282615662,85.78928092681431
135,cs.CL,This gap highlights both the limitations and the emerging potential of AI as assistants for practicing teachers.,negation,5,It is not the case that this gap highlights both the limitations and the emerging potential of AI as assistants for practicing teachers.,prepended denial,0.8211202621459961,68.7941939352187
136,cs.CL,"One proposed solution is alignment midtraining (AMT), which continues pretraining on large volumes of alignment-relevant documents to encourage generalisation in later stages of training.",identical,0,"One proposed solution is alignment midtraining (AMT), which continues pretraining on large volumes of alignment-relevant documents to encourage generalisation in later stages of training.",unchanged,1.0,100.00000000000004
136,cs.CL,"One proposed solution is alignment midtraining (AMT), which continues pretraining on large volumes of alignment-relevant documents to encourage generalisation in later stages of training.",synonym,1,"One proposed solution is alignment midtraining (AMT), which continue pretraining on large volumes of alignment-relevant documents to encourage generalisation in later stages of training.",continues -> continue,0.9528532028198242,90.25139799587889
136,cs.CL,"One proposed solution is alignment midtraining (AMT), which continues pretraining on large volumes of alignment-relevant documents to encourage generalisation in later stages of training.",scramble,2,"later solution large to on One encourage midtraining of proposed stages of alignment (AMT), continues which generalisation in alignment-relevant pretraining volumes is documents",word order shuffled,0.35023707151412964,15.19228015851676
136,cs.CL,"One proposed solution is alignment midtraining (AMT), which continues pretraining on large volumes of alignment-relevant documents to encourage generalisation in later stages of training.",antonym,4,"One proposed solution is alignment midtraining (AMT), which discontinue pretraining on large volumes of alignment-relevant documents to encourage generalisation in later stages of training.",continues -> discontinue,0.9232631921768188,90.25139799587889
136,cs.CL,"One proposed solution is alignment midtraining (AMT), which continues pretraining on large volumes of alignment-relevant documents to encourage generalisation in later stages of training.",negation,5,"One proposed solution is not alignment midtraining (AMT), which continues pretraining on large volumes of alignment-relevant documents to encourage generalisation in later stages of training.",inserted 'not' after 'is',0.9337655305862427,90.61874434879648
137,cs.CL,"Despite the prominence of AMT as an alignment approach, there is limited public evidence for its effectiveness.",identical,0,"Despite the prominence of AMT as an alignment approach, there is limited public evidence for its effectiveness.",unchanged,1.0000007152557373,100.00000000000004
137,cs.CL,"Despite the prominence of AMT as an alignment approach, there is limited public evidence for its effectiveness.",synonym,1,"Despite the prominence of AMT as an alignment approach, there is limited public grounds for its effectiveness.",evidence -> grounds,0.899947464466095,84.92326635760686
137,cs.CL,"Despite the prominence of AMT as an alignment approach, there is limited public evidence for its effectiveness.",scramble,2,"an AMT public for approach, there as alignment evidence limited the Despite prominence is of its",word order shuffled,0.2807867228984833,11.676742744881258
137,cs.CL,"Despite the prominence of AMT as an alignment approach, there is limited public evidence for its effectiveness.",antonym,4,"Despite the prominence of AMT as an alignment approach, there is unlimited public evidence for its effectiveness.",limited -> unlimited,0.9000036120414734,84.92326635760686
137,cs.CL,"Despite the prominence of AMT as an alignment approach, there is limited public evidence for its effectiveness.",negation,5,"Despite the prominence of AMT as an alignment approach, there is not limited public evidence for its effectiveness.",inserted 'not' after 'is',0.9236831068992615,85.78928092681431
138,cs.CL,"To resolve this, we identify several assumptions around midtraining and evaluate them across scale: up to 110 billion-parameter models and 1 billion midtraining tokens.",identical,0,"To resolve this, we identify several assumptions around midtraining and evaluate them across scale: up to 110 billion-parameter models and 1 billion midtraining tokens.",unchanged,1.0,100.00000000000004
138,cs.CL,"To resolve this, we identify several assumptions around midtraining and evaluate them across scale: up to 110 billion-parameter models and 1 billion midtraining tokens.",synonym,1,"To resolve this, we identify several assumptions around midtraining and evaluate them across scale: up to 110 billion-parameter model and 1 billion midtraining tokens.",models -> model,0.9618154168128967,89.85396083419644
138,cs.CL,"To resolve this, we identify several assumptions around midtraining and evaluate them across scale: up to 110 billion-parameter models and 1 billion midtraining tokens.",scramble,2,"evaluate several resolve 1 billion models them around midtraining assumptions To up this, scale: midtraining 110 billion-parameter and we to across and identify",word order shuffled,0.29413941502571106,7.81872621957951
138,cs.CL,"To resolve this, we identify several assumptions around midtraining and evaluate them across scale: up to 110 billion-parameter models and 1 billion midtraining tokens.",number_swap,3,"To resolve this, we identify several assumptions around midtraining and evaluate them across scale: up to 113 billion-parameter models and 1 billion midtraining tokens.",110 -> 113,0.9759125709533691,89.85396083419644
138,cs.CL,"To resolve this, we identify several assumptions around midtraining and evaluate them across scale: up to 110 billion-parameter models and 1 billion midtraining tokens.",antonym,4,"To resolve this, we identify several assumptions around midtraining and evaluate them across scale: down to 110 billion-parameter models and 1 billion midtraining tokens.",up -> down,0.9409806132316589,89.85396083419644
138,cs.CL,"To resolve this, we identify several assumptions around midtraining and evaluate them across scale: up to 110 billion-parameter models and 1 billion midtraining tokens.",negation,5,"It is not the case that to resolve this, we identify several assumptions around midtraining and evaluate them across scale: up to 110 billion-parameter models and 1 billion midtraining tokens.",prepended denial,0.8629484176635742,77.74570245775203
139,cs.CL,"For instance, we study a scenario where post-training data is ambiguous between two possible motivations.",identical,0,"For instance, we study a scenario where post-training data is ambiguous between two possible motivations.",unchanged,1.0,100.00000000000004
139,cs.CL,"For instance, we study a scenario where post-training data is ambiguous between two possible motivations.",synonym,1,"For instance, we study a scenario where post-training data is equivocal between two possible motivations.",ambiguous -> equivocal,0.91061931848526,82.82477531331043
139,cs.CL,"For instance, we study a scenario where post-training data is ambiguous between two possible motivations.",scramble,2,"instance, two possible study ambiguous a we data where scenario For is post-training between",word order shuffled,0.23188862204551697,9.05244537286197
139,cs.CL,"For instance, we study a scenario where post-training data is ambiguous between two possible motivations.",antonym,4,"For instance, we study a scenario where post-training data is ambiguous between two impossible motivations.",possible -> impossible,0.9369365572929382,84.82198619370465
139,cs.CL,"For instance, we study a scenario where post-training data is ambiguous between two possible motivations.",negation,5,"For instance, we study a scenario where post-training data is not ambiguous between two possible motivations.",inserted 'not' after 'is',0.9489582180976868,83.94327083733333
140,cs.CL,We find that midtraining can steer the model's motivation in simple versions of this setting.,identical,0,We find that midtraining can steer the model's motivation in simple versions of this setting.,unchanged,0.9999996423721313,100.00000000000004
140,cs.CL,We find that midtraining can steer the model's motivation in simple versions of this setting.,synonym,1,We find that midtraining can steer the model's motive in simple versions of this setting.,motivation -> motive,0.9466700553894043,81.53551038173119
140,cs.CL,We find that midtraining can steer the model's motivation in simple versions of this setting.,scramble,2,simple versions find can that We this steer midtraining the model's motivation of in,word order shuffled,0.31822365522384644,14.905667356742828
140,cs.CL,We find that midtraining can steer the model's motivation in simple versions of this setting.,antonym,4,We find that midtraining can steer the model's motivation in complex versions of this setting.,simple -> complex,0.9349910020828247,81.53551038173119
140,cs.CL,We find that midtraining can steer the model's motivation in simple versions of this setting.,negation,5,We find that midtraining can not steer the model's motivation in simple versions of this setting.,inserted 'not' after 'can',0.9389089941978455,82.82477531331043
141,cs.CL,"However, the presence of a tiny fraction of finetuning data which suggests a competing motivation erases the effects of AMT.",identical,0,"However, the presence of a tiny fraction of finetuning data which suggests a competing motivation erases the effects of AMT.",unchanged,1.0000007152557373,100.00000000000004
141,cs.CL,"However, the presence of a tiny fraction of finetuning data which suggests a competing motivation erases the effects of AMT.",synonym,1,"However, the presence of a tiny fraction of finetuning data which suggests a competing motivation erase the effects of AMT.",erases -> erase,0.8551862835884094,87.25129388059693
141,cs.CL,"However, the presence of a tiny fraction of finetuning data which suggests a competing motivation erases the effects of AMT.",scramble,2,"erases a motivation of of However, effects presence the suggests fraction of the which a tiny data finetuning competing",word order shuffled,0.117137111723423,8.108856443532748
141,cs.CL,"However, the presence of a tiny fraction of finetuning data which suggests a competing motivation erases the effects of AMT.",antonym,4,"However, the presence of a tiny fraction of finetuning data which suggests a competing motivation record the effects of AMT.",erases -> record,0.7892706990242004,87.25129388059693
141,cs.CL,"However, the presence of a tiny fraction of finetuning data which suggests a competing motivation erases the effects of AMT.",negation,5,"It is not the case that however, the presence of a tiny fraction of finetuning data which suggests a competing motivation erases the effects of AMT.",prepended denial,0.7965388298034668,73.52923728444685
142,cs.CL,"We also study scenarios in which we want an AI to follow a number of rules, but only demonstrate a subset of them.",identical,0,"We also study scenarios in which we want an AI to follow a number of rules, but only demonstrate a subset of them.",unchanged,0.999998927116394,100.00000000000004
142,cs.CL,"We also study scenarios in which we want an AI to follow a number of rules, but only demonstrate a subset of them.",synonym,1,"We also study scenarios in which we desire an AI to follow a number of rules, but only demonstrate a subset of them.",want -> desire,0.9666869640350342,88.95260356363632
142,cs.CL,"We also study scenarios in which we want an AI to follow a number of rules, but only demonstrate a subset of them.",scramble,2,"which rules, only We AI number an in but follow also study subset we of of a demonstrate to scenarios a want",word order shuffled,0.04133231192827225,6.611534550436005
142,cs.CL,"We also study scenarios in which we want an AI to follow a number of rules, but only demonstrate a subset of them.",antonym,4,"We also study scenarios in which we want an AI to follow a number of rules, but only disprove a subset of them.",demonstrate -> disprove,0.9063859581947327,88.95260356363632
142,cs.CL,"We also study scenarios in which we want an AI to follow a number of rules, but only demonstrate a subset of them.",negation,5,"It is not the case that we also study scenarios in which we want an AI to follow a number of rules, but only demonstrate a subset of them.",prepended denial,0.8432462215423584,76.23168491128143
143,cs.CL,We find that demonstrations must be present either in midtraining or post-training datasets for these rules to be robustly learned.,identical,0,We find that demonstrations must be present either in midtraining or post-training datasets for these rules to be robustly learned.,unchanged,1.0,100.00000000000004
143,cs.CL,We find that demonstrations must be present either in midtraining or post-training datasets for these rules to be robustly learned.,synonym,1,We find that demonstrations must be present either in midtraining or post-training datasets for these rule to be robustly learned.,rules -> rule,0.9047843813896179,86.5603055254171
143,cs.CL,We find that demonstrations must be present either in midtraining or post-training datasets for these rules to be robustly learned.,scramble,2,robustly that either in for demonstrations post-training find must We be rules datasets to or these be present midtraining,word order shuffled,0.27936169505119324,7.608682137399868
143,cs.CL,We find that demonstrations must be present either in midtraining or post-training datasets for these rules to be robustly learned.,antonym,4,We lose that demonstrations must be present either in midtraining or post-training datasets for these rules to be robustly learned.,find -> lose,0.930197536945343,90.86549610666287
143,cs.CL,We find that demonstrations must be present either in midtraining or post-training datasets for these rules to be robustly learned.,negation,5,It is not the case that we find that demonstrations must be present either in midtraining or post-training datasets for these rules to be robustly learned.,prepended denial,0.8286182880401611,72.48600507984249
144,cs.CL,"Large language models are usually interpreted through concepts that humans already possess: truthfulness, refusal, deception, personality, harmfulness, and related categories.",identical,0,"Large language models are usually interpreted through concepts that humans already possess: truthfulness, refusal, deception, personality, harmfulness, and related categories.",unchanged,1.0,100.00000000000004
144,cs.CL,"Large language models are usually interpreted through concepts that humans already possess: truthfulness, refusal, deception, personality, harmfulness, and related categories.",synonym,1,"Large language models are usually interpret through concepts that humans already possess: truthfulness, refusal, deception, personality, harmfulness, and related categories.",interpreted -> interpret,0.9500346183776855,89.85396083419644
144,cs.CL,"Large language models are usually interpreted through concepts that humans already possess: truthfulness, refusal, deception, personality, harmfulness, and related categories.",scramble,2,"harmfulness, concepts possess: refusal, usually related Large deception, personality, truthfulness, models and through language are humans already interpreted that",word order shuffled,0.3492499887943268,17.58717145447548
144,cs.CL,"Large language models are usually interpreted through concepts that humans already possess: truthfulness, refusal, deception, personality, harmfulness, and related categories.",antonym,4,"Large language models differ usually interpreted through concepts that humans already possess: truthfulness, refusal, deception, personality, harmfulness, and related categories.",are -> differ,0.9441845417022705,89.85396083419644
144,cs.CL,"Large language models are usually interpreted through concepts that humans already possess: truthfulness, refusal, deception, personality, harmfulness, and related categories.",negation,5,"Large language models are not usually interpreted through concepts that humans already possess: truthfulness, refusal, deception, personality, harmfulness, and related categories.",inserted 'not' after 'are',0.9415954947471619,90.25139799587889
145,cs.CL,This paper asks whether models may also represent and use distinctions for which no adequate human concept exists.,identical,0,This paper asks whether models may also represent and use distinctions for which no adequate human concept exists.,unchanged,1.0000007152557373,100.00000000000004
145,cs.CL,This paper asks whether models may also represent and use distinctions for which no adequate human concept exists.,synonym,1,This paper asks whether models may also represent and utilize distinctions for which no adequate human concept exists.,use -> utilize,0.9686674475669861,84.92326635760686
145,cs.CL,This paper asks whether models may also represent and use distinctions for which no adequate human concept exists.,scramble,2,adequate human for and use concept paper represent whether distinctions models This asks which also may no,word order shuffled,0.08664475381374359,8.256703977076358
145,cs.CL,This paper asks whether models may also represent and use distinctions for which no adequate human concept exists.,antonym,4,This paper obviate whether models may also represent and use distinctions for which no adequate human concept exists.,asks -> obviate,0.8320848941802979,86.63975517813623
145,cs.CL,This paper asks whether models may also represent and use distinctions for which no adequate human concept exists.,negation,5,This paper asks whether models may not also represent and use distinctions for which no adequate human concept exists.,inserted 'not' after 'may',0.9673872590065002,85.78928092681431
146,cs.CL,"We call such internal structures xeno-representations, and their study xeno-interpretability.",identical,0,"We call such internal structures xeno-representations, and their study xeno-interpretability.",unchanged,1.0000007152557373,100.00000000000004
146,cs.CL,"We call such internal structures xeno-representations, and their study xeno-interpretability.",synonym,1,"We call such internal structures xeno-representations, and their survey xeno-interpretability.",study -> survey,0.916659414768219,76.91605673134588
146,cs.CL,"We call such internal structures xeno-representations, and their study xeno-interpretability.",scramble,2,"their study internal call and We structures such xeno-representations,",word order shuffled,0.26753607392311096,12.218516275932691
146,cs.CL,"We call such internal structures xeno-representations, and their study xeno-interpretability.",antonym,4,"We call such external structures xeno-representations, and their study xeno-interpretability.",internal -> external,0.9710717797279358,73.48889200874659
146,cs.CL,"We call such internal structures xeno-representations, and their study xeno-interpretability.",negation,5,"It is not the case that we call such internal structures xeno-representations, and their study xeno-interpretability.",prepended denial,0.7848600745201111,57.30574043798692
147,cs.CL,We distinguish the human-interpretable semantic space from the xeno-semantic space: the region of model-native representations for which no adequate human conceptual counterpart is available.,identical,0,We distinguish the human-interpretable semantic space from the xeno-semantic space: the region of model-native representations for which no adequate human conceptual counterpart is available.,unchanged,0.9999996423721313,100.00000000000004
147,cs.CL,We distinguish the human-interpretable semantic space from the xeno-semantic space: the region of model-native representations for which no adequate human conceptual counterpart is available.,synonym,1,We distinguish the human-interpretable semantic space from the xeno-semantic space: the region of model-native representations for which no adequate human conceptual vis-a-vis is available.,counterpart -> vis-a-vis,0.8650804758071899,89.42255541978513
147,cs.CL,We distinguish the human-interpretable semantic space from the xeno-semantic space: the region of model-native representations for which no adequate human conceptual counterpart is available.,scramble,2,xeno-semantic no space: the representations model-native human-interpretable We of which counterpart adequate region the conceptual for human space the is semantic from distinguish,word order shuffled,0.2397390604019165,9.061838966583359
147,cs.CL,We distinguish the human-interpretable semantic space from the xeno-semantic space: the region of model-native representations for which no adequate human conceptual counterpart is available.,antonym,4,We distinguish the human-interpretable semantic space from the xeno-semantic space: the region of model-native representations for which no adequate nonhuman conceptual counterpart is available.,human -> nonhuman,0.9639608860015869,89.42255541978513
147,cs.CL,We distinguish the human-interpretable semantic space from the xeno-semantic space: the region of model-native representations for which no adequate human conceptual counterpart is available.,negation,5,We distinguish the human-interpretable semantic space from the xeno-semantic space: the region of model-native representations for which no adequate human conceptual counterpart is not available.,inserted 'not' after 'is',0.9754213690757751,90.95666970593142
148,cs.CL,We show that the space of possible internal distinctions in an LLM is substantially larger than the space available through finite human descriptions.,identical,0,We show that the space of possible internal distinctions in an LLM is substantially larger than the space available through finite human descriptions.,unchanged,1.0,100.00000000000004
148,cs.CL,We show that the space of possible internal distinctions in an LLM is substantially larger than the space available through finite human descriptions.,synonym,1,We show that the space of possible internal distinctions in an LLM is well larger than the space available through finite human descriptions.,substantially -> well,0.9679081439971924,88.43865924896839
148,cs.CL,We show that the space of possible internal distinctions in an LLM is substantially larger than the space available through finite human descriptions.,scramble,2,in that internal distinctions space possible LLM available is of than the finite substantially the space human larger show an We through,word order shuffled,0.20806784927845,7.560069318136687
148,cs.CL,We show that the space of possible internal distinctions in an LLM is substantially larger than the space available through finite human descriptions.,antonym,4,We show that the space of possible internal distinctions in an LLM is substantially larger than the space available through finite nonhuman descriptions.,human -> nonhuman,0.9590610861778259,89.71148504974099
148,cs.CL,We show that the space of possible internal distinctions in an LLM is substantially larger than the space available through finite human descriptions.,negation,5,We show that the space of possible internal distinctions in an LLM is not substantially larger than the space available through finite human descriptions.,inserted 'not' after 'is',0.9411441683769226,88.95260356363632
149,cs.CL,"On this basis, we sketch an empirical programme to identify xeno-representations.",identical,0,"On this basis, we sketch an empirical programme to identify xeno-representations.",unchanged,1.0,100.00000000000004
149,cs.CL,"On this basis, we sketch an empirical programme to identify xeno-representations.",synonym,1,"On this basis, we outline an empirical programme to identify xeno-representations.",sketch -> outline,0.9355493783950806,76.11606003349888
149,cs.CL,"On this basis, we sketch an empirical programme to identify xeno-representations.",scramble,2,"programme basis, On to we identify sketch an empirical this",word order shuffled,0.25237977504730225,17.812589421923427
149,cs.CL,"On this basis, we sketch an empirical programme to identify xeno-representations.",antonym,4,"On this basis, we sketch an theoretical programme to identify xeno-representations.",empirical -> theoretical,0.9255248308181763,76.11606003349888
149,cs.CL,"On this basis, we sketch an empirical programme to identify xeno-representations.",negation,5,"It is not the case that on this basis, we sketch an empirical programme to identify xeno-representations.",prepended denial,0.798803985118866,59.77992387152214
150,cs.CL,"We finally examine the implications for AI safety and multi-agent systems, where model-native representations may propagate and stabilize across interacting agents while remaining only partially visible through human-readable communication.",identical,0,"We finally examine the implications for AI safety and multi-agent systems, where model-native representations may propagate and stabilize across interacting agents while remaining only partially visible through human-readable communication.",unchanged,1.0,100.00000000000004
150,cs.CL,"We finally examine the implications for AI safety and multi-agent systems, where model-native representations may propagate and stabilize across interacting agents while remaining only partially visible through human-readable communication.",synonym,1,"We finally examine the implications for AI safety and multi-agent systems, where model-native representations may propagate and stabilize across interact agents while remaining only partially visible through human-readable communication.",interacting -> interact,0.9657143354415894,91.27592114472296
150,cs.CL,"We finally examine the implications for AI safety and multi-agent systems, where model-native representations may propagate and stabilize across interacting agents while remaining only partially visible through human-readable communication.",scramble,2,"agents remaining only and representations visible propagate stabilize systems, safety multi-agent human-readable implications where AI through finally model-native interacting for may while the We and partially examine across",word order shuffled,0.30703407526016235,5.5739089820985335
150,cs.CL,"We finally examine the implications for AI safety and multi-agent systems, where model-native representations may propagate and stabilize across interacting agents while remaining only partially visible through human-readable communication.",antonym,4,"We finally examine the implications for AI safety and multi-agent systems, where model-native representations may propagate and stabilize across interacting agents while remaining only wholly visible through human-readable communication.",partially -> wholly,0.9603660702705383,91.27592114472296
150,cs.CL,"We finally examine the implications for AI safety and multi-agent systems, where model-native representations may propagate and stabilize across interacting agents while remaining only partially visible through human-readable communication.",negation,5,"We finally examine the implications for AI safety and multi-agent systems, where model-native representations may not propagate and stabilize across interacting agents while remaining only partially visible through human-readable communication.",inserted 'not' after 'may',0.9667038917541504,91.57103753711765
151,cs.CL,Semantic parsing (SP)-based knowledge base question answering aims to answer natural language questions by generating executable logical forms (LFs) over knowledge bases (KBs).,identical,0,Semantic parsing (SP)-based knowledge base question answering aims to answer natural language questions by generating executable logical forms (LFs) over knowledge bases (KBs).,unchanged,1.0000007152557373,100.00000000000004
151,cs.CL,Semantic parsing (SP)-based knowledge base question answering aims to answer natural language questions by generating executable logical forms (LFs) over knowledge bases (KBs).,synonym,1,Semantic parsing (SP)-based knowledge base question answering purpose to answer natural language questions by generating executable logical forms (LFs) over knowledge bases (KBs).,aims -> purpose,0.9102781414985657,91.27592114472296
151,cs.CL,Semantic parsing (SP)-based knowledge base question answering aims to answer natural language questions by generating executable logical forms (LFs) over knowledge bases (KBs).,scramble,2,questions to parsing natural knowledge (LFs) (SP)-based logical answering over language bases answer aims by Semantic forms executable generating base question knowledge,word order shuffled,0.3501526713371277,15.89267687141619
151,cs.CL,Semantic parsing (SP)-based knowledge base question answering aims to answer natural language questions by generating executable logical forms (LFs) over knowledge bases (KBs).,antonym,4,Semantic parsing (SP)-based knowledge base question answering aims to answer natural language questions by generating executable illogical forms (LFs) over knowledge bases (KBs).,logical -> illogical,0.9228976964950562,91.27592114472296
151,cs.CL,Semantic parsing (SP)-based knowledge base question answering aims to answer natural language questions by generating executable logical forms (LFs) over knowledge bases (KBs).,negation,5,It is not the case that semantic parsing (SP)-based knowledge base question answering aims to answer natural language questions by generating executable logical forms (LFs) over knowledge bases (KBs).,prepended denial,0.8017673492431641,80.25968769328762
152,cs.CL,"Recent LLM-based methods often make early discrete commitments to schema elements during intermediate reasoning, allowing incorrect intermediate schema decisions to propagate and finally result in incorrect LFs.",identical,0,"Recent LLM-based methods often make early discrete commitments to schema elements during intermediate reasoning, allowing incorrect intermediate schema decisions to propagate and finally result in incorrect LFs.",unchanged,1.0,100.00000000000004
152,cs.CL,"Recent LLM-based methods often make early discrete commitments to schema elements during intermediate reasoning, allowing incorrect intermediate schema decisions to propagate and finally result in incorrect LFs.",synonym,1,"Recent LLM-based methods often make early distinct commitments to schema elements during intermediate reasoning, allowing incorrect intermediate schema decisions to propagate and finally result in incorrect LFs.",discrete -> distinct,0.9743862152099609,90.61874434879648
152,cs.CL,"Recent LLM-based methods often make early discrete commitments to schema elements during intermediate reasoning, allowing incorrect intermediate schema decisions to propagate and finally result in incorrect LFs.",scramble,2,"schema to intermediate Recent in make incorrect often decisions methods commitments elements LLM-based allowing to schema discrete early incorrect during propagate and reasoning, intermediate finally result",word order shuffled,0.2501643896102905,6.98701040291229
152,cs.CL,"Recent LLM-based methods often make early discrete commitments to schema elements during intermediate reasoning, allowing incorrect intermediate schema decisions to propagate and finally result in incorrect LFs.",antonym,4,"Recent LLM-based methods often make early discrete commitments to schema elements during intermediate reasoning, prevent incorrect intermediate schema decisions to propagate and finally result in incorrect LFs.",allowing -> prevent,0.8811959624290466,90.61874434879648
152,cs.CL,"Recent LLM-based methods often make early discrete commitments to schema elements during intermediate reasoning, allowing incorrect intermediate schema decisions to propagate and finally result in incorrect LFs.",negation,5,"It is not the case that recent LLM-based methods often make early discrete commitments to schema elements during intermediate reasoning, allowing incorrect intermediate schema decisions to propagate and finally result in incorrect LFs.",prepended denial,0.903985857963562,79.07807125125278
153,cs.CL,"To overcome this limitation, we propose SALR, a schema-anchored latent reasoning method for LF construction.",identical,0,"To overcome this limitation, we propose SALR, a schema-anchored latent reasoning method for LF construction.",unchanged,1.0,100.00000000000004
153,cs.CL,"To overcome this limitation, we propose SALR, a schema-anchored latent reasoning method for LF construction.",synonym,1,"To overcome this limitation, we propose SALR, a schema-anchored latent reason method for LF construction.",reasoning -> reason,0.9441269636154175,83.94327083733333
153,cs.CL,"To overcome this limitation, we propose SALR, a schema-anchored latent reasoning method for LF construction.",scramble,2,"this we limitation, SALR, method propose a reasoning To schema-anchored overcome LF latent for",word order shuffled,0.3205965459346771,8.632916298377145
153,cs.CL,"To overcome this limitation, we propose SALR, a schema-anchored latent reasoning method for LF construction.",negation,5,"It is not the case that to overcome this limitation, we propose SALR, a schema-anchored latent reasoning method for LF construction.",prepended denial,0.8298740983009338,68.7941939352187
154,cs.CL,"It performs multi-step reasoning by generating continuous thoughts in the model's hidden states, thereby delaying the explicit commitment to LF decisions.",identical,0,"It performs multi-step reasoning by generating continuous thoughts in the model's hidden states, thereby delaying the explicit commitment to LF decisions.",unchanged,1.0,100.00000000000004
154,cs.CL,"It performs multi-step reasoning by generating continuous thoughts in the model's hidden states, thereby delaying the explicit commitment to LF decisions.",synonym,1,"It performs multi-step reasoning by generating continuous thoughts in the model's hidden states, thereby delaying the expressed commitment to LF decisions.",explicit -> expressed,0.9474911689758301,87.87419089273847
154,cs.CL,"It performs multi-step reasoning by generating continuous thoughts in the model's hidden states, thereby delaying the explicit commitment to LF decisions.",scramble,2,"states, performs reasoning hidden to the continuous multi-step the It generating model's in LF delaying explicit commitment thereby by thoughts",word order shuffled,0.3084936738014221,7.069026301161597
154,cs.CL,"It performs multi-step reasoning by generating continuous thoughts in the model's hidden states, thereby delaying the explicit commitment to LF decisions.",antonym,4,"It performs multi-step reasoning by generating continuous thoughts in the model's hidden states, thereby delaying the implicit commitment to LF decisions.",explicit -> implicit,0.9586758017539978,87.87419089273847
154,cs.CL,"It performs multi-step reasoning by generating continuous thoughts in the model's hidden states, thereby delaying the explicit commitment to LF decisions.",negation,5,"It is not the case that it performs multi-step reasoning by generating continuous thoughts in the model's hidden states, thereby delaying the explicit commitment to LF decisions.",prepended denial,0.8529171943664551,75.3285133542847
155,cs.CL,It then incorporates the aligned schema codes into inputs for subsequent reasoning steps.,identical,0,It then incorporates the aligned schema codes into inputs for subsequent reasoning steps.,unchanged,1.0,100.00000000000004
155,cs.CL,It then incorporates the aligned schema codes into inputs for subsequent reasoning steps.,synonym,1,It so incorporates the aligned schema codes into inputs for subsequent reasoning steps.,then -> so,0.8931317925453186,85.5526185871245
155,cs.CL,It then incorporates the aligned schema codes into inputs for subsequent reasoning steps.,scramble,2,into reasoning schema for incorporates inputs It then aligned the codes subsequent,word order shuffled,0.4237452745437622,8.972971553870876
155,cs.CL,It then incorporates the aligned schema codes into inputs for subsequent reasoning steps.,antonym,4,It then disintegrate the aligned schema codes into inputs for subsequent reasoning steps.,incorporates -> disintegrate,0.8125426769256592,80.91067115702207
155,cs.CL,It then incorporates the aligned schema codes into inputs for subsequent reasoning steps.,negation,5,It is not the case that it then incorporates the aligned schema codes into inputs for subsequent reasoning steps.,prepended denial,0.8091371655464172,63.13922341364883
156,cs.CL,This schema-mediated feedback guides LF generation without requiring the model to emit an explicit textual reasoning trajectory.,identical,0,This schema-mediated feedback guides LF generation without requiring the model to emit an explicit textual reasoning trajectory.,unchanged,1.0000007152557373,100.00000000000004
156,cs.CL,This schema-mediated feedback guides LF generation without requiring the model to emit an explicit textual reasoning trajectory.,synonym,1,This schema-mediated feedback usher LF generation without requiring the model to emit an explicit textual reasoning trajectory.,guides -> usher,0.8725512623786926,83.94327083733333
156,cs.CL,This schema-mediated feedback guides LF generation without requiring the model to emit an explicit textual reasoning trajectory.,scramble,2,This requiring LF schema-mediated reasoning without feedback explicit the to model emit an guides generation textual,word order shuffled,0.3852527439594269,7.259388368490708
156,cs.CL,This schema-mediated feedback guides LF generation without requiring the model to emit an explicit textual reasoning trajectory.,antonym,4,This schema-mediated feedback guides LF generation without requiring the model to absorb an explicit textual reasoning trajectory.,emit -> absorb,0.9249357581138611,83.94327083733333
156,cs.CL,This schema-mediated feedback guides LF generation without requiring the model to emit an explicit textual reasoning trajectory.,negation,5,It is not the case that this schema-mediated feedback guides LF generation without requiring the model to emit an explicit textual reasoning trajectory.,prepended denial,0.8409072160720825,68.7941939352187
157,cs.CL,Experiments on GrailQA and WebQSP show that SALR achieves consistent overall gains over strong baselines.,identical,0,Experiments on GrailQA and WebQSP show that SALR achieves consistent overall gains over strong baselines.,unchanged,1.0000007152557373,100.00000000000004
157,cs.CL,Experiments on GrailQA and WebQSP show that SALR achieves consistent overall gains over strong baselines.,synonym,1,Experiments on GrailQA and WebQSP show that SALR achieve consistent overall gains over strong baselines.,achieves -> achieve,0.9662744402885437,81.53551038173119
157,cs.CL,Experiments on GrailQA and WebQSP show that SALR achieves consistent overall gains over strong baselines.,scramble,2,show strong Experiments consistent and on WebQSP achieves GrailQA over gains SALR that overall,word order shuffled,0.32328376173973083,4.761936685889798
157,cs.CL,Experiments on GrailQA and WebQSP show that SALR achieves consistent overall gains over strong baselines.,antonym,4,Experiments on GrailQA and WebQSP show that SALR achieves inconsistent overall gains over strong baselines.,consistent -> inconsistent,0.9618253111839294,81.53551038173119
157,cs.CL,Experiments on GrailQA and WebQSP show that SALR achieves consistent overall gains over strong baselines.,negation,5,It is not the case that experiments on GrailQA and WebQSP show that SALR achieves consistent overall gains over strong baselines.,prepended denial,0.8374042510986328,65.7248464608846
158,cs.CL,"Notably, on compositional questions from GrailQA, SALR outperforms TIARA, a strong SP-based baseline, by 2.86 F1 points.",identical,0,"Notably, on compositional questions from GrailQA, SALR outperforms TIARA, a strong SP-based baseline, by 2.86 F1 points.",unchanged,1.0,100.00000000000004
158,cs.CL,"Notably, on compositional questions from GrailQA, SALR outperforms TIARA, a strong SP-based baseline, by 2.86 F1 points.",synonym,1,"Notably, on compositional questions from GrailQA, SALR surpass TIARA, a strong SP-based baseline, by 2.86 F1 points.",outperforms -> surpass,0.8518086671829224,87.25129388059693
158,cs.CL,"Notably, on compositional questions from GrailQA, SALR outperforms TIARA, a strong SP-based baseline, by 2.86 F1 points.",scramble,2,"SP-based GrailQA, a SALR TIARA, strong baseline, F1 Notably, outperforms compositional questions by from 2.86 on",word order shuffled,0.46819210052490234,9.643109777184804
158,cs.CL,"Notably, on compositional questions from GrailQA, SALR outperforms TIARA, a strong SP-based baseline, by 2.86 F1 points.",number_swap,3,"Notably, on compositional questions from GrailQA, SALR outperforms TIARA, a strong SP-based baseline, by 102.86 F1 points.",2.86 -> 102.86,0.9677679538726807,87.25129388059693
158,cs.CL,"Notably, on compositional questions from GrailQA, SALR outperforms TIARA, a strong SP-based baseline, by 2.86 F1 points.",antonym,4,"Notably, on compositional questions from GrailQA, SALR outperforms TIARA, a weak SP-based baseline, by 2.86 F1 points.",strong -> weak,0.9861217737197876,87.25129388059693
158,cs.CL,"Notably, on compositional questions from GrailQA, SALR outperforms TIARA, a strong SP-based baseline, by 2.86 F1 points.",negation,5,"It is not the case that notably, on compositional questions from GrailQA, SALR outperforms TIARA, a strong SP-based baseline, by 2.86 F1 points.",prepended denial,0.8562220931053162,73.52923728444685
159,cs.CL,Further analyses show that schema-mediated feedback affects LF generation and that schema information is recoverable from the latent states.,identical,0,Further analyses show that schema-mediated feedback affects LF generation and that schema information is recoverable from the latent states.,unchanged,0.9999992847442627,100.00000000000004
159,cs.CL,Further analyses show that schema-mediated feedback affects LF generation and that schema information is recoverable from the latent states.,synonym,1,Further analyses show that schema-mediated feedback affects LF generation and that schema info is recoverable from the latent states.,information -> info,0.9628801941871643,85.78928092681431
159,cs.CL,Further analyses show that schema-mediated feedback affects LF generation and that schema information is recoverable from the latent states.,scramble,2,analyses from feedback that schema-mediated LF affects recoverable information schema Further is generation and the show that latent,word order shuffled,0.34745487570762634,8.761689001683424
159,cs.CL,Further analyses show that schema-mediated feedback affects LF generation and that schema information is recoverable from the latent states.,antonym,4,Further analyses show that schema-mediated feedback affects LF generation and that schema information is unrecoverable from the latent states.,recoverable -> unrecoverable,0.9417667984962463,85.78928092681431
159,cs.CL,Further analyses show that schema-mediated feedback affects LF generation and that schema information is recoverable from the latent states.,negation,5,Further analyses show that schema-mediated feedback affects LF generation and that schema information is not recoverable from the latent states.,inserted 'not' after 'is',0.9540243148803711,86.5603055254171
160,cs.CL,"Speculative Decoding (SD) has significantly accelerated Large Language Model (LLM) inference, yet existing approaches face a fundamental tradeoff between two drafting strategies: neural drafting and context-based copying.",identical,0,"Speculative Decoding (SD) has significantly accelerated Large Language Model (LLM) inference, yet existing approaches face a fundamental tradeoff between two drafting strategies: neural drafting and context-based copying.",unchanged,1.0,100.00000000000004
160,cs.CL,"Speculative Decoding (SD) has significantly accelerated Large Language Model (LLM) inference, yet existing approaches face a fundamental tradeoff between two drafting strategies: neural drafting and context-based copying.",synonym,1,"Speculative Decoding (SD) has significantly accelerated Large Language Model (LLM) inference, yet existing approaches face a fundamental trade-off between two drafting strategies: neural drafting and context-based copying.",tradeoff -> trade-off,0.9935954213142395,92.10500207490826
160,cs.CL,"Speculative Decoding (SD) has significantly accelerated Large Language Model (LLM) inference, yet existing approaches face a fundamental tradeoff between two drafting strategies: neural drafting and context-based copying.",scramble,2,"strategies: two a accelerated between (SD) Speculative Large Language drafting yet context-based tradeoff face fundamental Decoding drafting and Model neural approaches significantly inference, has existing (LLM)",word order shuffled,0.20682047307491302,12.328460698038471
160,cs.CL,"Speculative Decoding (SD) has significantly accelerated Large Language Model (LLM) inference, yet existing approaches face a fundamental tradeoff between two drafting strategies: neural drafting and context-based copying.",antonym,4,"Speculative Decoding (SD) has significantly decelerate Large Language Model (LLM) inference, yet existing approaches face a fundamental tradeoff between two drafting strategies: neural drafting and context-based copying.",accelerated -> decelerate,0.9255573153495789,92.10500207490826
160,cs.CL,"Speculative Decoding (SD) has significantly accelerated Large Language Model (LLM) inference, yet existing approaches face a fundamental tradeoff between two drafting strategies: neural drafting and context-based copying.",negation,5,"Speculative Decoding (SD) has not significantly accelerated Large Language Model (LLM) inference, yet existing approaches face a fundamental tradeoff between two drafting strategies: neural drafting and context-based copying.",inserted 'not' after 'has',0.9539896845817566,92.34732618882049
161,cs.CL,"We introduce SwitchSD, an adaptive framework that treats copying as a latent control signal of the LLM.",identical,0,"We introduce SwitchSD, an adaptive framework that treats copying as a latent control signal of the LLM.",unchanged,1.0,100.00000000000004
161,cs.CL,"We introduce SwitchSD, an adaptive framework that treats copying as a latent control signal of the LLM.",synonym,1,"We introduce SwitchSD, an adaptive framework that treats copying as a latent dominance signal of the LLM.",control -> dominance,0.932676374912262,84.92326635760686
161,cs.CL,"We introduce SwitchSD, an adaptive framework that treats copying as a latent control signal of the LLM.",scramble,2,"treats control introduce of that the framework SwitchSD, We adaptive copying as an a signal latent",word order shuffled,0.24973706901073456,8.256703977076358
161,cs.CL,"We introduce SwitchSD, an adaptive framework that treats copying as a latent control signal of the LLM.",antonym,4,"We introduce SwitchSD, an maladaptive framework that treats copying as a latent control signal of the LLM.",adaptive -> maladaptive,0.8552787899971008,84.92326635760686
161,cs.CL,"We introduce SwitchSD, an adaptive framework that treats copying as a latent control signal of the LLM.",negation,5,"It is not the case that we introduce SwitchSD, an adaptive framework that treats copying as a latent control signal of the LLM.",prepended denial,0.8317529559135437,70.13062757071812
162,cs.CL,"This allows the system to dynamically switch between neural drafting (e.g., EAGLE) and context-based copying.",identical,0,"This allows the system to dynamically switch between neural drafting (e.g., EAGLE) and context-based copying.",unchanged,0.9999992847442627,100.00000000000004
162,cs.CL,"This allows the system to dynamically switch between neural drafting (e.g., EAGLE) and context-based copying.",synonym,1,"This allows the system to dynamically exchange between neural drafting (e.g., EAGLE) and context-based copying.",switch -> exchange,0.9466718435287476,87.25129388059693
162,cs.CL,"This allows the system to dynamically switch between neural drafting (e.g., EAGLE) and context-based copying.",scramble,2,"system drafting and to This dynamically context-based allows EAGLE) between neural switch the (e.g.,",word order shuffled,0.298074334859848,31.370512690895108
162,cs.CL,"This allows the system to dynamically switch between neural drafting (e.g., EAGLE) and context-based copying.",antonym,4,"This allows the system to dynamically switch between neural discharge (e.g., EAGLE) and context-based copying.",drafting -> discharge,0.9827865362167358,87.25129388059693
162,cs.CL,"This allows the system to dynamically switch between neural drafting (e.g., EAGLE) and context-based copying.",negation,5,"It is not the case that this allows the system to dynamically switch between neural drafting (e.g., EAGLE) and context-based copying.",prepended denial,0.8529126048088074,73.52923728444685
163,cs.CL,Reasoning-based reranking with Large Language Models (LLMs) has shown promising improvements in text ranking.,identical,0,Reasoning-based reranking with Large Language Models (LLMs) has shown promising improvements in text ranking.,unchanged,0.9999996423721313,100.00000000000004
163,cs.CL,Reasoning-based reranking with Large Language Models (LLMs) has shown promising improvements in text ranking.,synonym,1,Reasoning-based reranking with Large Language Models (LLMs) has shown promising improvements in textbook ranking.,text -> textbook,0.9399638772010803,84.82198619370465
163,cs.CL,Reasoning-based reranking with Large Language Models (LLMs) has shown promising improvements in text ranking.,scramble,2,text with promising reranking shown (LLMs) improvements in Language Reasoning-based Models has Large,word order shuffled,0.4002155065536499,14.167842665022047
163,cs.CL,Reasoning-based reranking with Large Language Models (LLMs) has shown promising improvements in text ranking.,antonym,4,Reasoning-based reranking with Large Language Models (LLMs) lack shown promising improvements in text ranking.,has -> lack,0.9317998290061951,82.82477531331043
163,cs.CL,Reasoning-based reranking with Large Language Models (LLMs) has shown promising improvements in text ranking.,negation,5,Reasoning-based reranking with Large Language Models (LLMs) has not shown promising improvements in text ranking.,inserted 'not' after 'has',0.9575064778327942,83.94327083733333
164,cs.CL,"However, current methods predominantly rely on a single reasoning trajectory, resulting in rankings that are susceptible to reasoning errors and inherently constrained in modeling the multifaceted signals underlying document relevance.",identical,0,"However, current methods predominantly rely on a single reasoning trajectory, resulting in rankings that are susceptible to reasoning errors and inherently constrained in modeling the multifaceted signals underlying document relevance.",unchanged,1.0,100.00000000000004
164,cs.CL,"However, current methods predominantly rely on a single reasoning trajectory, resulting in rankings that are susceptible to reasoning errors and inherently constrained in modeling the multifaceted signals underlying document relevance.",synonym,1,"However, current methods preponderantly rely on a single reasoning trajectory, resulting in rankings that are susceptible to reasoning errors and inherently constrained in modeling the multifaceted signals underlying document relevance.",predominantly -> preponderantly,0.9549700617790222,91.84678024441791
164,cs.CL,"However, current methods predominantly rely on a single reasoning trajectory, resulting in rankings that are susceptible to reasoning errors and inherently constrained in modeling the multifaceted signals underlying document relevance.",scramble,2,"and underlying in rely methods document in errors constrained susceptible predominantly inherently trajectory, multifaceted on a rankings However, resulting are reasoning that reasoning signals single modeling current the to",word order shuffled,0.0896642878651619,6.310360657137246
164,cs.CL,"However, current methods predominantly rely on a single reasoning trajectory, resulting in rankings that are susceptible to reasoning errors and inherently constrained in modeling the multifaceted signals underlying document relevance.",antonym,4,"However, current methods predominantly mistrust on a single reasoning trajectory, resulting in rankings that are susceptible to reasoning errors and inherently constrained in modeling the multifaceted signals underlying document relevance.",rely -> mistrust,0.91474848985672,91.84678024441791
164,cs.CL,"However, current methods predominantly rely on a single reasoning trajectory, resulting in rankings that are susceptible to reasoning errors and inherently constrained in modeling the multifaceted signals underlying document relevance.",negation,5,"However, current methods predominantly rely on a single reasoning trajectory, resulting in rankings that are not susceptible to reasoning errors and inherently constrained in modeling the multifaceted signals underlying document relevance.",inserted 'not' after 'are',0.9483140110969543,92.10500207490826
165,cs.CL,"To resolve this dilemma, we propose MERIT-Rank(Multi-perspective Evidence and Reasoning Integration for Text Reranking), a framework that models complementary reasoning trajectories to improve reranking robustness.",identical,0,"To resolve this dilemma, we propose MERIT-Rank(Multi-perspective Evidence and Reasoning Integration for Text Reranking), a framework that models complementary reasoning trajectories to improve reranking robustness.",unchanged,1.0,100.00000000000004
165,cs.CL,"To resolve this dilemma, we propose MERIT-Rank(Multi-perspective Evidence and Reasoning Integration for Text Reranking), a framework that models complementary reasoning trajectories to improve reranking robustness.",synonym,1,"To resolve this dilemma, we propose MERIT-Rank(Multi-perspective Evidence and Reasoning Integration for Text Reranking), a model that models complementary reasoning trajectories to improve reranking robustness.",framework -> model,0.9834610819816589,91.27592114472296
165,cs.CL,"To resolve this dilemma, we propose MERIT-Rank(Multi-perspective Evidence and Reasoning Integration for Text Reranking), a framework that models complementary reasoning trajectories to improve reranking robustness.",scramble,2,"framework for this trajectories MERIT-Rank(Multi-perspective Evidence we improve that models resolve complementary Reasoning propose and to To Integration dilemma, reasoning Reranking), reranking Text a",word order shuffled,0.22739356756210327,16.874452632287223
165,cs.CL,"To resolve this dilemma, we propose MERIT-Rank(Multi-perspective Evidence and Reasoning Integration for Text Reranking), a framework that models complementary reasoning trajectories to improve reranking robustness.",antonym,4,"To resolve this dilemma, we propose MERIT-Rank(Multi-perspective Evidence and Reasoning Integration for Text Reranking), a framework that models complementary reasoning trajectories to worsen reranking robustness.",improve -> worsen,0.9616851210594177,91.27592114472296
165,cs.CL,"To resolve this dilemma, we propose MERIT-Rank(Multi-perspective Evidence and Reasoning Integration for Text Reranking), a framework that models complementary reasoning trajectories to improve reranking robustness.",negation,5,"It is not the case that to resolve this dilemma, we propose MERIT-Rank(Multi-perspective Evidence and Reasoning Integration for Text Reranking), a framework that models complementary reasoning trajectories to improve reranking robustness.",prepended denial,0.8892046213150024,80.25968769328762
166,cs.CL,MERIT-Rank formulates a Multi-Trajectory Reasoning Space (MTRS) that evaluates query-document relevance from multiple perspectives and introduces a joint reranker that consolidates these reasoning paths into a unified ranking decision.,identical,0,MERIT-Rank formulates a Multi-Trajectory Reasoning Space (MTRS) that evaluates query-document relevance from multiple perspectives and introduces a joint reranker that consolidates these reasoning paths into a unified ranking decision.,unchanged,1.0,100.00000000000004
166,cs.CL,MERIT-Rank formulates a Multi-Trajectory Reasoning Space (MTRS) that evaluates query-document relevance from multiple perspectives and introduces a joint reranker that consolidates these reasoning paths into a unified ranking decision.,synonym,1,MERIT-Rank formulates a Multi-Trajectory Reasoning Space (MTRS) that evaluates query-document relevance from multiple perspectives and introduces a joint reranker that consolidate these reasoning paths into a unified ranking decision.,consolidates -> consolidate,0.9703834652900696,91.57103753711765
166,cs.CL,MERIT-Rank formulates a Multi-Trajectory Reasoning Space (MTRS) that evaluates query-document relevance from multiple perspectives and introduces a joint reranker that consolidates these reasoning paths into a unified ranking decision.,scramble,2,Reasoning reasoning query-document multiple ranking that evaluates a unified a these a from joint into (MTRS) paths reranker consolidates MERIT-Rank that introduces formulates and Multi-Trajectory Space relevance perspectives,word order shuffled,0.34173718094825745,9.142702434365411
166,cs.CL,MERIT-Rank formulates a Multi-Trajectory Reasoning Space (MTRS) that evaluates query-document relevance from multiple perspectives and introduces a joint reranker that consolidates these reasoning paths into a unified ranking decision.,antonym,4,MERIT-Rank formulates a Multi-Trajectory Reasoning Space (MTRS) that evaluates query-document relevance from single perspectives and introduces a joint reranker that consolidates these reasoning paths into a unified ranking decision.,multiple -> single,0.9718776941299438,91.57103753711765
166,cs.CL,MERIT-Rank formulates a Multi-Trajectory Reasoning Space (MTRS) that evaluates query-document relevance from multiple perspectives and introduces a joint reranker that consolidates these reasoning paths into a unified ranking decision.,negation,5,It is not the case that mERIT-Rank formulates a Multi-Trajectory Reasoning Space (MTRS) that evaluates query-document relevance from multiple perspectives and introduces a joint reranker that consolidates these reasoning paths into a unified ranking decision.,prepended denial,0.8652404546737671,80.80175208290358
167,cs.CL,"We further develop Progressive Rank Policy Optimization (PRPO), a progressive training framework that stabilizes reasoning trajectories while continually improving ranking quality through staged optimization objectives.",identical,0,"We further develop Progressive Rank Policy Optimization (PRPO), a progressive training framework that stabilizes reasoning trajectories while continually improving ranking quality through staged optimization objectives.",unchanged,0.9999996423721313,100.00000000000004
167,cs.CL,"We further develop Progressive Rank Policy Optimization (PRPO), a progressive training framework that stabilizes reasoning trajectories while continually improving ranking quality through staged optimization objectives.",synonym,1,"We further develop Progressive Rank Policy Optimization (PRPO), a progressive training framework that stabilizes reasoning trajectory while continually improving ranking quality through staged optimization objectives.",trajectories -> trajectory,0.9700338244438171,90.61874434879648
167,cs.CL,"We further develop Progressive Rank Policy Optimization (PRPO), a progressive training framework that stabilizes reasoning trajectories while continually improving ranking quality through staged optimization objectives.",scramble,2,"ranking quality reasoning progressive staged while trajectories through We Progressive Policy develop Rank a improving optimization further (PRPO), stabilizes training framework that continually Optimization",word order shuffled,0.2903563380241394,17.114610314653017
167,cs.CL,"We further develop Progressive Rank Policy Optimization (PRPO), a progressive training framework that stabilizes reasoning trajectories while continually improving ranking quality through staged optimization objectives.",antonym,4,"We further develop Progressive Rank Policy Optimization (PRPO), a progressive training framework that stabilizes reasoning trajectories while continually worsen ranking quality through staged optimization objectives.",improving -> worsen,0.9438924789428711,90.61874434879648
167,cs.CL,"We further develop Progressive Rank Policy Optimization (PRPO), a progressive training framework that stabilizes reasoning trajectories while continually improving ranking quality through staged optimization objectives.",negation,5,"It is not the case that we further develop Progressive Rank Policy Optimization (PRPO), a progressive training framework that stabilizes reasoning trajectories while continually improving ranking quality through staged optimization objectives.",prepended denial,0.8533088564872742,79.07807125125278
168,cs.CL,Experiments on both reasoning-intensive and traditional retrieval benchmarks show that MERIT-Rank consistently achieves superior performance over competitive baselines.,identical,0,Experiments on both reasoning-intensive and traditional retrieval benchmarks show that MERIT-Rank consistently achieves superior performance over competitive baselines.,unchanged,1.0,100.00000000000004
168,cs.CL,Experiments on both reasoning-intensive and traditional retrieval benchmarks show that MERIT-Rank consistently achieves superior performance over competitive baselines.,synonym,1,experiment on both reasoning-intensive and traditional retrieval benchmarks show that MERIT-Rank consistently achieves superior performance over competitive baselines.,Experiments -> experiment,0.9176920652389526,94.2615147681512
168,cs.CL,Experiments on both reasoning-intensive and traditional retrieval benchmarks show that MERIT-Rank consistently achieves superior performance over competitive baselines.,scramble,2,achieves consistently on MERIT-Rank over retrieval performance superior Experiments that reasoning-intensive traditional show benchmarks competitive both and,word order shuffled,0.4114375710487366,4.128351988538179
168,cs.CL,Experiments on both reasoning-intensive and traditional retrieval benchmarks show that MERIT-Rank consistently achieves superior performance over competitive baselines.,antonym,4,Experiments on both reasoning-intensive and traditional retrieval benchmarks disprove that MERIT-Rank consistently achieves superior performance over competitive baselines.,show -> disprove,0.939198911190033,84.92326635760686
168,cs.CL,Experiments on both reasoning-intensive and traditional retrieval benchmarks show that MERIT-Rank consistently achieves superior performance over competitive baselines.,negation,5,It is not the case that experiments on both reasoning-intensive and traditional retrieval benchmarks show that MERIT-Rank consistently achieves superior performance over competitive baselines.,prepended denial,0.8374356627464294,70.13062757071812
169,cs.CL,The 4B model notably outperforms most 7B and even 32B rerankers on BRIGHT.,identical,0,The 4B model notably outperforms most 7B and even 32B rerankers on BRIGHT.,unchanged,1.0,100.00000000000004
169,cs.CL,The 4B model notably outperforms most 7B and even 32B rerankers on BRIGHT.,synonym,1,The 4B framework notably outperforms most 7B and even 32B rerankers on BRIGHT.,model -> framework,0.9504139423370361,80.91067115702207
169,cs.CL,The 4B model notably outperforms most 7B and even 32B rerankers on BRIGHT.,scramble,2,rerankers The and 4B model 7B 32B even outperforms on notably most,word order shuffled,0.26039373874664307,8.972971553870876
169,cs.CL,The 4B model notably outperforms most 7B and even 32B rerankers on BRIGHT.,antonym,4,The 4B model notably outperforms fewest 7B and even 32B rerankers on BRIGHT.,most -> fewest,0.8879685401916504,78.25422900366438
169,cs.CL,The 4B model notably outperforms most 7B and even 32B rerankers on BRIGHT.,negation,5,It is not the case that the 4B model notably outperforms most 7B and even 32B rerankers on BRIGHT.,prepended denial,0.8599494099617004,61.98021310128996
170,cs.CL,"We describe the architecture, training methodology and inference speedups of Granite 5.0 Turbo CTC, a 470 million parameter encoder-only model with an excellent speed-accuracy tradeoff.",identical,0,"We describe the architecture, training methodology and inference speedups of Granite 5.0 Turbo CTC, a 470 million parameter encoder-only model with an excellent speed-accuracy tradeoff.",unchanged,1.0,100.00000000000004
170,cs.CL,"We describe the architecture, training methodology and inference speedups of Granite 5.0 Turbo CTC, a 470 million parameter encoder-only model with an excellent speed-accuracy tradeoff.",synonym,1,"We describe the architecture, training methodology and inference speedups of Granite 5.0 Turbo CTC, a 470 million argument encoder-only model with an excellent speed-accuracy tradeoff.",parameter -> argument,0.9441608786582947,90.25139799587889
170,cs.CL,"We describe the architecture, training methodology and inference speedups of Granite 5.0 Turbo CTC, a 470 million parameter encoder-only model with an excellent speed-accuracy tradeoff.",scramble,2,"speed-accuracy 470 describe the excellent million CTC, speedups and architecture, with methodology Granite Turbo inference an of model encoder-only training 5.0 We parameter a",word order shuffled,0.3597540855407715,6.685452038081999
170,cs.CL,"We describe the architecture, training methodology and inference speedups of Granite 5.0 Turbo CTC, a 470 million parameter encoder-only model with an excellent speed-accuracy tradeoff.",number_swap,3,"We describe the architecture, training methodology and inference speedups of Granite 105.0 Turbo CTC, a 470 million parameter encoder-only model with an excellent speed-accuracy tradeoff.",5.0 -> 105.0,0.9577625393867493,90.25139799587889
170,cs.CL,"We describe the architecture, training methodology and inference speedups of Granite 5.0 Turbo CTC, a 470 million parameter encoder-only model with an excellent speed-accuracy tradeoff.",negation,5,"It is not the case that we describe the architecture, training methodology and inference speedups of Granite 5.0 Turbo CTC, a 470 million parameter encoder-only model with an excellent speed-accuracy tradeoff.",prepended denial,0.8749383091926575,78.43248197482684
171,cs.CL,"The architecture uses pyramidal temporal subsampling within Conformer blocks using strided depthwise convolutions, block-diagonal (chunk-wise) self-attention, and conditioning on intermediate predictions from the middle layer.",identical,0,"The architecture uses pyramidal temporal subsampling within Conformer blocks using strided depthwise convolutions, block-diagonal (chunk-wise) self-attention, and conditioning on intermediate predictions from the middle layer.",unchanged,0.9999992847442627,100.00000000000004
171,cs.CL,"The architecture uses pyramidal temporal subsampling within Conformer blocks using strided depthwise convolutions, block-diagonal (chunk-wise) self-attention, and conditioning on intermediate predictions from the middle layer.",synonym,1,"The architecture uses pyramidal temporal subsampling within Conformer blocks use strided depthwise convolutions, block-diagonal (chunk-wise) self-attention, and conditioning on intermediate predictions from the middle layer.",using -> use,0.9439952373504639,90.9593063222022
171,cs.CL,"The architecture uses pyramidal temporal subsampling within Conformer blocks using strided depthwise convolutions, block-diagonal (chunk-wise) self-attention, and conditioning on intermediate predictions from the middle layer.",scramble,2,"blocks The strided depthwise from using architecture Conformer (chunk-wise) intermediate the and predictions on within uses self-attention, middle conditioning temporal pyramidal subsampling convolutions, block-diagonal",word order shuffled,0.38302144408226013,12.660402061740117
171,cs.CL,"The architecture uses pyramidal temporal subsampling within Conformer blocks using strided depthwise convolutions, block-diagonal (chunk-wise) self-attention, and conditioning on intermediate predictions from the middle layer.",antonym,4,"The architecture uses pyramidal temporal subsampling within Conformer blocks using strided depthwise convolutions, block-diagonal (chunk-wise) self-attention, and conditioning on terminal predictions from the middle layer.",intermediate -> terminal,0.9780145883560181,90.9593063222022
171,cs.CL,"The architecture uses pyramidal temporal subsampling within Conformer blocks using strided depthwise convolutions, block-diagonal (chunk-wise) self-attention, and conditioning on intermediate predictions from the middle layer.",negation,5,"It is not the case that the architecture uses pyramidal temporal subsampling within Conformer blocks using strided depthwise convolutions, block-diagonal (chunk-wise) self-attention, and conditioning on intermediate predictions from the middle layer.",prepended denial,0.8821007609367371,79.68607481576657
172,cs.CL,"Training highlights are the use of only publicly available data, the novel use of a Muon optimizer, and balanced data sampling.",identical,0,"Training highlights are the use of only publicly available data, the novel use of a Muon optimizer, and balanced data sampling.",unchanged,1.0,100.00000000000004
172,cs.CL,"Training highlights are the use of only publicly available data, the novel use of a Muon optimizer, and balanced data sampling.",synonym,1,"Training highlights are the use of only publicly uncommitted data, the novel use of a Muon optimizer, and balanced data sampling.",available -> uncommitted,0.9128869771957397,88.43865924896839
172,cs.CL,"Training highlights are the use of only publicly available data, the novel use of a Muon optimizer, and balanced data sampling.",scramble,2,"use publicly Training data of a the the balanced novel of highlights available use optimizer, Muon only are data, and",word order shuffled,0.24487297236919403,8.123823171771393
172,cs.CL,"Training highlights are the use of only publicly available data, the novel use of a Muon optimizer, and balanced data sampling.",antonym,4,"Training highlights are the use of only publicly unavailable data, the novel use of a Muon optimizer, and balanced data sampling.",available -> unavailable,0.9767630100250244,88.43865924896839
172,cs.CL,"Training highlights are the use of only publicly available data, the novel use of a Muon optimizer, and balanced data sampling.",negation,5,"Training highlights are not the use of only publicly available data, the novel use of a Muon optimizer, and balanced data sampling.",inserted 'not' after 'are',0.9009535908699036,88.95260356363632
173,cs.CL,Inference speedups include replacing 1 x 1 convolutions with linear layers and optimizing the attention computation in the Conformer blocks.,identical,0,Inference speedups include replacing 1 x 1 convolutions with linear layers and optimizing the attention computation in the Conformer blocks.,unchanged,1.0,100.00000000000004
173,cs.CL,Inference speedups include replacing 1 x 1 convolutions with linear layers and optimizing the attention computation in the Conformer blocks.,synonym,1,Inference speedups include replacing 1 ten 1 convolutions with linear layers and optimizing the attention computation in the Conformer blocks.,x -> ten,0.8934037089347839,86.5603055254171
173,cs.CL,Inference speedups include replacing 1 x 1 convolutions with linear layers and optimizing the attention computation in the Conformer blocks.,scramble,2,linear the speedups 1 in layers computation convolutions optimizing the Conformer and replacing include x attention 1 with Inference,word order shuffled,0.33340078592300415,7.608682137399868
173,cs.CL,Inference speedups include replacing 1 x 1 convolutions with linear layers and optimizing the attention computation in the Conformer blocks.,number_swap,3,Inference speedups include replacing 26 x 1 convolutions with linear layers and optimizing the attention computation in the Conformer blocks.,1 -> 26,0.9512290358543396,86.5603055254171
173,cs.CL,Inference speedups include replacing 1 x 1 convolutions with linear layers and optimizing the attention computation in the Conformer blocks.,antonym,4,Inference speedups include replacing 1 x 1 convolutions with nonlinear layers and optimizing the attention computation in the Conformer blocks.,linear -> nonlinear,0.9591896533966064,86.5603055254171
173,cs.CL,Inference speedups include replacing 1 x 1 convolutions with linear layers and optimizing the attention computation in the Conformer blocks.,negation,5,It is not the case that inference speedups include replacing 1 x 1 convolutions with linear layers and optimizing the attention computation in the Conformer blocks.,prepended denial,0.8258050084114075,72.48600507984249
174,cs.CL,Tool learning enables large language models (LLMs) to use external tools for tasks beyond parametric knowledge.,identical,0,Tool learning enables large language models (LLMs) to use external tools for tasks beyond parametric knowledge.,unchanged,0.9999992847442627,100.00000000000004
174,cs.CL,Tool learning enables large language models (LLMs) to use external tools for tasks beyond parametric knowledge.,synonym,1,Tool learning enables large language model (LLMs) to use external tools for tasks beyond parametric knowledge.,models -> model,0.9747312664985657,84.92326635760686
174,cs.CL,Tool learning enables large language models (LLMs) to use external tools for tasks beyond parametric knowledge.,scramble,2,language to tools parametric models enables Tool tasks beyond learning for (LLMs) use large external,word order shuffled,0.2612625062465668,12.92244007675199
174,cs.CL,Tool learning enables large language models (LLMs) to use external tools for tasks beyond parametric knowledge.,antonym,4,Tool learning enables large language models (LLMs) to use internal tools for tasks beyond parametric knowledge.,external -> internal,0.9537915587425232,84.92326635760686
174,cs.CL,Tool learning enables large language models (LLMs) to use external tools for tasks beyond parametric knowledge.,negation,5,It is not the case that tool learning enables large language models (LLMs) to use external tools for tasks beyond parametric knowledge.,prepended denial,0.8290162682533264,70.13062757071812
175,cs.CL,"To address these problems, we propose MATCH, a closed-loop framework for model-aware tool learning with curriculum scheduling and hierarchically gated rewards.",identical,0,"To address these problems, we propose MATCH, a closed-loop framework for model-aware tool learning with curriculum scheduling and hierarchically gated rewards.",unchanged,0.9999992847442627,100.00000000000004
175,cs.CL,"To address these problems, we propose MATCH, a closed-loop framework for model-aware tool learning with curriculum scheduling and hierarchically gated rewards.",synonym,1,"To speak these problems, we propose MATCH, a closed-loop framework for model-aware tool learning with curriculum scheduling and hierarchically gated rewards.",address -> speak,0.924035906791687,92.10589320522861
175,cs.CL,"To address these problems, we propose MATCH, a closed-loop framework for model-aware tool learning with curriculum scheduling and hierarchically gated rewards.",scramble,2,"curriculum learning these MATCH, for propose and we address scheduling problems, gated model-aware framework closed-loop a tool with hierarchically To",word order shuffled,0.31836068630218506,6.8312937832976255
175,cs.CL,"To address these problems, we propose MATCH, a closed-loop framework for model-aware tool learning with curriculum scheduling and hierarchically gated rewards.",negation,5,"It is not the case that to address these problems, we propose MATCH, a closed-loop framework for model-aware tool learning with curriculum scheduling and hierarchically gated rewards.",prepended denial,0.8641685843467712,75.39450423083841
176,cs.CL,"Hierarchical Tool-call Gated Reward (HTGR) scores tool name, argument key, and argument value as a gated chain, granting credit at each level only when prerequisites hold.",identical,0,"Hierarchical Tool-call Gated Reward (HTGR) scores tool name, argument key, and argument value as a gated chain, granting credit at each level only when prerequisites hold.",unchanged,0.9999996423721313,100.00000000000004
176,cs.CL,"Hierarchical Tool-call Gated Reward (HTGR) scores tool name, argument key, and argument value as a gated chain, granting credit at each level only when prerequisites hold.",synonym,1,"Hierarchical Tool-call Gated Reward (HTGR) score tool name, argument key, and argument value as a gated chain, granting credit at each level only when prerequisites hold.",scores -> score,0.9526985287666321,91.57103753711765
176,cs.CL,"Hierarchical Tool-call Gated Reward (HTGR) scores tool name, argument key, and argument value as a gated chain, granting credit at each level only when prerequisites hold.",scramble,2,"Hierarchical a granting key, value and as Reward credit at gated argument chain, when argument name, only scores Gated level prerequisites (HTGR) each Tool-call tool",word order shuffled,0.3746282160282135,10.118063481312314
176,cs.CL,"Hierarchical Tool-call Gated Reward (HTGR) scores tool name, argument key, and argument value as a gated chain, granting credit at each level only when prerequisites hold.",antonym,4,"nonhierarchical Tool-call Gated Reward (HTGR) scores tool name, argument key, and argument value as a gated chain, granting credit at each level only when prerequisites hold.",Hierarchical -> nonhierarchical,0.9140537977218628,96.71682101338351
176,cs.CL,"Hierarchical Tool-call Gated Reward (HTGR) scores tool name, argument key, and argument value as a gated chain, granting credit at each level only when prerequisites hold.",negation,5,"It is not the case that hierarchical Tool-call Gated Reward (HTGR) scores tool name, argument key, and argument value as a gated chain, granting credit at each level only when prerequisites hold.",prepended denial,0.8050076365470886,80.80175208290358
177,cs.CL,"The same HTGR rewards drive both GRPO updates and MACL's difficulty refresh, closing the loop between policy optimization and sample scheduling.",identical,0,"The same HTGR rewards drive both GRPO updates and MACL's difficulty refresh, closing the loop between policy optimization and sample scheduling.",unchanged,1.0,100.00000000000004
177,cs.CL,"The same HTGR rewards drive both GRPO updates and MACL's difficulty refresh, closing the loop between policy optimization and sample scheduling.",synonym,1,"The same HTGR wages drive both GRPO updates and MACL's difficulty refresh, closing the loop between policy optimization and sample scheduling.",rewards -> wages,0.906767725944519,87.87419089273847
177,cs.CL,"The same HTGR rewards drive both GRPO updates and MACL's difficulty refresh, closing the loop between policy optimization and sample scheduling.",scramble,2,"same HTGR MACL's rewards and and difficulty drive updates closing both optimization the loop GRPO between refresh, policy sample The",word order shuffled,0.3887769281864166,7.8231635973815825
177,cs.CL,"The same HTGR rewards drive both GRPO updates and MACL's difficulty refresh, closing the loop between policy optimization and sample scheduling.",antonym,4,"The same HTGR rewards attract both GRPO updates and MACL's difficulty refresh, closing the loop between policy optimization and sample scheduling.",drive -> attract,0.9190330505371094,87.87419089273847
177,cs.CL,"The same HTGR rewards drive both GRPO updates and MACL's difficulty refresh, closing the loop between policy optimization and sample scheduling.",negation,5,"It is not the case that the same HTGR rewards drive both GRPO updates and MACL's difficulty refresh, closing the loop between policy optimization and sample scheduling.",prepended denial,0.8464946150779724,74.49602631369359
178,cs.CL,"On API-Bank and BFCL V3, MATCH reaches 72.19% and 62.87% overall accuracy, outperforming the main supervised and RL-based baselines.",identical,0,"On API-Bank and BFCL V3, MATCH reaches 72.19% and 62.87% overall accuracy, outperforming the main supervised and RL-based baselines.",unchanged,0.9999996423721313,100.00000000000004
178,cs.CL,"On API-Bank and BFCL V3, MATCH reaches 72.19% and 62.87% overall accuracy, outperforming the main supervised and RL-based baselines.",synonym,1,"On API-Bank and BFCL V3, MATCH reaches 72.19% and 62.87% overall accuracy, surpass the main supervised and RL-based baselines.",outperforming -> surpass,0.9294537901878357,88.43865924896839
178,cs.CL,"On API-Bank and BFCL V3, MATCH reaches 72.19% and 62.87% overall accuracy, outperforming the main supervised and RL-based baselines.",scramble,2,"MATCH API-Bank 72.19% On BFCL main overall outperforming 62.87% and accuracy, V3, RL-based supervised and the reaches and",word order shuffled,0.3633330166339874,8.99048822304192
178,cs.CL,"On API-Bank and BFCL V3, MATCH reaches 72.19% and 62.87% overall accuracy, outperforming the main supervised and RL-based baselines.",number_swap,3,"On API-Bank and BFCL V3, MATCH reaches 79.19% and 62.87% overall accuracy, outperforming the main supervised and RL-based baselines.",72.19% -> 79.19%,0.9889693260192871,88.43865924896839
178,cs.CL,"On API-Bank and BFCL V3, MATCH reaches 72.19% and 62.87% overall accuracy, outperforming the main supervised and RL-based baselines.",antonym,4,"On API-Bank and BFCL V3, MATCH reaches 72.19% and 62.87% overall accuracy, outperforming the main unsupervised and RL-based baselines.",supervised -> unsupervised,0.8440955877304077,88.43865924896839
178,cs.CL,"On API-Bank and BFCL V3, MATCH reaches 72.19% and 62.87% overall accuracy, outperforming the main supervised and RL-based baselines.",negation,5,"It is not the case that on API-Bank and BFCL V3, MATCH reaches 72.19% and 62.87% overall accuracy, outperforming the main supervised and RL-based baselines.",prepended denial,0.8916612267494202,75.39450423083841
179,cs.CL,Backbone experiments further show consistent improvements across four backbones from two model families.,identical,0,Backbone experiments further show consistent improvements across four backbones from two model families.,unchanged,1.0,100.00000000000004
179,cs.CL,Backbone experiments further show consistent improvements across four backbones from two model families.,synonym,1,Backbone experiments further show consistent improvements across four anchor from two model families.,backbones -> anchor,0.8427002429962158,78.25422900366438
179,cs.CL,Backbone experiments further show consistent improvements across four backbones from two model families.,scramble,2,experiments four two model backbones improvements from across consistent show further Backbone,word order shuffled,0.35022470355033875,8.972971553870876
179,cs.CL,Backbone experiments further show consistent improvements across four backbones from two model families.,antonym,4,Backbone experiments further show inconsistent improvements across four backbones from two model families.,consistent -> inconsistent,0.9535471796989441,78.25422900366438
179,cs.CL,Backbone experiments further show consistent improvements across four backbones from two model families.,negation,5,It is not the case that backbone experiments further show consistent improvements across four backbones from two model families.,prepended denial,0.7329890727996826,61.98021310128996
180,cs.CL,"We propose a discriminative adaptation that reads the final prompt token's hidden state through a classification head, producing a label in one forward pass without modifying the backbone.",identical,0,"We propose a discriminative adaptation that reads the final prompt token's hidden state through a classification head, producing a label in one forward pass without modifying the backbone.",unchanged,1.0,100.00000000000004
180,cs.CL,"We propose a discriminative adaptation that reads the final prompt token's hidden state through a classification head, producing a label in one forward pass without modifying the backbone.",synonym,1,"We propose a discriminative adaptation that reads the final prompt token's hidden state through a categorization head, producing a label in one forward pass without modifying the backbone.",classification -> categorization,0.9580065608024597,90.9593063222022
180,cs.CL,"We propose a discriminative adaptation that reads the final prompt token's hidden state through a classification head, producing a label in one forward pass without modifying the backbone.",scramble,2,"head, producing a reads through the in the that pass classification final forward prompt a adaptation without a We discriminative token's hidden propose label modifying state one",word order shuffled,0.18405000865459442,13.604487380342709
180,cs.CL,"We propose a discriminative adaptation that reads the final prompt token's hidden state through a classification head, producing a label in one forward pass without modifying the backbone.",negation,5,"It is not the case that we propose a discriminative adaptation that reads the final prompt token's hidden state through a classification head, producing a label in one forward pass without modifying the backbone.",prepended denial,0.8877545595169067,79.68607481576657
181,cs.CL,"Because this readout starts from the hidden state the model would otherwise decode, it gives a controlled comparison of generative and discriminative inference in an otherwise identical speechLLM.",identical,0,"Because this readout starts from the hidden state the model would otherwise decode, it gives a controlled comparison of generative and discriminative inference in an otherwise identical speechLLM.",unchanged,0.9999996423721313,100.00000000000004
181,cs.CL,"Because this readout starts from the hidden state the model would otherwise decode, it gives a controlled comparison of generative and discriminative inference in an otherwise identical speechLLM.",synonym,1,"Because this readout starts from the concealed state the model would otherwise decode, it gives a controlled comparison of generative and discriminative inference in an otherwise identical speechLLM.",hidden -> concealed,0.9251837134361267,90.9593063222022
181,cs.CL,"Because this readout starts from the hidden state the model would otherwise decode, it gives a controlled comparison of generative and discriminative inference in an otherwise identical speechLLM.",scramble,2,"model controlled inference it Because generative this in gives the decode, otherwise hidden the and of state would readout otherwise comparison from an starts identical a discriminative",word order shuffled,0.23556503653526306,4.809912640603571
181,cs.CL,"Because this readout starts from the hidden state the model would otherwise decode, it gives a controlled comparison of generative and discriminative inference in an otherwise identical speechLLM.",antonym,4,"Because this readout starts from the hidden state the model would otherwise decode, it take a controlled comparison of generative and discriminative inference in an otherwise identical speechLLM.",gives -> take,0.9148529767990112,90.9593063222022
181,cs.CL,"Because this readout starts from the hidden state the model would otherwise decode, it gives a controlled comparison of generative and discriminative inference in an otherwise identical speechLLM.",negation,5,"Because this readout starts from the hidden state the model would not otherwise decode, it gives a controlled comparison of generative and discriminative inference in an otherwise identical speechLLM.",inserted 'not' after 'would',0.9528401494026184,91.27592114472296
182,cs.CL,"We keep the head a single linear layer, trading little accuracy for interpretability: each emotion becomes one direction in the LLM output token space, revealing associated tokens.",identical,0,"We keep the head a single linear layer, trading little accuracy for interpretability: each emotion becomes one direction in the LLM output token space, revealing associated tokens.",unchanged,1.0,100.00000000000004
182,cs.CL,"We keep the head a single linear layer, trading little accuracy for interpretability: each emotion becomes one direction in the LLM output token space, revealing associated tokens.",synonym,1,"We keep the head a single additive layer, trading little accuracy for interpretability: each emotion becomes one direction in the LLM output token space, revealing associated tokens.",linear -> additive,0.9677220582962036,91.27592114472296
182,cs.CL,"We keep the head a single linear layer, trading little accuracy for interpretability: each emotion becomes one direction in the LLM output token space, revealing associated tokens.",scramble,2,"token single space, the head trading We for in direction one the output each emotion associated layer, revealing a accuracy keep interpretability: little becomes linear LLM",word order shuffled,0.3037464916706085,7.33567676190236
182,cs.CL,"We keep the head a single linear layer, trading little accuracy for interpretability: each emotion becomes one direction in the LLM output token space, revealing associated tokens.",antonym,4,"We discontinue the head a single linear layer, trading little accuracy for interpretability: each emotion becomes one direction in the LLM output token space, revealing associated tokens.",keep -> discontinue,0.8993206024169922,94.00357170187866
182,cs.CL,"We keep the head a single linear layer, trading little accuracy for interpretability: each emotion becomes one direction in the LLM output token space, revealing associated tokens.",negation,5,"It is not the case that we keep the head a single linear layer, trading little accuracy for interpretability: each emotion becomes one direction in the LLM output token space, revealing associated tokens.",prepended denial,0.8598123788833618,80.25968769328762
183,cs.CL,"On IEMOCAP, across two speechLLM architectures, it improves Macro F1 and removes hallucinations, with largest gains on realistic ASR transcripts.",identical,0,"On IEMOCAP, across two speechLLM architectures, it improves Macro F1 and removes hallucinations, with largest gains on realistic ASR transcripts.",unchanged,0.9999992847442627,100.00000000000004
183,cs.CL,"On IEMOCAP, across two speechLLM architectures, it improves Macro F1 and removes hallucinations, with largest gains on realistic ASR transcripts.",synonym,1,"On IEMOCAP, across two speechLLM architectures, it better Macro F1 and removes hallucinations, with largest gains on realistic ASR transcripts.",improves -> better,0.9203881025314331,88.43865924896839
183,cs.CL,"On IEMOCAP, across two speechLLM architectures, it improves Macro F1 and removes hallucinations, with largest gains on realistic ASR transcripts.",scramble,2,"removes Macro speechLLM hallucinations, ASR largest improves realistic On on with gains across it F1 and two IEMOCAP, architectures,",word order shuffled,0.18913447856903076,8.123823171771393
183,cs.CL,"On IEMOCAP, across two speechLLM architectures, it improves Macro F1 and removes hallucinations, with largest gains on realistic ASR transcripts.",antonym,4,"On IEMOCAP, across two speechLLM architectures, it worsen Macro F1 and removes hallucinations, with largest gains on realistic ASR transcripts.",improves -> worsen,0.9245667457580566,88.43865924896839
183,cs.CL,"On IEMOCAP, across two speechLLM architectures, it improves Macro F1 and removes hallucinations, with largest gains on realistic ASR transcripts.",negation,5,"It is not the case that on IEMOCAP, across two speechLLM architectures, it improves Macro F1 and removes hallucinations, with largest gains on realistic ASR transcripts.",prepended denial,0.8767514228820801,75.39450423083841
184,cs.CL,Our analysis reveals that these emotion directions encode indirect associations mirroring biases in web-scale text.,identical,0,Our analysis reveals that these emotion directions encode indirect associations mirroring biases in web-scale text.,unchanged,1.0,100.00000000000004
184,cs.CL,Our analysis reveals that these emotion directions encode indirect associations mirroring biases in web-scale text.,synonym,1,Our analysis reveals that these emotion directions encode indirect associations mirror biases in web-scale text.,mirroring -> mirror,0.9138129353523254,81.53551038173119
184,cs.CL,Our analysis reveals that these emotion directions encode indirect associations mirroring biases in web-scale text.,scramble,2,biases associations encode mirroring in these that Our directions reveals indirect web-scale emotion analysis,word order shuffled,0.376998633146286,4.761936685889798
184,cs.CL,Our analysis reveals that these emotion directions encode indirect associations mirroring biases in web-scale text.,antonym,4,Our analysis reveals that these emotion directions decode indirect associations mirroring biases in web-scale text.,encode -> decode,0.9147929549217224,81.53551038173119
184,cs.CL,Our analysis reveals that these emotion directions encode indirect associations mirroring biases in web-scale text.,negation,5,It is not the case that our analysis reveals that these emotion directions encode indirect associations mirroring biases in web-scale text.,prepended denial,0.821740448474884,65.7248464608846
185,cs.CL,"This paper builds a theoretical bridge between the economic notion of marginal utility and two machine-learning constructs, matrix factorization and the Key--Value cache of transformer language models.",identical,0,"This paper builds a theoretical bridge between the economic notion of marginal utility and two machine-learning constructs, matrix factorization and the Key--Value cache of transformer language models.",unchanged,1.0,100.00000000000004
185,cs.CL,"This paper builds a theoretical bridge between the economic notion of marginal utility and two machine-learning constructs, matrix factorization and the Key--Value cache of transformer language models.",synonym,1,"This paper builds a theoretical bridge between the economic notion of fringy utility and two machine-learning constructs, matrix factorization and the Key--Value cache of transformer language models.",marginal -> fringy,0.9143427014350891,90.61874434879648
185,cs.CL,"This paper builds a theoretical bridge between the economic notion of marginal utility and two machine-learning constructs, matrix factorization and the Key--Value cache of transformer language models.",scramble,2,"two machine-learning factorization Key--Value bridge notion language transformer economic utility and theoretical builds the This the paper a between of matrix and marginal constructs, of cache",word order shuffled,0.21717730164527893,6.502145831547096
185,cs.CL,"This paper builds a theoretical bridge between the economic notion of marginal utility and two machine-learning constructs, matrix factorization and the Key--Value cache of transformer language models.",antonym,4,"This paper builds a empirical bridge between the economic notion of marginal utility and two machine-learning constructs, matrix factorization and the Key--Value cache of transformer language models.",theoretical -> empirical,0.9334695935249329,90.61874434879648
185,cs.CL,"This paper builds a theoretical bridge between the economic notion of marginal utility and two machine-learning constructs, matrix factorization and the Key--Value cache of transformer language models.",negation,5,"It is not the case that this paper builds a theoretical bridge between the economic notion of marginal utility and two machine-learning constructs, matrix factorization and the Key--Value cache of transformer language models.",prepended denial,0.8858428597450256,79.07807125125278
186,cs.CL,The three collapse into a single allocation rule: retain the top dimensions whose eigenvalue exceeds the shadow price of the binding constraint.,identical,0,The three collapse into a single allocation rule: retain the top dimensions whose eigenvalue exceeds the shadow price of the binding constraint.,unchanged,0.9999996423721313,100.00000000000004
186,cs.CL,The three collapse into a single allocation rule: retain the top dimensions whose eigenvalue exceeds the shadow price of the binding constraint.,synonym,1,The three collapse into a single allocation rule: retain the top dimension whose eigenvalue exceeds the shadow price of the binding constraint.,dimensions -> dimension,0.9860967397689819,88.43865924896839
186,cs.CL,The three collapse into a single allocation rule: retain the top dimensions whose eigenvalue exceeds the shadow price of the binding constraint.,scramble,2,exceeds dimensions price single top the of the a the collapse eigenvalue shadow three allocation binding whose into The retain rule:,word order shuffled,0.15971820056438446,6.8312937832976255
186,cs.CL,The three collapse into a single allocation rule: retain the top dimensions whose eigenvalue exceeds the shadow price of the binding constraint.,antonym,4,The three collapse into a single allocation rule: retain the bottom dimensions whose eigenvalue exceeds the shadow price of the binding constraint.,top -> bottom,0.97942054271698,88.43865924896839
186,cs.CL,The three collapse into a single allocation rule: retain the top dimensions whose eigenvalue exceeds the shadow price of the binding constraint.,negation,5,It is not the case that the three collapse into a single allocation rule: retain the top dimensions whose eigenvalue exceeds the shadow price of the binding constraint.,prepended denial,0.8377647995948792,75.39450423083841
187,cs.CL,"The full-scale extraction benchmark, including LoRA fine-tuning, is reported as projected rather than measured and remains an empirical extension of this work.",identical,0,"The full-scale extraction benchmark, including LoRA fine-tuning, is reported as projected rather than measured and remains an empirical extension of this work.",unchanged,1.0,100.00000000000004
187,cs.CL,"The full-scale extraction benchmark, including LoRA fine-tuning, is reported as projected rather than measured and remains an empirical extension of this work.",synonym,1,"The full-scale extraction benchmark, including LoRA fine-tuning, is reported as projected rather than measured and remains an empiric extension of this work.",empirical -> empiric,0.976250946521759,88.95260356363632
187,cs.CL,"The full-scale extraction benchmark, including LoRA fine-tuning, is reported as projected rather than measured and remains an empirical extension of this work.",scramble,2,"reported fine-tuning, empirical remains The including of this benchmark, rather and projected full-scale LoRA than measured extension extraction as is an",word order shuffled,0.29330453276634216,7.8624839284648145
187,cs.CL,"The full-scale extraction benchmark, including LoRA fine-tuning, is reported as projected rather than measured and remains an empirical extension of this work.",antonym,4,"The full-scale extraction benchmark, including LoRA fine-tuning, differ reported as projected rather than measured and remains an empirical extension of this work.",is -> differ,0.9361575245857239,88.95260356363632
187,cs.CL,"The full-scale extraction benchmark, including LoRA fine-tuning, is reported as projected rather than measured and remains an empirical extension of this work.",negation,5,"The full-scale extraction benchmark, including LoRA fine-tuning, is not reported as projected rather than measured and remains an empirical extension of this work.",inserted 'not' after 'is',0.9495822191238403,89.42255541978513
188,cs.CL,"AI systems can strengthen democracy by supporting deliberation at scale by addressing cognitive, social, platform-design, and market-driven frictions, while preserving human agency.",identical,0,"AI systems can strengthen democracy by supporting deliberation at scale by addressing cognitive, social, platform-design, and market-driven frictions, while preserving human agency.",unchanged,1.0,100.00000000000004
188,cs.CL,"AI systems can strengthen democracy by supporting deliberation at scale by addressing cognitive, social, platform-design, and market-driven frictions, while preserving human agency.",synonym,1,"AI systems can strengthen democracy by supporting deliberation at scurf by addressing cognitive, social, platform-design, and market-driven frictions, while preserving human agency.",scale -> scurf,0.8625175952911377,89.85396083419644
188,cs.CL,"AI systems can strengthen democracy by supporting deliberation at scale by addressing cognitive, social, platform-design, and market-driven frictions, while preserving human agency.",scramble,2,"human at systems addressing social, by can cognitive, supporting market-driven by AI while platform-design, democracy and preserving scale strengthen frictions, deliberation",word order shuffled,0.3592158555984497,7.394494715260444
188,cs.CL,"AI systems can strengthen democracy by supporting deliberation at scale by addressing cognitive, social, platform-design, and market-driven frictions, while preserving human agency.",antonym,4,"AI systems can weaken democracy by supporting deliberation at scale by addressing cognitive, social, platform-design, and market-driven frictions, while preserving human agency.",strengthen -> weaken,0.9626368880271912,89.85396083419644
188,cs.CL,"AI systems can strengthen democracy by supporting deliberation at scale by addressing cognitive, social, platform-design, and market-driven frictions, while preserving human agency.",negation,5,"AI systems can not strengthen democracy by supporting deliberation at scale by addressing cognitive, social, platform-design, and market-driven frictions, while preserving human agency.",inserted 'not' after 'can',0.9391798377037048,90.25139799587889
189,cs.CL,"We also address critical challenges, including alignment, sycophancy, training bias, and over-reliance on AI systems.",identical,0,"We also address critical challenges, including alignment, sycophancy, training bias, and over-reliance on AI systems.",unchanged,1.0,100.00000000000004
189,cs.CL,"We also address critical challenges, including alignment, sycophancy, training bias, and over-reliance on AI systems.",synonym,1,"We also address critical challenges, include alignment, sycophancy, training bias, and over-reliance on AI systems.",including -> include,0.9596823453903198,85.78928092681431
189,cs.CL,"We also address critical challenges, including alignment, sycophancy, training bias, and over-reliance on AI systems.",scramble,2,"including over-reliance alignment, We critical AI and address bias, sycophancy, also challenges, on training",word order shuffled,0.4288548231124878,14.078779883814516
189,cs.CL,"We also address critical challenges, including alignment, sycophancy, training bias, and over-reliance on AI systems.",antonym,4,"We also address critical challenges, exclude alignment, sycophancy, training bias, and over-reliance on AI systems.",including -> exclude,0.8823885917663574,85.78928092681431
189,cs.CL,"We also address critical challenges, including alignment, sycophancy, training bias, and over-reliance on AI systems.",negation,5,"It is not the case that we also address critical challenges, including alignment, sycophancy, training bias, and over-reliance on AI systems.",prepended denial,0.8458147644996643,71.35684569113663
190,cs.CL,"We call on the machine learning community to develop deliberation-focused AI systems evaluated not on engagement metrics but on their capacity to facilitate informed, representative, and friction-robust discourse.",identical,0,"We call on the machine learning community to develop deliberation-focused AI systems evaluated not on engagement metrics but on their capacity to facilitate informed, representative, and friction-robust discourse.",unchanged,1.0,100.00000000000004
190,cs.CL,"We call on the machine learning community to develop deliberation-focused AI systems evaluated not on engagement metrics but on their capacity to facilitate informed, representative, and friction-robust discourse.",synonym,1,"We call on the machine learning community to develop deliberation-focused AI systems evaluated not on engagement metrics but on their capability to facilitate informed, representative, and friction-robust discourse.",capacity -> capability,0.9929742217063904,91.27592114472296
190,cs.CL,"We call on the machine learning community to develop deliberation-focused AI systems evaluated not on engagement metrics but on their capacity to facilitate informed, representative, and friction-robust discourse.",scramble,2,"learning evaluated representative, on on AI community call machine the metrics develop systems but and to facilitate on to capacity deliberation-focused engagement friction-robust We informed, their not",word order shuffled,0.1260223090648651,6.16854429254367
190,cs.CL,"We call on the machine learning community to develop deliberation-focused AI systems evaluated not on engagement metrics but on their capacity to facilitate informed, representative, and friction-robust discourse.",negation,5,"It is not the case that we call on the machine learning community to develop deliberation-focused AI systems evaluated not on engagement metrics but on their capacity to facilitate informed, representative, and friction-robust discourse.",prepended denial,0.8709002137184143,80.25968769328762
191,cs.CL,A coding agent halfway through an issue has already read much of what a retriever ranks highest.,identical,0,A coding agent halfway through an issue has already read much of what a retriever ranks highest.,unchanged,0.9999996423721313,100.00000000000004
191,cs.CL,A coding agent halfway through an issue has already read much of what a retriever ranks highest.,synonym,1,A cryptography agent halfway through an issue has already read much of what a retriever ranks highest.,coding -> cryptography,0.8860822916030884,89.15993127600096
191,cs.CL,A coding agent halfway through an issue has already read much of what a retriever ranks highest.,scramble,2,much coding retriever has read what already agent A a halfway issue ranks an through of,word order shuffled,0.21640247106552124,4.3164581491885725
191,cs.CL,A coding agent halfway through an issue has already read much of what a retriever ranks highest.,antonym,4,A coding agent halfway through an issue lack already read much of what a retriever ranks highest.,has -> lack,0.8672358393669128,83.94327083733333
191,cs.CL,A coding agent halfway through an issue has already read much of what a retriever ranks highest.,negation,5,A coding agent halfway through an issue has not already read much of what a retriever ranks highest.,inserted 'not' after 'has',0.9104759097099304,84.92326635760686
192,cs.CL,"Relevance is scored per passage, but sufficiency belongs to the set: a ranker can fill its budget with variants of one required fact and leave the decision unsupported.",identical,0,"Relevance is scored per passage, but sufficiency belongs to the set: a ranker can fill its budget with variants of one required fact and leave the decision unsupported.",unchanged,1.0,100.00000000000004
192,cs.CL,"Relevance is scored per passage, but sufficiency belongs to the set: a ranker can fill its budget with variants of one required fact and leave the decision unsupported.",synonym,1,"Relevance is scored per passage, but sufficiency belongs to the set: a ranker can fill its budget with variants of one required fact and leave the determination unsupported.",decision -> determination,0.9571272134780884,92.21220693827685
192,cs.CL,"Relevance is scored per passage, but sufficiency belongs to the set: a ranker can fill its budget with variants of one required fact and leave the decision unsupported.",scramble,2,"the budget fact can Relevance belongs fill required but ranker one a to and decision variants is passage, leave sufficiency its the set: of with scored per",word order shuffled,0.09790355712175369,9.374160163994274
192,cs.CL,"Relevance is scored per passage, but sufficiency belongs to the set: a ranker can fill its budget with variants of one required fact and leave the decision unsupported.",antonym,4,"Relevance is scored per passage, but sufficiency belongs to the set: a ranker can fill its budget with variants of one required fact and arrive the decision unsupported.",leave -> arrive,0.913201630115509,91.27592114472296
192,cs.CL,"Relevance is scored per passage, but sufficiency belongs to the set: a ranker can fill its budget with variants of one required fact and leave the decision unsupported.",negation,5,"Relevance is not scored per passage, but sufficiency belongs to the set: a ranker can fill its budget with variants of one required fact and leave the decision unsupported.",inserted 'not' after 'is',0.9552695751190186,92.47332419808174
193,cs.CL,"We formulate state-conditioned minimal sufficient evidence recovery: given a captured agent state, recover a compact evidence combination that supplies the support its next decision still lacks.",identical,0,"We formulate state-conditioned minimal sufficient evidence recovery: given a captured agent state, recover a compact evidence combination that supplies the support its next decision still lacks.",unchanged,1.0000007152557373,100.00000000000004
193,cs.CL,"We formulate state-conditioned minimal sufficient evidence recovery: given a captured agent state, recover a compact evidence combination that supplies the support its next decision still lacks.",synonym,1,"We formulate state-conditioned minimal sufficient evidence recovery: give a captured agent state, recover a compact evidence combination that supplies the support its next decision still lacks.",given -> give,0.9288424849510193,90.61874434879648
193,cs.CL,"We formulate state-conditioned minimal sufficient evidence recovery: given a captured agent state, recover a compact evidence combination that supplies the support its next decision still lacks.",scramble,2,"supplies evidence that state-conditioned combination still state, its the recover a captured compact evidence agent We minimal recovery: given formulate next decision a sufficient support",word order shuffled,0.2279275506734848,11.364907357715731
193,cs.CL,"We formulate state-conditioned minimal sufficient evidence recovery: given a captured agent state, recover a compact evidence combination that supplies the support its next decision still lacks.",antonym,4,"We formulate state-conditioned minimal sufficient evidence recovery: given a captured agent state, recover a compact evidence combination that recall the support its next decision still lacks.",supplies -> recall,0.9172746539115906,90.61874434879648
193,cs.CL,"We formulate state-conditioned minimal sufficient evidence recovery: given a captured agent state, recover a compact evidence combination that supplies the support its next decision still lacks.",negation,5,"It is not the case that we formulate state-conditioned minimal sufficient evidence recovery: given a captured agent state, recover a compact evidence combination that supplies the support its next decision still lacks.",prepended denial,0.8607807159423828,79.07807125125278
194,cs.CL,"Three semantic calls propose a jointly sufficient set, search for what it lacks, and return 4-8 intact source units within 6,144 tokens.",identical,0,"Three semantic calls propose a jointly sufficient set, search for what it lacks, and return 4-8 intact source units within 6,144 tokens.",unchanged,0.9999996423721313,100.00000000000004
194,cs.CL,"Three semantic calls propose a jointly sufficient set, search for what it lacks, and return 4-8 intact source units within 6,144 tokens.",synonym,1,"Three semantic calls propose a jointly sufficient set, search for what it lacks, and return 4-8 integral source units within 6,144 tokens.",intact -> integral,0.9590808749198914,89.85396083419644
194,cs.CL,"Three semantic calls propose a jointly sufficient set, search for what it lacks, and return 4-8 intact source units within 6,144 tokens.",scramble,2,"and within for it intact Three 6,144 4-8 search semantic return what set, propose units source a calls sufficient lacks, jointly",word order shuffled,0.2564249038696289,10.457394713217496
194,cs.CL,"Three semantic calls propose a jointly sufficient set, search for what it lacks, and return 4-8 intact source units within 6,144 tokens.",number_swap,3,"Three semantic calls propose a jointly sufficient set, search for what it lacks, and return 4-8 intact source units within 9,144 tokens.","6,144 -> 9,144",0.9917211532592773,90.95666970593142
194,cs.CL,"Three semantic calls propose a jointly sufficient set, search for what it lacks, and return 4-8 intact source units within 6,144 tokens.",antonym,4,"Three semantic calls propose a jointly insufficient set, search for what it lacks, and return 4-8 intact source units within 6,144 tokens.",sufficient -> insufficient,0.9722697138786316,89.85396083419644
194,cs.CL,"Three semantic calls propose a jointly sufficient set, search for what it lacks, and return 4-8 intact source units within 6,144 tokens.",negation,5,"It is not the case that three semantic calls propose a jointly sufficient set, search for what it lacks, and return 4-8 intact source units within 6,144 tokens.",prepended denial,0.8086240291595459,77.74570245775203
195,cs.CL,"A matched control ranking by similarity alone reaches 66.6%, placing the gain in the set-level policy, not the computation.",identical,0,"A matched control ranking by similarity alone reaches 66.6%, placing the gain in the set-level policy, not the computation.",unchanged,0.9999996423721313,100.00000000000004
195,cs.CL,"A matched control ranking by similarity alone reaches 66.6%, placing the gain in the set-level policy, not the computation.",synonym,1,"A matched control ranking by similarity alone reaches 66.6%, placing the addition in the set-level policy, not the computation.",gain -> addition,0.9153618812561035,87.87419089273847
195,cs.CL,"A matched control ranking by similarity alone reaches 66.6%, placing the gain in the set-level policy, not the computation.",scramble,2,"matched the 66.6%, gain set-level policy, placing the the similarity control in alone ranking not reaches A by",word order shuffled,0.239641934633255,17.315507416159843
195,cs.CL,"A matched control ranking by similarity alone reaches 66.6%, placing the gain in the set-level policy, not the computation.",antonym,4,"A disagree control ranking by similarity alone reaches 66.6%, placing the gain in the set-level policy, not the computation.",matched -> disagree,0.913311779499054,91.73176373893106
195,cs.CL,"A matched control ranking by similarity alone reaches 66.6%, placing the gain in the set-level policy, not the computation.",negation,5,"It is not the case that a matched control ranking by similarity alone reaches 66.6%, placing the gain in the set-level policy, not the computation.",prepended denial,0.817744791507721,74.49602631369359
196,cs.CL,"From frozen repository source with no gold-derived pool, the lead is 5.0 points.",identical,0,"From frozen repository source with no gold-derived pool, the lead is 5.0 points.",unchanged,1.0,100.00000000000004
196,cs.CL,"From frozen repository source with no gold-derived pool, the lead is 5.0 points.",synonym,1,"From rooted repository source with no gold-derived pool, the lead is 5.0 points.",frozen -> rooted,0.9388185739517212,86.66415730847507
196,cs.CL,"From frozen repository source with no gold-derived pool, the lead is 5.0 points.",scramble,2,"pool, frozen with 5.0 the gold-derived source lead no is repository From",word order shuffled,0.2685224711894989,8.458035132715262
196,cs.CL,"From frozen repository source with no gold-derived pool, the lead is 5.0 points.",number_swap,3,"From frozen repository source with no gold-derived pool, the lead is 16.0 points.",5.0 -> 16.0,0.9776632189750671,82.42367502646057
196,cs.CL,"From frozen repository source with no gold-derived pool, the lead is 5.0 points.",antonym,4,"From frozen repository source with no gold-derived pool, the lead differ 5.0 points.",is -> differ,0.8792235255241394,80.03203203845001
196,cs.CL,"From frozen repository source with no gold-derived pool, the lead is 5.0 points.",negation,5,"From frozen repository source with no gold-derived pool, the lead is not 5.0 points.",inserted 'not' after 'is',0.9295127391815186,81.53551038173119
197,cs.CL,"On AMA-Bench it answers from a 76.2% smaller answer prompt, with accuracy 2.08 points above that benchmark's own memory agent.",identical,0,"On AMA-Bench it answers from a 76.2% smaller answer prompt, with accuracy 2.08 points above that benchmark's own memory agent.",unchanged,1.0,100.00000000000004
197,cs.CL,"On AMA-Bench it answers from a 76.2% smaller answer prompt, with accuracy 2.08 points above that benchmark's own memory agent.",synonym,1,"On AMA-Bench it answers from a 76.2% smaller answer prompt, with accuracy 2.08 points above that benchmark's ain memory agent.",own -> ain,0.9398356676101685,87.87419089273847
197,cs.CL,"On AMA-Bench it answers from a 76.2% smaller answer prompt, with accuracy 2.08 points above that benchmark's own memory agent.",scramble,2,"76.2% from above prompt, benchmark's with 2.08 AMA-Bench memory own answer a that points answers On accuracy smaller it",word order shuffled,0.2888162136077881,7.069026301161597
197,cs.CL,"On AMA-Bench it answers from a 76.2% smaller answer prompt, with accuracy 2.08 points above that benchmark's own memory agent.",number_swap,3,"On AMA-Bench it answers from a 83.2% smaller answer prompt, with accuracy 2.08 points above that benchmark's own memory agent.",76.2% -> 83.2%,0.958605170249939,87.87419089273847
197,cs.CL,"On AMA-Bench it answers from a 76.2% smaller answer prompt, with accuracy 2.08 points above that benchmark's own memory agent.",antonym,4,"On AMA-Bench it answers from a 76.2% large answer prompt, with accuracy 2.08 points above that benchmark's own memory agent.",smaller -> large,0.9404141306877136,87.87419089273847
197,cs.CL,"On AMA-Bench it answers from a 76.2% smaller answer prompt, with accuracy 2.08 points above that benchmark's own memory agent.",negation,5,"It is not the case that on AMA-Bench it answers from a 76.2% smaller answer prompt, with accuracy 2.08 points above that benchmark's own memory agent.",prepended denial,0.8798179030418396,74.49602631369359
198,cs.CL,Removing one required group from an otherwise complete set costs 12.3 and 11.1 points of repair-localization precision under two executors.,identical,0,Removing one required group from an otherwise complete set costs 12.3 and 11.1 points of repair-localization precision under two executors.,unchanged,0.9999996423721313,100.00000000000004
198,cs.CL,Removing one required group from an otherwise complete set costs 12.3 and 11.1 points of repair-localization precision under two executors.,synonym,1,Removing one required group from an otherwise complete circle costs 12.3 and 11.1 points of repair-localization precision under two executors.,set -> circle,0.9530050754547119,86.5603055254171
198,cs.CL,Removing one required group from an otherwise complete set costs 12.3 and 11.1 points of repair-localization precision under two executors.,scramble,2,otherwise under complete from an group and set points repair-localization 11.1 two precision required one costs Removing of 12.3,word order shuffled,0.2261561006307602,6.398113534144522
198,cs.CL,Removing one required group from an otherwise complete set costs 12.3 and 11.1 points of repair-localization precision under two executors.,number_swap,3,Removing one required group from an otherwise complete set costs 112.3 and 11.1 points of repair-localization precision under two executors.,12.3 -> 112.3,0.9709764719009399,86.5603055254171
198,cs.CL,Removing one required group from an otherwise complete set costs 12.3 and 11.1 points of repair-localization precision under two executors.,antonym,4,Removing one obviate group from an otherwise complete set costs 12.3 and 11.1 points of repair-localization precision under two executors.,required -> obviate,0.9143469333648682,88.06626677278207
198,cs.CL,Removing one required group from an otherwise complete set costs 12.3 and 11.1 points of repair-localization precision under two executors.,negation,5,It is not the case that removing one required group from an otherwise complete set costs 12.3 and 11.1 points of repair-localization precision under two executors.,prepended denial,0.8676380515098572,72.48600507984249
199,cs.CL,Retrieval for agents is better posed as recovering what a decision lacks than re-ranking what an issue resembles.,identical,0,Retrieval for agents is better posed as recovering what a decision lacks than re-ranking what an issue resembles.,unchanged,1.0,100.00000000000004
199,cs.CL,Retrieval for agents is better posed as recovering what a decision lacks than re-ranking what an issue resembles.,synonym,1,Retrieval for agents is better posed as recover what a decision lacks than re-ranking what an issue resembles.,recovering -> recover,0.908230185508728,84.92326635760686
199,cs.CL,Retrieval for agents is better posed as recovering what a decision lacks than re-ranking what an issue resembles.,scramble,2,re-ranking posed a than as an decision what issue is lacks for what agents better recovering Retrieval,word order shuffled,0.1875053346157074,4.128351988538179
199,cs.CL,Retrieval for agents is better posed as recovering what a decision lacks than re-ranking what an issue resembles.,antonym,4,Retrieval for agents is better posed as recovering what a decision have than re-ranking what an issue resembles.,lacks -> have,0.8882620334625244,84.92326635760686
199,cs.CL,Retrieval for agents is better posed as recovering what a decision lacks than re-ranking what an issue resembles.,negation,5,Retrieval for agents is not better posed as recovering what a decision lacks than re-ranking what an issue resembles.,inserted 'not' after 'is',0.9402608871459961,85.78928092681431
